Date,AAPL,AMZN,JNJ,JPM,KO,MSFT,SPY,WMT,XOM
2007-01-03,2.5064268112182617,1.934999942779541,37.44733810424805,29.11396026611328,13.337921142578125,20.988908767700195,98.62456512451172,10.658486366271973,37.5244140625
2007-01-04,2.5620594024658203,1.9450000524520874,37.91543197631836,29.186614990234375,13.343405723571777,20.95376205444336,98.83390808105469,10.710041999816895,36.820587158203125
2007-01-05,2.5438127517700195,1.9184999465942383,37.5714111328125,28.944364547729492,13.250061988830566,20.834266662597656,98.04552459716797,10.622623443603516,37.083892822265625
2007-01-08,2.5563762187957764,1.875,37.50938415527344,29.041276931762695,13.33517074584961,21.03810691833496,98.49900817871094,10.535201072692871,36.7851448059082
2007-01-09,2.76873517036438,1.8890000581741333,37.36838912963867,28.920141220092773,13.346151351928711,21.0592041015625,98.41529083251953,10.622623443603516,36.50160598754883
2007-01-10,2.9012348651885986,1.8574999570846558,37.306358337402344,29.132108688354492,13.365374565124512,20.84833526611328,98.74319458007812,10.597967147827148,35.94463348388672
2007-01-11,2.8653433322906494,1.8700000047683716,37.633453369140625,29.259305953979492,13.381843566894531,21.5793514251709,99.17571258544922,10.669696807861328,35.93959045410156
2007-01-12,2.8300490379333496,1.909999966621399,37.582698822021484,29.06549644470215,13.329682350158691,21.93783950805664,99.92916107177734,10.754873275756836,36.79021072387695
2007-01-16,2.9042251110076904,1.9329999685287476,37.526309967041016,29.307762145996094,13.315950393676758,21.902692794799805,99.73381042480469,10.828845977783203,36.2686767578125
2007-01-17,2.839919328689575,1.8940000534057617,37.7124137878418,29.331989288330078,13.343405723571777,21.860517501831055,99.77568054199219,10.80418586730957,36.68893814086914
2007-01-18,2.664050817489624,1.8489999771118164,38.186126708984375,29.162410736083984,13.274768829345703,21.79022979736328,99.44080352783203,10.846771240234375,36.4357795715332
2007-01-19,2.6470019817352295,1.8509999513626099,38.214332580566406,29.531850814819336,13.250061988830566,21.867544174194336,99.63615417480469,10.828845977783203,37.2307243347168
2007-01-22,2.5958571434020996,1.847499966621399,37.88722610473633,30.07693862915039,13.186904907226562,21.593412399291992,99.3292007446289,10.750387191772461,36.91173553466797
2007-01-23,2.5632550716400146,1.8214999437332153,37.503746032714844,30.179922103881836,13.211621284484863,21.60747528076172,99.6222152709961,10.716767311096191,37.716819763183594
2007-01-24,2.593165159225464,1.8630000352859497,37.79136657714844,30.50091552734375,13.21436882019043,21.853490829467773,100.42445373535156,10.896087646484375,37.924400329589844
2007-01-25,2.5797054767608643,1.8539999723434448,37.605262756347656,30.41004180908203,13.162202835083008,21.40362548828125,99.24552154541016,10.792976379394531,37.22566604614258
2007-01-26,2.5536844730377197,1.8424999713897705,37.26124572753906,30.101173400878906,13.132002830505371,21.50906753540039,99.1547622680664,10.685386657714844,37.271244049072266
2007-01-29,2.5704336166381836,1.871500015258789,37.306358337402344,29.96187400817871,13.099054336547852,21.45986557006836,99.09902954101562,10.676416397094727,37.063629150390625
2007-01-30,2.5587692260742188,1.8524999618530273,37.44171142578125,30.391895294189453,13.126508712768555,21.42471694946289,99.6152114868164,10.597967147827148,37.66618347167969
2007-01-31,2.564152479171753,1.8834999799728394,37.67293930053711,30.846141815185547,13.145731925964355,21.691822052001953,100.28497314453125,10.689868927001953,37.51933670043945
2007-02-01,2.5345427989959717,1.934999942779541,37.79136657714844,31.015718460083008,13.206134796142578,21.4809513092041,100.88493347167969,10.710041999816895,38.015567779541016
2007-02-02,2.5348410606384277,1.8695000410079956,37.548858642578125,30.846141815185547,13.244572639465332,21.220870971679688,101.02445983886719,10.777289390563965,38.24846267700195
2007-02-05,2.510615348815918,1.8580000400543213,37.39095687866211,30.864294052124023,13.151222229003906,20.813186645507812,101.05236053466797,10.875911712646484,38.31428909301758
2007-02-06,2.5168955326080322,1.9134999513626099,37.22175979614258,30.888526916503906,13.192399024963379,20.74287986755371,101.08029174804688,10.889362335205078,38.20794677734375
2007-02-07,2.5767159461975098,1.9490000009536743,37.10896301269531,31.015718460083008,13.186904907226562,20.644489288330078,101.30351257324219,10.889362335205078,38.029964447021484
2007-02-08,2.5776126384735107,1.9550000429153442,37.086395263671875,30.846141815185547,13.14023494720459,20.567155838012695,101.17097473144531,10.828845977783203,38.370662689208984
2007-02-09,2.490575075149536,1.9359999895095825,36.996177673339844,30.537240982055664,13.112777709960938,20.3703556060791,100.41751098632812,10.752629280090332,38.24863815307617
2007-02-12,2.5387303829193115,1.9424999952316284,36.91722106933594,30.549358367919922,13.156708717346191,20.342227935791016,100.07567596435547,10.701071739196777,37.93336486816406
2007-02-13,2.5333456993103027,1.965499997138977,36.872093200683594,30.858230590820312,13.236331939697266,20.46214485168457,100.91976928710938,10.754873275756836,38.36558532714844
2007-02-14,2.551290988922119,2.006999969482422,37.13716506958008,31.142900466918945,13.145731925964355,20.737224578857422,101.58253479003906,10.730213165283203,38.44186019897461
2007-02-15,2.5485994815826416,2.003000020980835,37.10333251953125,31.015718460083008,13.137493133544922,20.77954864501953,101.71514129638672,10.840049743652344,38.30963134765625
2007-02-16,2.5372345447540283,2.0164999961853027,36.945411682128906,31.03993797302246,13.14298152923584,20.271697998046875,101.6662826538086,10.866950035095215,38.284217834472656
2007-02-20,2.569237470626831,2.075500011444092,36.91722106933594,31.270109176635742,13.11827278137207,20.335180282592773,101.88253021240234,11.265933990478516,38.070655822753906
2007-02-21,2.667938470840454,2.062999963760376,36.657806396484375,31.282209396362305,13.060611724853516,20.70195770263672,101.84065246582031,11.20093822479248,38.0248908996582
2007-02-22,2.677211284637451,2.049999952316284,36.533721923828125,31.27614974975586,12.986480712890625,20.73017692565918,101.76395416259766,11.138172149658203,38.177459716796875
2007-02-23,2.664050817489624,2.0390000343322754,36.38908004760742,30.906700134277344,12.975502967834473,20.384550094604492,101.36628723144531,11.111275672912598,38.24863815307617
2007-02-26,2.647300958633423,2.0439999103546143,36.47416687011719,30.773468017578125,13.101794242858887,20.50446128845215,101.27557373046875,11.203177452087402,38.34016799926758
2007-02-27,2.5103161334991455,1.941499948501587,35.76509475708008,29.810455322265625,12.736640930175781,19.658044815063477,97.32001495361328,10.80418586730957,36.52485656738281
2007-02-28,2.530653476715088,1.9570000171661377,35.697021484375,29.913421630859375,12.816261291503906,19.86964988708496,98.317626953125,10.828845977783203,36.44858169555664
2007-03-01,2.6039326190948486,1.9424999952316284,35.42474365234375,29.79833984375,12.772324562072754,19.813222885131836,98.02467346191406,10.734698295593262,36.097713470458984
2007-03-02,2.5545814037323,1.8845000267028809,35.14112091064453,29.186614990234375,12.599363327026367,19.580461502075195,96.74100494384766,10.716767311096191,35.599395751953125
2007-03-05,2.581799030303955,1.8524999618530273,35.07307052612305,28.79296112060547,12.709182739257812,19.43233299255371,95.82014465332031,10.640551567077637,35.584136962890625
2007-03-06,2.637730598449707,1.9290000200271606,34.99930953979492,29.38649559020996,12.88490104675293,19.62982749938965,97.45951080322266,10.768316268920898,36.10280990600586
2007-03-07,2.6236729621887207,1.9179999828338623,35.09006118774414,29.289592742919922,12.835479736328125,19.47466468811035,97.36187744140625,10.743664741516113,36.4282341003418
2007-03-08,2.6320478916168213,1.9049999713897705,35.01064682006836,29.519739151000977,12.945296287536621,19.27010726928711,98.18509674072266,10.73245620727539,36.5350341796875
2007-03-09,2.631150722503662,1.9420000314712524,35.24890899658203,29.568191528320312,13.060611724853516,19.24894142150879,98.21296691894531,10.629347801208496,36.16383361816406
2007-03-12,2.687979221343994,1.940500020980835,35.050357818603516,29.580303192138672,13.164948463439941,19.354747772216797,98.35951232910156,10.59347915649414,36.03668212890625
2007-03-13,2.6440112590789795,1.8910000324249268,34.47175598144531,28.284202575683594,13.012859344482422,18.846899032592773,96.44796752929688,10.351394653320312,35.548545837402344
2007-03-14,2.6918673515319824,1.9040000438690186,34.437740325927734,28.647594451904297,13.00733470916748,19.326526641845703,97.16653442382812,10.299592971801758,36.11296844482422
2007-03-15,2.6790060997009277,1.8890000581741333,34.33561325073242,28.889848709106445,13.018387794494629,19.24188995361328,97.29908752441406,10.360403060913086,35.94517135620117
2007-03-16,2.6796040534973145,1.8925000429153442,34.32427215576172,28.484071731567383,13.054339408874512,19.277156829833984,97.0265884399414,10.40770435333252,35.52311706542969
2007-03-19,2.7256650924682617,1.9225000143051147,34.44906997680664,28.817180633544922,13.087522506713867,19.62982749938965,98.19625091552734,10.493290901184082,36.153656005859375
2007-03-20,2.7361326217651367,1.9290000200271606,34.641944885253906,28.920141220092773,13.167712211608887,19.636882781982422,98.73560333251953,10.653200149536133,36.611289978027344
2007-03-21,2.807617425918579,1.9900000095367432,34.72702407836914,29.707496643066406,13.344685554504395,20.116525650024414,100.36052703857422,10.759056091308594,37.23672103881836
2007-03-22,2.8103084564208984,1.9744999408721924,34.522823333740234,29.356212615966797,13.341915130615234,19.940181732177734,100.28350830078125,10.8131103515625,37.81132507324219
2007-03-23,2.7971489429473877,1.9490000009536743,34.32427215576172,29.38649559020996,13.286606788635254,19.76384162902832,100.43061065673828,10.790587425231934,38.14693832397461
2007-03-26,2.8668389320373535,1.9505000114440918,34.17679977416992,29.495512008666992,13.3142671585083,19.90492057800293,100.29749298095703,10.774821281433105,38.37575149536133
2007-03-27,2.8551740646362305,1.968500018119812,34.051998138427734,29.416784286499023,13.278316497802734,19.552242279052734,100.05938720703125,10.695992469787598,38.4977912902832
2007-03-28,2.7887744903564453,1.9670000076293945,34.03498077392578,29.06549644470215,13.247905731201172,19.495824813842773,99.33094024658203,10.50455093383789,38.4215202331543
2007-03-29,2.8040268421173096,1.9904999732971191,34.22784423828125,29.3743896484375,13.303203582763672,19.57341194152832,99.43599700927734,10.522567749023438,38.76729965209961
2007-03-30,2.778905153274536,1.9895000457763672,34.18246078491211,29.301706314086914,13.272788047790527,19.658044815063477,99.45701599121094,10.574370384216309,38.36558532714844
2007-04-02,2.801037073135376,2.0209999084472656,34.091697692871094,29.2169189453125,13.416573524475098,19.566347122192383,99.569091796875,10.675721168518066,38.72661590576172
2007-04-03,2.826460361480713,2.059499979019165,34.39802932739258,29.619482040405273,13.546537399291992,19.658044815063477,100.64068603515625,10.833377838134766,39.052059173583984
2007-04-04,2.819580316543579,2.0764999389648438,34.76674270629883,29.619482040405273,13.676505088806152,20.102405548095703,100.75275421142578,10.822115898132324,39.209678649902344
2007-04-05,2.8318440914154053,2.0840001106262207,34.91421127319336,29.747577667236328,13.69309139251709,20.137676239013672,101.02595520019531,10.871665954589844,39.26560974121094
2007-04-09,2.801037073135376,2.0829999446868896,34.95960998535156,29.887874603271484,13.72351360321045,20.151790618896484,101.16600799560547,10.91671085357666,39.052059173583984
2007-04-10,2.8189823627471924,2.0929999351501465,34.982276916503906,30.034250259399414,13.847942352294922,20.031877517700195,101.28508758544922,10.797343254089355,39.443565368652344
2007-04-11,2.76933217048645,2.0840001106262207,35.10707473754883,29.97935676574707,13.726274490356445,19.827327728271484,100.8718490600586,10.646444320678711,39.03679656982422
2007-04-12,2.757368803024292,2.1135001182556152,35.12410354614258,30.00985336303711,13.734564781188965,20.130626678466797,101.32006072998047,10.644192695617676,39.352073669433594
2007-04-13,2.6990444660186768,2.120500087738037,35.36802291870117,29.94275665283203,13.792633056640625,20.180009841918945,101.78234100341797,10.67797565460205,39.36222839355469
2007-04-16,2.734637498855591,2.259999990463257,35.748077392578125,30.479537963867188,13.90048885345459,20.2646484375,102.74889373779297,10.826620101928711,39.7486686706543
2007-04-17,2.7023355960845947,2.253499984741211,36.6159782409668,30.607616424560547,14.259950637817383,20.34928321838379,103.0220718383789,10.849145889282227,39.865623474121094
2007-04-18,2.7038302421569824,2.249500036239624,36.54788589477539,31.760425567626953,14.284836769104004,20.172948837280273,103.14813995361328,10.804100036621094,39.763938903808594
2007-04-19,2.6999425888061523,2.2320001125335693,36.8371696472168,31.772628784179688,14.30972957611084,20.23642349243164,103.12010192871094,10.887433052062988,39.38764953613281
2007-04-20,2.7208797931671143,2.247499942779541,36.93930435180664,32.047115325927734,14.403738975524902,20.469192504882812,104.09371185302734,11.207255363464355,40.55720901489258
2007-04-23,2.796848773956299,2.2385001182556152,36.72942352294922,31.888526916503906,14.282071113586426,20.299907684326172,103.7014389038086,11.020319938659668,40.272430419921875
2007-04-24,2.7887744903564453,2.237499952316284,36.581939697265625,31.815322875976562,14.298664093017578,20.306964874267578,103.74349212646484,10.966263771057129,39.96732711791992
2007-04-25,2.8518834114074707,2.8405001163482666,36.689701080322266,32.21790313720703,14.306957244873047,20.44803237915039,104.696044921875,10.993289947509766,40.638526916503906
2007-04-26,2.956268072128296,3.1389999389648438,36.44011688232422,32.29109191894531,14.400976181030273,20.525625228881836,104.81510162353516,10.968514442443848,40.95889663696289
2007-04-27,2.988570213317871,3.130000114440918,36.400421142578125,32.05321502685547,14.395442008972168,21.245079040527344,104.73104095458984,10.887433052062988,40.862274169921875
2007-04-30,2.9849815368652344,3.066499948501587,36.428775787353516,31.778732299804688,14.43138599395752,21.118112564086914,103.86254119873047,10.792839050292969,40.36393356323242
2007-05-01,2.9751110076904297,3.1019999980926514,36.621646881103516,31.87632942199707,14.553064346313477,21.44257164001465,104.12871551513672,10.885186195373535,40.50632858276367
2007-05-02,3.00262713432312,3.059000015258789,36.57625961303711,32.05321502685547,14.575179100036621,21.590700149536133,104.73807525634766,10.873917579650879,40.58769226074219
2007-05-03,3.0029258728027344,3.109499931335449,36.485496520996094,32.14470672607422,14.630483627319336,21.844629287719727,105.30540466308594,10.89194107055664,41.024986267089844
2007-05-04,3.0151896476745605,3.1614999771118164,36.57625961303711,32.102012634277344,14.713440895080566,21.55543327331543,105.7045669555664,10.871665954589844,40.95889663696289
2007-05-07,3.1082098484039307,3.0409998893737793,36.45145034790039,32.163002014160156,14.82404613494873,21.661231994628906,105.72561645507812,10.94824504852295,41.101253509521484
2007-05-08,3.142306089401245,3.0915000438690186,36.1338005065918,31.992218017578125,14.67473316192627,21.689443588256836,105.58553314208984,10.833377838134766,41.38093948364258
2007-05-09,3.196741819381714,3.1424999237060547,36.36638259887695,32.44969177246094,14.685787200927734,21.71060562133789,105.87271881103516,10.795092582702637,41.40127182006836
2007-05-10,3.210498809814453,3.0460000038146973,35.453102111816406,31.71773910522461,14.511580467224121,21.569536209106445,104.76605224609375,10.75455093383789,40.5433235168457
2007-05-11,3.252372980117798,3.078000068664551,35.3226432800293,31.809234619140625,14.569648742675781,21.788198471069336,105.66254425048828,10.761306762695312,41.48298263549805
2007-05-14,3.270916700363159,3.0850000381469727,35.515506744384766,31.61405372619629,14.54476261138916,21.844629287719727,105.43141174316406,10.774821281433105,41.49318313598633
2007-05-15,3.215883731842041,3.0290000438690186,35.0673713684082,31.736038208007812,14.506051063537598,21.865848541259766,105.4594497680664,10.725272178649902,41.43192672729492
2007-05-16,3.210498809814453,3.1610000133514404,35.76509475708008,32.315494537353516,14.583478927612305,21.986143112182617,106.18087768554688,10.675493240356445,41.595306396484375
2007-05-17,3.2733097076416016,3.1085000038146973,35.589229583740234,32.05931091308594,14.434159278869629,21.922460556030273,105.97074127197266,10.65965461730957,41.77407455444336
2007-05-18,3.290656805038452,3.1649999618530273,35.9749870300293,32.047115325927734,14.553064346313477,21.816320419311523,106.89530944824219,10.695855140686035,42.519676208496094
2007-05-21,3.3492801189422607,3.4149999618530273,36.03170394897461,32.05931091308594,14.35396671295166,21.972003936767578,106.83924102783203,10.548782348632812,42.68821334838867
2007-05-22,3.3959383964538574,3.444000005722046,36.06574630737305,31.894620895385742,14.235067367553711,21.717248916625977,106.7551498413086,10.530675888061523,42.26942825317383
2007-05-23,3.376499891281128,3.450000047683716,36.196205139160156,31.711627960205078,14.193592071533203,21.639408111572266,106.76922607421875,10.483159065246582,42.381778717041016
2007-05-24,3.310697078704834,3.4674999713897705,36.24473190307617,31.467668533325195,14.168700218200684,21.349279403686523,105.80267333984375,10.55556869506836,42.01918411254883
2007-05-25,3.398331880569458,3.427500009536743,36.079158782958984,31.498157501220703,14.348441123962402,21.56864356994629,106.2438735961914,10.614399909973145,42.647335052490234
2007-05-29,3.420166015625,3.4814999103546143,35.99922180175781,31.607940673828125,14.428624153137207,21.788009643554688,106.629150390625,10.621185302734375,42.19282150268555
2007-05-30,3.5523669719696045,3.493000030517578,36.09629821777344,31.75434112548828,14.66919231414795,22.014450073242188,107.49767303466797,10.661916732788086,42.89757537841797
2007-05-31,3.624748945236206,3.4570000171661377,36.12483215332031,31.61405372619629,14.652608871459961,21.717248916625977,107.38558197021484,10.770525932312012,42.47370529174805
2007-06-01,3.5412991046905518,3.428999900817871,36.20476531982422,31.656740188598633,14.600065231323242,21.646480560302734,107.91785430908203,11.19365119934082,43.00992202758789
2007-06-04,3.6289360523223877,3.5209999084472656,36.31324005126953,31.455446243286133,14.564120292663574,21.73847770690918,107.93190002441406,11.587366104125977,43.00992202758789
2007-06-05,3.669013738632202,3.682499885559082,36.14767837524414,31.241973876953125,14.467339515686035,21.639408111572266,107.50467681884766,11.431236267089844,43.03034973144531
2007-06-06,3.698025703430176,3.614500045776367,35.91360092163086,30.839393615722656,14.378850936889648,21.43419647216797,106.34898376464844,11.483278274536133,42.703514099121094
2007-06-07,3.7108876705169678,3.6019999980926514,35.39971923828125,30.388042449951172,14.207417488098145,20.9600830078125,104.42985534667969,11.259272575378418,41.85579299926758
2007-06-08,3.72344970703125,3.6619999408721924,35.473934173583984,30.74791145324707,14.287603378295898,21.264362335205078,105.78862762451172,11.331679344177246,42.223472595214844
2007-06-11,3.594838857650757,3.558500051498413,35.55388641357422,30.760095596313477,14.276544570922852,21.24313735961914,105.97074127197266,11.270586967468262,42.417510986328125
2007-06-12,3.6005218029022217,3.503499984741211,35.302650451660156,30.101343154907227,14.141050338745117,21.122844696044922,104.81510162353516,11.066941261291504,41.87620162963867
2007-06-13,3.51438307762146,3.5445001125335693,35.50248718261719,30.674707412719727,14.296932220458984,21.50495719909668,106.38397979736328,11.200440406799316,42.56563949584961
2007-06-14,3.551767587661743,3.5969998836517334,35.656646728515625,30.693004608154297,14.283012390136719,21.59695053100586,107.06336975097656,11.15065860748291,43.290802001953125
2007-06-15,3.6041100025177,3.619999885559082,35.83936309814453,30.839393615722656,14.35817813873291,21.57571792602539,107.67251586914062,11.16423511505127,43.888301849365234
2007-06-18,3.7413954734802246,3.5915000438690186,35.58812713623047,30.760095596313477,14.408281326293945,21.589866638183594,107.54592895507812,11.112196922302246,44.102806091308594
2007-06-19,3.6986260414123535,3.490499973297119,35.6395149230957,31.01628875732422,14.305285453796387,21.554494857788086,107.81321716308594,11.044309616088867,43.83723449707031
2007-06-20,3.6355161666870117,3.4549999237060547,35.422550201416016,30.16844367980957,14.333125114440918,21.236059188842773,106.3149185180664,10.994531631469727,42.29496765136719
2007-06-21,3.7058017253875732,3.4835000038146973,35.46251678466797,30.400236129760742,14.500144958496094,21.384660720825195,106.90583801269531,10.949273109436035,43.05078887939453
2007-06-22,3.678884506225586,3.443000078201294,34.67457580566406,29.71709442138672,14.369314193725586,20.868087768554688,105.89990997314453,10.822569847106934,42.14176559448242
2007-06-25,3.6591451168060303,3.433000087738037,34.89155960083008,29.497493743896484,14.41106128692627,20.868087768554688,105.39347839355469,10.82030200958252,42.06515884399414
2007-06-26,3.578686475753784,3.374000072479248,35.19987106323242,29.643882751464844,14.461172103881836,20.889318466186523,104.31021118164062,10.85424518585205,41.78428268432617
2007-06-27,3.645684242248535,3.4070000648498535,35.08566665649414,30.034250259399414,14.59757137298584,21.136985778808594,105.79437255859375,10.965117454528809,42.63202667236328
2007-06-28,3.605905055999756,3.444499969482422,35.114234924316406,29.86347198486328,14.650455474853516,21.108678817749023,105.7803726196289,10.908553123474121,42.69329833984375
2007-06-29,3.6501715183258057,3.4205000400543213,35.1827392578125,29.552385330200195,14.561386108398438,20.853933334350586,105.81548309326172,10.885921478271484,42.836299896240234
2007-07-02,3.6268422603607178,3.4804999828338623,35.31406784057617,29.97935676574707,14.63097095489502,21.045000076293945,106.77220153808594,10.93570327758789,43.31632995605469
2007-07-03,3.803607940673828,3.4725000858306885,35.37115478515625,30.329740524291992,14.725629806518555,21.24313735961914,107.15904235839844,10.96738052368164,43.59211349487305
2007-07-05,3.9705021381378174,3.436500072479248,35.55958938598633,29.99166488647461,14.66159725189209,21.221899032592773,107.04650115966797,10.881400108337402,43.48997116088867
2007-07-06,3.9570441246032715,3.448499917984009,35.473934173583984,30.10230255126953,14.642098426818848,21.207746505737305,107.6092529296875,10.949273109436035,44.15385055541992
2007-07-09,3.898122787475586,3.6034998893737793,35.81080627441406,29.99166488647461,14.669941902160645,21.136985778808594,107.6936264038086,10.974170684814453,44.65433883666992
2007-07-10,3.9585397243499756,3.5139999389648438,35.5139045715332,29.204816818237305,14.502921104431152,20.754863739013672,106.1601791381836,10.766000747680664,44.174285888671875
2007-07-11,3.959735631942749,3.5364999771118164,35.8907356262207,29.5859432220459,14.500144958496094,20.868087768554688,106.9128646850586,10.788629531860352,44.57773208618164
2007-07-12,4.009985446929932,3.6394999027252197,36.176231384277344,30.4465389251709,14.650455474853516,21.27851104736328,108.60110473632812,11.04883861541748,45.76763916015625
2007-07-13,4.1194539070129395,3.755000114440918,36.21619415283203,30.766185760498047,14.784069061279297,21.101604461669922,108.92461395263672,11.121249198913574,46.13020706176758
2007-07-16,4.130521297454834,3.684499979019165,36.42742919921875,30.630964279174805,14.990067481994629,21.250215530395508,108.91056060791016,11.073732376098633,45.80849075317383
2007-07-17,4.154745101928711,3.689500093460083,35.82222366333008,30.686279296875,14.800777435302734,21.780935287475586,108.85429382324219,10.940230369567871,45.49696731567383
2007-07-18,4.1311187744140625,3.6659998893737793,35.5139045715332,30.046977996826172,14.873154640197754,21.880002975463867,108.6573257446289,10.870084762573242,46.548973083496094
2007-07-19,4.187347888946533,3.6675000190734863,35.622371673583984,29.887149810791016,14.94831371307373,22.29750633239746,109.07939910888672,11.039791107177734,47.13115692138672
2007-07-20,4.299511432647705,3.5815000534057617,35.279808044433594,29.235563278198242,14.811912536621094,22.049837112426758,107.97501373291016,10.874610900878906,46.952423095703125
2007-07-23,4.298014163970947,3.5869998931884766,35.39971923828125,28.98353385925293,14.931612968444824,22.07106590270996,108.30563354492188,10.885921478271484,47.71846008300781
2007-07-24,4.034509181976318,3.4625000953674316,35.097103118896484,27.87091064453125,14.814697265625,21.795093536376953,106.42748260498047,10.865556716918945,46.39065933227539
2007-07-25,4.105395793914795,4.309000015258789,35.1313591003418,27.827882766723633,15.045732498168945,21.731401443481445,106.64550018310547,10.831619262695312,47.386497497558594
2007-07-26,4.3668060302734375,4.200500011444092,34.805912017822266,27.096385955810547,14.747892379760742,21.214834213256836,104.12026977539062,10.594035148620605,45.057796478271484
2007-07-27,4.302499294281006,4.202000141143799,34.12645721435547,27.188581466674805,14.553034782409668,20.797330856323242,102.07333374023438,10.394912719726562,43.709564208984375
2007-07-30,4.230118274688721,4.135000228881836,34.2977409362793,27.508230209350586,14.583656311035156,20.804399490356445,103.67007446289062,10.456007957458496,43.92403030395508
2007-07-31,3.9408931732177734,3.927000045776367,34.54328155517578,27.0533447265625,14.505704879760742,20.51426887512207,102.50237274169922,10.397176742553711,43.47465133666992
2007-08-01,4.0378007888793945,3.865499973297119,34.805912017822266,27.28078842163086,14.828624725341797,20.733638763427734,103.00181579589844,10.458271980285645,43.83723449707031
2007-08-02,4.082365036010742,3.9855000972747803,34.84587860107422,27.409860610961914,14.937180519104004,20.889318466186523,103.82482147216797,10.573673248291016,43.50017166137695
2007-08-03,3.9435856342315674,3.8399999141693115,34.57181930541992,26.832048416137695,14.831402778625488,20.4930362701416,101.15182495117188,10.299884796142578,41.91706848144531
2007-08-06,4.045276641845703,3.950000047683716,35.57099914550781,27.72952651977539,15.095846176147461,20.90346908569336,102.8470687866211,10.639287948608398,42.66267013549805
2007-08-07,4.038697242736816,3.9570000171661377,35.445396423339844,27.87091064453125,15.159871101379395,20.91054916381836,103.94445037841797,10.648344039916992,43.76572799682617
2007-08-08,4.0081915855407715,3.8889999389648438,35.679481506347656,28.59012794494629,15.54958724975586,21.228973388671875,105.39347839355469,10.95606517791748,44.889244079589844
2007-08-09,3.7802786827087402,3.7054998874664307,34.731689453125,27.151700973510742,15.546799659729004,20.733638763427734,102.27025604248047,10.51031494140625,42.863990783691406
2007-08-10,3.738705635070801,3.739000082015991,34.91440200805664,27.200885772705078,15.304628372192383,20.316137313842773,101.79195404052734,10.42432689666748,43.3305778503418
2007-08-13,3.822152853012085,3.743499994277954,35.08566665649414,26.942703247070312,15.176583290100098,20.259519577026367,102.15768432617188,10.446958541870117,42.51532745361328
2007-08-14,3.7096917629241943,3.672499895095825,34.90297317504883,26.61689567565918,15.070785522460938,20.07489776611328,100.59613800048828,9.915221214294434,42.62299728393555
2007-08-15,3.586164951324463,3.61899995803833,35.00003433227539,26.432493209838867,14.984500885009766,19.954174041748047,99.21039581298828,9.842446327209473,41.88465881347656
2007-08-16,3.5009217262268066,3.6394999027252197,35.1884651184082,27.95083236694336,14.914912223815918,19.748239517211914,99.95601654052734,9.892477989196777,41.361698150634766
2007-08-17,3.6507697105407715,3.750999927520752,35.411128997802734,28.897478103637695,15.157084465026855,20.06069564819336,101.79195404052734,9.890204429626465,43.140846252441406
2007-08-20,3.6555542945861816,3.734999895095825,35.302650451660156,28.577821731567383,15.176583290100098,20.067794799804688,101.7426986694336,9.912944793701172,43.34080123901367
2007-08-21,3.815570592880249,3.874500036239624,35.2113037109375,28.399553298950195,15.040175437927246,19.932870864868164,101.94669342041016,9.937960624694824,42.63325500488281
2007-08-22,3.963324546813965,3.924999952316284,35.40542221069336,28.276615142822266,15.017905235290527,20.039396286010742,103.15653991699219,9.949329376220703,42.853736877441406
2007-08-23,3.920255661010742,3.865000009536743,35.46251678466797,28.07376480102539,15.026252746582031,20.096200942993164,103.06512451171875,9.817432403564453,42.94089126586914
2007-08-24,4.046772480010986,3.9625000953674316,35.568851470947266,28.245880126953125,15.031820297241211,20.458351135253906,104.33831787109375,9.94705581665039,43.935577392578125
2007-08-27,3.9555490016937256,3.932499885559082,35.40790939331055,27.606582641601562,15.034607887268066,20.231121063232422,103.36759185791016,9.965250015258789,43.64331817626953
2007-08-28,3.7931389808654785,3.811000108718872,35.20672607421875,26.80132484436035,14.825830459594727,19.833452224731445,101.09554290771484,9.86973762512207,42.55633544921875
2007-08-29,4.010282039642334,3.952500104904175,35.55736541748047,27.127111434936523,14.895425796508789,20.302135467529297,103.07914733886719,10.049391746520996,43.69973373413086
2007-08-30,4.075186252593994,3.934000015258789,35.40790939331055,27.02875518798828,14.864808082580566,20.202720642089844,102.80490112304688,9.851542472839355,43.78689956665039
2007-08-31,4.141883850097656,3.995500087738037,35.51712417602539,27.366830825805664,14.970582008361816,20.40154457092285,103.81777954101562,9.922041893005371,43.95608139038086
2007-09-04,4.31177282333374,4.135000228881836,35.62633514404297,27.846324920654297,15.134820938110352,20.458351135253906,104.86592102050781,9.847001075744629,44.72518539428711
2007-09-05,4.090442180633545,4.1875,35.436641693115234,27.151700973510742,14.945533752441406,20.224018096923828,103.95849609375,9.653690338134766,44.720054626464844
2007-09-06,4.03809928894043,4.310500144958496,35.4423942565918,27.176286697387695,15.215544700622559,20.529369354248047,104.19767761230469,9.724191665649414,44.85846710205078
2007-09-07,3.9411914348602295,4.22599983215332,35.45388412475586,26.752140045166016,15.196061134338379,20.19561767578125,102.74861145019531,9.640050888061523,43.966331481933594
2007-09-10,4.08894681930542,4.166999816894531,35.54586410522461,27.004167556762695,15.190498352050781,20.224018096923828,102.55165100097656,9.612759590148926,43.510009765625
2007-09-11,4.052457332611084,4.314000129699707,35.66657257080078,27.379138946533203,15.493908882141113,20.5435733795166,103.7474594116211,9.765129089355469,44.576499938964844
2007-09-12,4.093132972717285,4.364999771118164,35.93098449707031,27.336111068725586,15.639548301696777,20.5435733795166,104.01472473144531,9.712820053100586,44.94053268432617
2007-09-13,4.103601455688477,4.36299991607666,36.275856018066406,28.03073501586914,15.647951126098633,20.706893920898438,104.74630737304688,9.792415618896484,45.437870025634766
2007-09-14,4.151755332946777,4.388500213623047,36.32759094238281,27.993844985961914,15.796401977539062,20.621679306030273,104.73926544189453,9.851542472839355,45.46352005004883
2007-09-17,4.139791488647461,4.3454999923706055,36.178157806396484,27.840177536010742,15.482710838317871,20.40154457092285,104.17655944824219,9.851542472839355,45.766029357910156
2007-09-18,4.214866638183594,4.4375,36.68971633911133,29.395374298095703,15.799198150634766,20.5435733795166,107.24349212646484,10.106245040893555,47.047821044921875
2007-09-19,4.210381031036377,4.449999809265137,37.06909942626953,29.24170684814453,15.858016014099121,20.358932495117188,107.87653350830078,10.176743507385254,47.23240280151367
2007-09-20,4.196620464324951,4.482500076293945,37.24153518676758,28.866744995117188,15.771196365356445,20.18140983581543,107.11685943603516,10.078956604003906,47.217041015625
2007-09-21,4.311473369598389,4.565000057220459,37.43122482299805,28.971242904663086,15.838406562805176,20.344741821289062,107.40589904785156,10.058491706848145,47.3298225402832
2007-09-24,4.434999465942383,4.629499912261963,37.47720718383789,28.485620498657227,15.880417823791504,20.650089263916016,107.20796203613281,9.999359130859375,47.03244400024414
2007-09-25,4.58155632019043,4.673999786376953,37.34499740600586,28.338083267211914,15.970044136047363,20.99094581604004,106.9959716796875,9.81515884399414,47.15035629272461
2007-09-26,4.569293975830078,4.671500205993652,37.5864143371582,28.356538772583008,16.06247329711914,20.948333740234375,107.56139373779297,9.847001075744629,47.36060333251953
2007-09-27,4.621037483215332,4.669000148773193,37.67262649536133,28.405710220336914,16.056865692138672,20.941234588623047,108.19747161865234,9.917492866516113,47.66822052001953
2007-09-28,4.590230941772461,4.65749979019165,37.764610290527344,28.165971755981445,16.096084594726562,20.919933319091797,107.83700561523438,9.926590919494629,47.458011627197266
2007-10-01,4.676070690155029,4.670499801635742,38.017520904541016,28.77452850341797,16.21651268005371,21.140064239501953,109.05262756347656,10.11306381225586,48.17070007324219
2007-10-02,4.73918342590332,4.618000030517578,37.96580505371094,28.989681243896484,16.222116470336914,21.090354919433594,108.90421295166016,10.204033851623535,47.293949127197266
2007-10-03,4.723328590393066,4.623000144958496,37.99451446533203,29.126018524169922,16.124088287353516,20.912824630737305,108.68511962890625,10.263162612915039,46.82736587524414
2007-10-04,4.6730804443359375,4.61299991607666,38.000282287597656,29.28093147277832,16.20811653137207,21.097457885742188,108.85477447509766,10.233597755432129,46.61715316772461
2007-10-05,4.828911304473877,4.671500205993652,38.08074188232422,29.485448837280273,16.264127731323242,21.189769744873047,110.14811706542969,10.31773853302002,46.84275436401367
2007-10-08,5.022128105163574,4.792500019073486,37.94854736328125,29.398672103881836,16.188508987426758,21.189769744873047,109.5615005493164,10.294999122619629,46.49411392211914
2007-10-09,5.020632266998291,4.765999794006348,38.08074188232422,29.47923469543457,16.210912704467773,21.37440299987793,110.59339904785156,10.281352043151855,47.5144157409668
2007-10-10,4.9886274337768555,4.732999801635742,37.839324951171875,29.07024383544922,16.20811653137207,21.466720581054688,110.40966033935547,10.367768287658691,47.75026321411133
2007-10-11,4.852240085601807,4.4670000076293945,37.908294677734375,28.915315628051758,16.017662048339844,21.239490509033203,109.87956237792969,10.665680885314941,47.5092887878418
2007-10-12,5.002386569976807,4.618500232696533,37.90256118774414,29.014461517333984,16.188508987426758,21.42410659790039,110.48738861083984,10.702069282531738,47.92973327636719
2007-10-15,4.9943108558654785,4.526500225067139,37.7358512878418,28.673633575439453,16.143688201904297,21.331798553466797,109.5544662475586,10.563349723815918,48.61677932739258
2007-10-16,5.072076797485352,4.476500034332275,37.4024772644043,27.95476722717285,16.17729949951172,21.53063201904297,108.68511962890625,10.429173469543457,48.57574462890625
2007-10-17,5.166889190673828,4.527500152587891,37.27602005004883,28.735597610473633,16.549806594848633,22.070308685302734,109.0173110961914,10.458738327026367,48.606510162353516
2007-10-18,5.1893205642700195,4.492499828338623,37.30476379394531,28.44434928894043,16.62542724609375,22.127120971679688,108.62151336669922,10.435993194580078,48.734710693359375
2007-10-19,5.097199440002441,4.48799991607666,36.919639587402344,27.899009704589844,16.457380294799805,21.42410659790039,105.78036499023438,10.229049682617188,47.24266815185547
2007-10-22,5.215044021606445,4.564499855041504,36.982872009277344,28.115903854370117,16.594621658325195,21.665542602539062,106.3952407836914,10.290450096130371,46.61201477050781
2007-10-23,5.567977428436279,5.040999889373779,37.103599548339844,28.469131469726562,16.73465919494629,21.942495346069336,107.25748443603516,9.990265846252441,46.83761978149414
2007-10-24,5.561098575592041,4.436500072479248,37.04034423828125,28.673633575439453,16.85508918762207,22.191036224365234,107.0595703125,9.976618766784668,47.237552642822266
2007-10-25,5.466884136199951,4.4105000495910645,36.75869369506836,28.53728485107422,17.168790817260742,22.71651268005371,107.31404113769531,9.978893280029297,46.95043182373047
2007-10-26,5.524308204650879,4.5,36.95987319946289,29.324310302734375,17.244396209716797,24.875259399414062,108.5720443725586,10.151729583740234,47.2785530090332
2007-10-29,5.535974979400635,4.505000114440918,37.35074996948242,28.921497344970703,17.320018768310547,24.54861068725586,108.93254852294922,10.235872268676758,47.996360778808594
2007-10-30,5.593100070953369,4.4120001792907715,37.258792877197266,28.853349685668945,17.289209365844727,25.258726119995117,108.17631530761719,10.31773853302002,46.72992706298828
2007-10-31,5.681334495544434,4.457499980926514,37.4599494934082,29.126018524169922,17.297618865966797,26.139263153076172,109.30001068115234,10.281352043151855,47.165748596191406
2007-11-01,5.606259822845459,4.382500171661377,37.16682052612305,27.465206146240234,17.05674934387207,26.316795349121094,106.7416000366211,10.013004302978516,45.3763427734375
2007-11-02,5.619124412536621,4.298999786376953,37.235782623291016,26.74015998840332,16.947513580322266,26.316795349121094,106.86172485351562,10.049391746520996,45.0841064453125
2007-11-05,5.568575382232666,4.218500137329102,37.06909942626953,26.504661560058594,16.899904251098633,26.082456588745117,106.04895782470703,10.013004302978516,44.94565963745117
2007-11-06,5.736367702484131,4.363500118255615,37.13806915283203,27.335073471069336,17.087556838989258,25.8552188873291,107.47659301757812,10.072134971618652,46.34026336669922
2007-11-07,5.5721635818481445,4.3520002365112305,36.7357177734375,26.176237106323242,16.793476104736328,25.223220825195312,104.53646850585938,9.990265846252441,44.88361358642578
2007-11-08,5.248241424560547,4.178999900817871,37.12657165527344,26.405515670776367,17.21639633178711,24.669340133666992,104.00643157958984,9.919764518737793,46.02629470825195
2007-11-09,4.9461541175842285,3.944499969482422,37.4542121887207,26.219608306884766,17.037145614624023,23.95211410522461,102.57875061035156,9.756030082702637,44.70344543457031
2007-11-12,4.598903179168701,3.8499999046325684,38.11524200439453,26.269174575805664,16.765472412109375,23.70357894897461,101.5610122680664,9.851542472839355,43.51445770263672
2007-11-13,5.083441734313965,3.993000030517578,38.6900520324707,27.9175968170166,17.095958709716797,24.551393508911133,104.65665435791016,10.454190254211426,44.718875885009766
2007-11-14,4.968288898468018,3.92549991607666,38.44862365722656,27.979578018188477,17.18558120727539,24.173797607421875,104.3668441772461,10.57699203491211,44.425514221191406
2007-11-15,4.9141526222229,3.8924999237060547,38.442874908447266,26.975645065307617,17.350828170776367,24.05268096923828,102.86144256591797,10.506495475769043,43.48870849609375
2007-11-16,4.976663589477539,3.930000066757202,38.94295120239258,26.702978134155273,17.538484573364258,24.287790298461914,103.03817749023438,10.53833293914795,43.80270004272461
2007-11-19,4.903682231903076,3.9590001106262207,38.85098648071289,25.6370792388916,17.448854446411133,24.19516944885254,101.60346984863281,10.34048080444336,43.29310989379883
2007-11-20,5.050239562988281,4.019499778747559,38.87971878051758,25.7982120513916,17.58609390258789,24.636898040771484,102.22538757324219,10.347304344177246,45.202735900878906
2007-11-21,5.038576602935791,3.98799991607666,38.592323303222656,25.209489822387695,17.434844970703125,24.387544631958008,100.13336944580078,10.201754570007324,44.8012580871582
2007-11-23,5.1306986808776855,4.071499824523926,38.681968688964844,25.996517181396484,17.448854446411133,24.302040100097656,101.86493682861328,10.399604797363281,45.44466018676758
2007-11-26,5.16060733795166,4.065000057220459,38.96537399291992,25.073165893554688,17.289209365844727,23.489837646484375,99.61744689941406,10.240416526794434,44.101234436035156
2007-11-27,5.228500843048096,4.2795000076293945,39.17359924316406,26.2443904876709,17.639310836791992,23.553953170776367,100.76243591308594,10.422351837158203,44.46153259277344
2007-11-28,5.390315055847168,4.514999866485596,39.53219985961914,27.242107391357422,17.737871170043945,24.00992774963379,103.98522186279297,10.740730285644531,45.25421905517578
2007-11-29,5.512045860290527,4.457499980926514,39.561119079589844,27.050016403198242,17.681549072265625,23.931554794311523,104.02054595947266,10.811227798461914,45.599063873291016
2007-11-30,5.450132369995117,4.5279998779296875,39.179378509521484,28.270835876464844,17.487245559692383,23.938688278198242,105.06655883789062,10.893094062805176,45.8924560546875
2007-12-03,5.349636077880859,4.545499801635742,39.16203308105469,28.01673126220703,17.515405654907227,23.454214096069336,104.37395477294922,10.886275291442871,45.73289108276367
2007-12-04,5.378050804138184,4.7204999923706055,39.29505920410156,27.359859466552734,17.670286178588867,23.347339630126953,103.44097900390625,10.959044456481934,45.35715103149414
2007-12-05,5.5482354164123535,4.6595001220703125,39.45121383666992,27.82463264465332,17.754770278930664,24.330537796020508,105.17256164550781,11.12051010131836,46.283653259277344
2007-12-06,5.681334495544434,4.7104997634887695,39.50326919555664,28.63644790649414,17.760398864746094,24.615514755249023,106.67794799804688,11.20465087890625,47.0660285949707
2007-12-07,5.811441898345947,4.7154998779296875,39.1446647644043,28.555875778198242,17.782922744750977,24.601289749145508,106.65672302246094,11.147802352905273,47.096893310546875
2007-12-10,5.808749198913574,4.651000022888184,39.20830535888672,29.386295318603516,17.81671714782715,24.765146255493164,107.48365020751953,11.241039276123047,47.36970138549805
2007-12-11,5.639159679412842,4.537499904632568,39.06947708129883,28.469131469726562,17.732236862182617,24.2949161529541,104.53646850585938,11.150071144104004,46.46895217895508
2007-12-12,5.708553791046143,4.564000129699707,39.1562385559082,28.59926414489746,17.957517623901367,24.558530807495117,105.56835174560547,11.017580032348633,47.3130989074707
2007-12-13,5.737565040588379,4.619999885559082,39.25456237792969,28.35757827758789,18.047622680664062,25.09287452697754,105.34927368164062,11.040425300598145,47.72487258911133
2007-12-14,5.69449520111084,4.453999996185303,39.092620849609375,28.010541915893555,17.968786239624023,25.156993865966797,104.01346588134766,10.880514144897461,46.932193756103516
2007-12-17,5.515336036682129,4.254499912261963,39.06947708129883,27.59535026550293,17.59144401550293,24.50153160095215,102.529296875,10.926202774047852,46.26820755004883
2007-12-18,5.472864151000977,4.3445000648498535,39.16203308105469,27.20493507385254,17.52104377746582,24.750896453857422,103.10179138183594,11.019866943359375,47.055755615234375
2007-12-19,5.477050304412842,4.468999862670898,38.93646240234375,27.254512786865234,17.69844627380371,24.786514282226562,103.10179138183594,10.983314514160156,47.06087875366211
2007-12-20,5.599380016326904,4.5289998054504395,38.94224548339844,26.851707458496094,17.537933349609375,25.30660629272461,103.75196838378906,10.93077278137207,47.42117691040039
2007-12-21,5.799776077270508,4.563000202178955,39.347103118896484,27.335073471069336,17.760398864746094,25.691335678100586,105.24759674072266,11.013010025024414,48.090328216552734
2007-12-24,5.9460368156433105,4.55049991607666,39.25456237792969,27.7812442779541,17.799823760986328,26.06182098388672,106.02912902832031,11.134082794189453,48.20869827270508
2007-12-26,5.95051908493042,4.642499923706055,39.07526397705078,27.84943389892578,17.743507385253906,26.083200454711914,106.25655364990234,11.051844596862793,48.80063247680664
2007-12-27,5.939154624938965,4.712500095367432,38.94224548339844,27.043800354003906,17.543567657470703,25.62721824645996,104.9207763671875,10.912492752075195,48.213844299316406
2007-12-28,5.976842403411865,4.722499847412109,38.971160888671875,26.808334350585938,17.53511619567871,25.73409080505371,104.6578598022461,10.983314514160156,48.8984260559082
2007-12-31,5.924499988555908,4.631999969482422,38.57786560058594,27.050016403198242,17.281679153442383,25.36360740661621,103.88343048095703,10.857673645019531,48.224143981933594
2008-01-02,5.8275909423828125,4.8125,38.12095260620117,26.362348556518555,17.202835083007812,25.09287452697754,102.97401428222656,10.71375560760498,48.13148880004883
2008-01-03,5.83028507232666,4.760499954223633,38.13251876831055,26.181055068969727,17.383052825927734,25.199743270874023,102.92418670654297,10.594964981079102,48.29619598388672
2008-01-04,5.385229110717773,4.439499855041504,38.080448150634766,25.5871639251709,17.416839599609375,24.494403839111328,100.40196990966797,10.44420051574707,47.39543914794922
2008-01-07,5.313146591186523,4.440999984741211,38.67039108276367,25.84347915649414,17.827987670898438,24.658279418945312,100.31664276123047,10.636086463928223,46.95276641845703
2008-01-08,5.122023582458496,4.394000053405762,38.716670989990234,24.818254470825195,17.901201248168945,23.831815719604492,98.69671630859375,10.501303672790527,46.35054397583008
2008-01-09,5.365787029266357,4.261000156402588,39.214111328125,25.168325424194336,18.379907608032227,24.537151336669922,99.73403930664062,10.71375560760498,47.12779235839844
2008-01-10,5.324513912200928,4.2129998207092285,39.277713775634766,25.837238311767578,18.461576461791992,24.458784103393555,100.3877182006836,11.056416511535645,47.179264068603516
2008-01-11,5.165095329284668,4.053999900817871,39.26036071777344,25.543411254882812,17.957517623901367,24.159547805786133,99.57772064208984,10.901076316833496,46.4792366027832
2008-01-14,5.347243309020996,4.143499851226807,39.30083084106445,25.855976104736328,18.106765747070312,24.50153160095215,100.38063049316406,10.889654159545898,46.75205993652344
2008-01-15,5.055923938751221,4.01200008392334,39.190956115722656,24.486913681030273,17.912464141845703,24.22367286682129,98.17093658447266,10.73431396484375,45.82038497924805
2008-01-16,4.774771690368652,4.017499923706055,39.50904846191406,25.89974594116211,17.642126083374023,23.675077438354492,97.3254165649414,10.84853458404541,44.53874969482422
2008-01-17,4.812158584594727,4.00600004196167,39.23143005371094,25.030794143676758,17.47034454345703,23.58957862854004,94.80311584472656,10.8462495803833,43.190189361572266
2008-01-18,4.826218128204346,3.98799991607666,38.34072494506836,24.74947738647461,17.104272842407227,23.518329620361328,93.82972717285156,10.86909008026123,43.792396545410156
2008-01-22,4.655134677886963,3.9240000247955322,37.75077438354492,25.543411254882812,16.555158615112305,22.77025604248047,92.87762451171875,11.239166259765625,42.43868637084961
2008-01-23,4.159531593322754,3.698499917984009,37.13191604614258,28.58159828186035,16.57768440246582,22.748882293701172,95.10863494873047,11.458463668823242,42.953399658203125
2008-01-24,4.0557451248168945,3.883500099182129,36.732826232910156,28.10651397705078,16.862102508544922,23.689332962036133,95.91153717041016,11.172914505004883,44.265926361083984
2008-01-25,3.8885514736175537,3.880000114440918,36.125545501708984,27.281314849853516,16.448150634765625,23.468461990356445,94.5259780883789,10.985596656799316,43.20561981201172
2008-01-28,3.8885514736175537,3.7909998893737793,36.478355407714844,28.487834930419922,16.72974395751953,23.311717987060547,96.08917236328125,11.127223014831543,43.81814956665039
2008-01-29,3.934311628341675,3.697499990463257,36.42051315307617,29.663105010986328,16.48757553100586,23.226221084594727,96.56520080566406,11.195762634277344,43.792396545410156
2008-01-30,3.9534552097320557,3.7105000019073486,35.963584899902344,29.600597381591797,16.267921447753906,22.941246032714844,95.85469818115234,11.230027198791504,43.89535140991211
2008-01-31,4.048568248748779,3.884999990463257,36.51882553100586,29.631864547729492,16.614288330078125,23.226221084594727,97.60255432128906,11.590954780578613,44.11152648925781
2008-02-01,4.000412464141846,3.7314999103546143,36.64609146118164,30.16322135925293,16.687509536743164,21.69443702697754,99.17277526855469,11.69146728515625,44.24020767211914
2008-02-04,3.937603235244751,3.697499990463257,36.7097053527832,28.894193649291992,16.510095596313477,21.50919532775879,97.9222412109375,11.43790340423584,43.97771453857422
2008-02-05,3.869109869003296,3.6045000553131104,36.3626823425293,27.437599182128906,16.16373062133789,20.711244583129883,95.30048370361328,11.321403503417969,42.26369094848633
2008-02-06,3.648974895477295,3.424499988555908,36.4667854309082,27.33131980895996,16.25103187561035,20.319385528564453,94.53311157226562,11.154638290405273,41.91880798339844
2008-02-07,3.6262435913085938,3.5455000400543213,36.32797622680664,28.200279235839844,16.45941734313965,20.034399032592773,95.1583480834961,11.38536262512207,42.33236312866211
2008-02-08,3.753061294555664,3.674999952316284,35.876827239990234,27.393831253051758,16.6846866607666,20.347883224487305,94.54737854003906,11.138651847839355,42.239322662353516
2008-02-11,3.8718016147613525,3.759500026702881,35.79007339477539,27.10002326965332,16.755094528198242,20.09852409362793,95.0304946899414,11.330537796020508,43.0198974609375
2008-02-12,3.734517812728882,3.7225000858306885,36.42051315307617,27.075016021728516,16.87336540222168,20.191139221191406,95.91153717041016,11.479023933410645,43.61956024169922
2008-02-13,3.8703067302703857,3.8864998817443848,36.67499542236328,27.568883895874023,16.72410774230957,20.63286590576172,96.89200592041016,11.572685241699219,44.193355560302734
2008-02-14,3.8122806549072266,3.7899999618530273,36.31640625,26.637409210205078,16.48757553100586,20.305133819580078,96.03942108154297,11.41506290435791,44.22438430786133
2008-02-15,3.7276365756988525,3.6480000019073486,36.380035400390625,27.037508010864258,16.546707153320312,20.248138427734375,96.01809692382812,11.293985366821289,44.13132858276367
2008-02-19,3.6543586254119873,3.6040000915527344,36.81959533691406,26.774948120117188,16.36086082458496,20.14800453186035,96.28809356689453,11.344244956970215,44.97911834716797
2008-02-20,3.7034103870391846,3.681999921798706,36.57090377807617,26.97499656677246,16.3974666595459,20.183765411376953,96.57231140136719,11.35338306427002,45.542579650878906
2008-02-21,3.63521671295166,3.494999885559082,36.42631149291992,26.924989700317383,16.329879760742188,20.097942352294922,95.76940155029297,11.373943328857422,44.93259048461914
2008-02-22,3.5730059146881104,3.6040000915527344,36.78434753417969,27.462596893310547,16.40591049194336,19.79753303527832,96.359130859375,11.41506290435791,45.06181335449219
2008-02-25,3.581381320953369,3.6635000705718994,37.1744499206543,27.525123596191406,16.549518585205078,19.91197967529297,97.57410430908203,11.49730110168457,46.07502365112305
2008-02-26,3.563732862472534,3.5845000743865967,37.0987548828125,27.33131980895996,16.760723114013672,20.298202514648438,98.3059310913086,11.74172306060791,46.46790313720703
2008-02-27,3.6776885986328125,3.5434999465942383,36.70286178588867,27.76266860961914,16.909971237182617,20.212379455566406,98.20642852783203,11.748586654663086,46.20944595336914
2008-02-28,3.8855600357055664,3.3924999237060547,36.51073455810547,26.531137466430664,16.74382972717285,19.976348876953125,97.24726104736328,11.581819534301758,46.204261779785156
2008-02-29,3.739302635192871,3.2235000133514404,36.07405471801758,25.41213607788086,16.46222686767578,19.454233169555664,95.08021545410156,11.328254699707031,44.97911834716797
2008-03-03,3.640899658203125,3.121500015258789,36.231266021728516,24.893253326416016,16.619922637939453,19.30402946472168,94.85285949707031,11.396788597106934,45.36164474487305
2008-03-04,3.727339029312134,3.2669999599456787,36.4699592590332,24.499418258666992,16.718486785888672,19.733163833618164,94.49054718017578,11.392223358154297,44.81370544433594
2008-03-05,3.72344970703125,3.249500036239624,36.75525665283203,24.21811294555664,16.8057804107666,20.112245559692383,95.08734130859375,11.319116592407227,45.072166442871094
2008-03-06,3.6169726848602295,3.13700008392334,36.464149475097656,23.361661911010742,16.642452239990234,19.718868255615234,93.11923217773438,11.417344093322754,43.68678283691406
2008-03-07,3.656452178955078,3.2044999599456787,35.81206512451172,23.480432510375977,16.572050094604492,19.933441162109375,92.16000366210938,11.399075508117676,42.64254379272461
2008-03-10,3.5798845291137695,3.1735000610351562,35.7072639465332,22.80527687072754,16.5185489654541,20.06217384338379,90.9450912475586,11.159209251403809,42.62702178955078
2008-03-11,3.808990001678467,3.3575000762939453,36.353515625,24.28061866760254,16.746646881103516,20.941909790039062,94.21340942382812,11.479023933410645,44.808528900146484
2008-03-12,3.7695090770721436,3.325500011444092,36.41756057739258,24.136831283569336,16.774986267089844,20.477008819580078,93.33233642578125,11.54283332824707,44.44149398803711
2008-03-13,3.8266382217407227,3.4159998893737793,36.56895065307617,23.824260711669922,16.701303482055664,20.469863891601562,93.53841400146484,11.61398696899414,44.99980545043945
2008-03-14,3.7868590354919434,3.4110000133514404,36.475799560546875,22.842796325683594,16.304521560668945,19.997800827026367,92.08901977539062,11.434953689575195,44.410465240478516
2008-03-17,3.7904469966888428,3.3264999389648438,37.28506851196289,25.199581146240234,16.34987449645996,20.240982055664062,91.1582260131836,11.46479320526123,44.348445892333984
2008-03-18,3.972595453262329,3.5850000381469727,38.02447509765625,26.699922561645508,16.837339401245117,21.04204750061035,94.94522857666016,11.701204299926758,45.733856201171875
2008-03-19,3.8783819675445557,3.508500099182129,37.77412796020508,26.549907684326172,16.993215560913086,20.469863891601562,92.59343719482422,11.655296325683594,43.64540100097656
2008-03-20,3.986057758331299,3.6594998836517334,38.065223693847656,28.737905502319336,17.29929542541504,20.870380401611328,94.30855560302734,12.217636108398438,43.94005584716797
2008-03-24,4.173290252685547,3.797499895095825,37.779945373535156,29.100473403930664,17.338966369628906,20.86323356628418,96.19356536865234,12.3094482421875,44.4311637878418
2008-03-25,4.216660499572754,3.758500099182129,37.581993103027344,28.794172286987305,17.404150009155273,20.84177017211914,96.2863998413086,12.176321029663086,44.04344177246094
2008-03-26,4.338689804077148,3.690000057220459,37.66931915283203,27.575136184692383,17.330472946166992,20.426942825317383,95.1082534790039,12.141891479492188,44.591407775878906
2008-03-27,4.194825649261475,3.5399999618530273,37.62275314331055,26.79370880126953,17.375816345214844,20.06217384338379,94.80835723876953,12.020246505737305,44.56038284301758
2008-03-28,4.277374267578125,3.48799991607666,37.3665885925293,26.699922561645508,17.270950317382812,19.962045669555664,93.90153503417969,11.962860107421875,44.05379867553711
2008-03-31,4.292032241821289,3.565000057220459,37.768310546875,26.849964141845703,17.25110626220703,20.298202514648438,94.22999572753906,12.091392517089844,43.722930908203125
2008-04-01,4.472385406494141,3.8350000381469727,38.35052490234375,29.38180160522461,17.412656784057617,21.099260330200195,97.54305267333984,12.41273021697998,44.984291076660156
2008-04-02,4.41137170791626,3.868499994277954,38.02447509765625,29.14230728149414,17.13491439819336,20.856077194213867,97.60733032226562,12.499950408935547,45.75968933105469
2008-04-03,4.5345988273620605,3.746999979019165,38.00117874145508,29.16752052307129,17.16326141357422,20.741649627685547,97.85013580322266,12.607832908630371,45.60976791381836
2008-04-04,4.5785675048828125,3.8434998989105225,38.269012451171875,28.72004508972168,17.075395584106445,20.856077194213867,97.74299621582031,12.48617935180664,45.87342834472656
2008-04-07,4.662613391876221,3.8450000286102295,38.50770950317383,28.70115089416504,17.109407424926758,20.856077194213867,97.79299926757812,12.447161674499512,45.96648025512695
2008-04-08,4.571386337280273,3.865000009536743,38.61249542236328,28.272579193115234,17.149078369140625,20.562835693359375,97.69304656982422,12.497650146484375,46.32315444946289
2008-04-09,4.529514312744141,3.7195000648498535,38.59505081176758,27.919641494750977,17.22560691833496,20.66297149658203,96.98613739013672,12.426506996154785,46.36970138549805
2008-04-10,4.622532367706299,3.741499900817871,38.61834716796875,27.642349243164062,17.381479263305664,20.82032585144043,97.12178802490234,12.545855522155762,46.29214859008789
2008-04-11,4.40090274810791,3.5994999408721924,38.426212310791016,26.804109573364258,17.086732864379883,20.22667694091797,95.23674011230469,12.577983856201172,45.8113899230957
2008-04-14,4.420045852661133,3.630500078201294,38.274837493896484,26.154970169067383,17.287952423095703,20.069326400756836,94.91545867919922,12.6583251953125,46.36970138549805
2008-04-15,4.437991619110107,3.625,38.22243118286133,26.54572105407715,17.270950317382812,20.20522689819336,95.1368408203125,12.915395736694336,46.9383430480957
2008-04-16,4.597110748291016,3.7295000553131104,38.25153732299805,28.335609436035156,17.330472946166992,20.705890655517578,97.7144546508789,13.099011421203613,48.01872634887695
2008-04-17,4.6207380294799805,3.7019999027252197,38.286468505859375,28.436445236206055,17.197254180908203,20.898988723754883,97.85723114013672,13.00720500946045,48.272029876708984
2008-04-18,4.816647529602051,4.005000114440918,38.7231330871582,28.839784622192383,17.035728454589844,21.456878662109375,98.87828826904297,12.924578666687012,48.59252166748047
2008-04-21,5.029603481292725,4.008999824523926,38.61249542236328,28.505769729614258,17.103740692138672,21.75726890563965,98.92829132080078,12.940642356872559,48.72693634033203
2008-04-22,4.79152250289917,3.9800000190734863,39.00259017944336,28.770458221435547,16.973365783691406,21.635677337646484,98.4926986694336,12.979660987854004,48.794151306152344
2008-04-23,4.871979713439941,4.050000190734863,39.15980529785156,28.455358505249023,17.095247268676758,22.493959426879883,98.3356704711914,13.064583778381348,48.70627975463867
2008-04-24,5.0529327392578125,3.884500026702881,39.22382736206055,29.602384567260742,17.075395584106445,22.74428367614746,98.76406860351562,13.186232566833496,47.868839263916016
2008-04-25,5.076561450958252,4.043000221252441,39.18889236450195,30.119173049926758,16.814664840698242,21.335290908813477,99.6780014038086,13.232142448425293,47.79645919799805
2008-04-28,5.15163516998291,4.098499774932861,39.19470977783203,29.835559844970703,16.715471267700195,20.7344913482666,99.69945526123047,13.16327953338623,47.79127502441406
2008-04-29,5.235682010650635,4.0370001792907715,39.11905288696289,29.671695709228516,16.64177703857422,20.48415756225586,99.30673217773438,13.452488899230957,47.450096130371094
2008-04-30,5.202780246734619,3.93149995803833,39.06081008911133,30.030948638916016,16.684293746948242,20.398338317871094,98.72120666503906,13.307884216308594,48.111793518066406
2008-05-01,5.383733749389648,3.9679999351501465,39.480010986328125,31.039337158203125,16.746646881103516,21.02773666381836,100.76331329345703,13.328535079956055,46.36970138549805
2008-05-02,5.411849498748779,3.865499973297119,39.74202346801758,30.667499542236328,16.655948638916016,20.913301467895508,101.04176330566406,13.197709083557129,46.32315444946289
2008-05-05,5.525206565856934,3.7960000038146973,39.532405853271484,30.25152587890625,16.54543113708496,20.798866271972656,100.55624389648438,13.076061248779297,46.27146530151367
2008-05-06,5.582932949066162,3.7855000495910645,39.34611511230469,30.37759017944336,16.514249801635742,21.242313385009766,101.4273452758789,12.93375301361084,46.560951232910156
2008-05-07,5.461200714111328,3.6589999198913574,38.95602035522461,29.350292205810547,16.16282081604004,20.891847610473633,99.62089538574219,13.043928146362305,45.91476058959961
2008-05-08,5.53507661819458,3.6394999027252197,38.9502067565918,29.022560119628906,15.953104019165039,20.934762954711914,99.36384582519531,13.119669914245605,46.488582611083984
2008-05-09,5.486921787261963,3.620500087738037,38.74642562866211,29.350292205810547,15.913419723510742,21.020584106445312,99.17819213867188,13.124261856079102,46.11989974975586
2008-05-12,5.627795696258545,3.7265000343322754,38.839576721191406,29.772550582885742,15.984278678894043,21.44971466064453,100.29207611083984,13.317065238952637,46.312049865722656
2008-05-13,5.681633472442627,3.7279999256134033,38.664913177490234,28.663328170776367,16.01261329650879,21.37793731689453,100.30634307861328,13.002612113952637,46.56647872924805
2008-05-14,5.570968151092529,3.7100000381469727,38.89780044555664,28.9343318939209,16.023948669433594,21.485610961914062,100.51342010498047,13.241866111755371,46.68589401245117
2008-05-15,5.6747541427612305,3.805999994277954,38.82212448120117,29.6339111328125,16.157155990600586,21.858901977539062,101.7701187133789,13.165799140930176,47.40766906738281
2008-05-16,5.611644744873047,3.822999954223633,38.82212448120117,29.325090408325195,16.174163818359375,21.528690338134766,101.86293029785156,13.14736270904541,48.11903381347656
2008-05-19,5.491406440734863,4.114500045776367,38.79301071166992,28.98474884033203,16.301694869995117,21.14821434020996,102.14144134521484,12.999850273132324,48.99657440185547
2008-05-20,5.560202598571777,4.035999774932861,38.51353073120117,27.541494369506836,16.179824829101562,20.645715713500977,101.3131332397461,12.896123886108398,49.10041046142578
2008-05-21,5.329596042633057,3.9149999618530273,38.269012451171875,26.734790802001953,16.05512237548828,20.279605865478516,99.59945678710938,12.730172157287598,48.63828659057617
2008-05-22,5.295499801635742,3.9630000591278076,38.351097106933594,27.1318416595459,16.514249801635742,20.437536239624023,99.61377716064453,12.919174194335938,48.035953521728516
2008-05-23,5.418725490570068,3.9175000190734863,38.063804626464844,26.67177391052246,16.616275787353516,20.13603401184082,98.27848815917969,12.85002613067627,47.096107482910156
2008-05-27,5.576050758361816,4.031000137329102,38.198638916015625,27.106637954711914,16.604938507080078,20.415998458862305,99.0068359375,12.999850273132324,46.6287956237793
2008-05-28,5.593400955200195,4.004000186920166,38.04034423828125,27.01210594177246,16.279022216796875,20.229352951049805,99.46382904052734,13.158885955810547,46.95590591430664
2008-05-29,5.583827495574951,4.017499923706055,38.94327163696289,27.459575653076172,16.400890350341797,20.322681427001953,99.96357727050781,13.354808807373047,46.395118713378906
2008-05-30,5.645442485809326,4.080999851226807,39.13090515136719,27.100337982177734,16.22800064086914,20.329853057861328,100.21353149414062,13.308708190917969,46.08876037597656
2008-06-02,5.566183090209961,4.011499881744385,38.996036529541016,26.56462287902832,16.154321670532227,19.956565856933594,99.17819213867188,13.184240341186523,45.595458984375
2008-06-03,5.544347763061523,4.005499839782715,39.14261245727539,26.400760650634766,15.984278678894043,19.60481071472168,98.59980010986328,13.31562328338623,44.50503158569336
2008-06-04,5.53896427154541,4.074999809265137,39.01948928833008,26.23689842224121,16.06929588317871,19.769922256469727,98.54985046386719,13.294877052307129,44.52581024169922
2008-06-05,5.665782928466797,4.225500106811523,39.259883880615234,26.53311538696289,16.208162307739258,20.315492630004883,100.52055358886719,13.78352165222168,46.37434768676758
2008-06-06,5.552424430847168,4.031499862670898,38.556304931640625,25.26631736755371,15.814231872558594,19.734031677246094,97.31454467773438,13.4539213180542,45.06583023071289
2008-06-09,5.431889057159424,3.9714999198913574,38.480079650878906,23.640310287475586,15.83123779296875,19.891956329345703,97.55023193359375,13.730513572692871,46.249732971191406
2008-06-10,5.552424430847168,3.9809999465942383,38.474220275878906,24.131895065307617,16.440563201904297,20.02117347717285,97.06464385986328,13.778912544250488,45.63701248168945
2008-06-11,5.407959461212158,3.864000082015991,38.22796630859375,23.400829315185547,16.300779342651367,19.468425750732422,95.6366195678711,13.48849105834961,46.0108757019043
2008-06-12,5.182142734527588,3.807499885559082,38.5152702331543,23.955425262451172,16.300779342651367,20.27242660522461,96.00077056884766,13.62448501586914,45.20603561401367
2008-06-13,5.15552282333374,3.9584999084472656,38.85533905029297,24.944910049438477,15.810091972351074,20.868253707885742,97.21463775634766,13.640620231628418,45.881072998046875
2008-06-16,5.289217472076416,4.085000038146973,38.60321044921875,25.171791076660156,15.456354141235352,20.76774787902832,97.271728515625,13.670584678649902,45.688926696777344
2008-06-17,5.426504611968994,4.148499965667725,38.45663070678711,24.604572296142578,15.393596649169922,20.6744384765625,96.80048370361328,13.527681350708008,46.016056060791016
2008-06-18,5.346347808837891,4.125999927520752,37.78237533569336,24.41551399230957,15.165374755859375,20.430355072021484,95.85794830322266,13.292570114135742,45.60584259033203
2008-06-19,5.410651206970215,4.2129998207092285,37.887901306152344,24.358793258666992,15.222426414489746,20.76774787902832,95.97935485839844,13.297186851501465,44.54658126831055
2008-06-20,5.242259502410889,4.054999828338623,37.5595588684082,23.86090087890625,15.308009147644043,20.26525115966797,94.4214859008789,12.967580795288086,44.08964157104492
2008-06-23,5.17915153503418,4.033999919891357,37.69442367553711,23.236957550048828,15.193891525268555,20.078601837158203,94.32817077636719,13.055167198181152,45.5383415222168
2008-06-24,5.181844234466553,3.9820001125335693,37.94654083251953,23.772666931152344,15.225278854370117,19.906320571899414,94.1415786743164,13.211905479431152,45.13333511352539
2008-06-25,5.305670738220215,4.0254998207092285,38.27485656738281,23.89241600036621,15.4335298538208,20.351388931274414,94.58647155761719,13.396297454833984,45.48642349243164
2008-06-26,5.032594203948975,3.815000057220459,37.676822662353516,22.890323638916016,15.182488441467285,19.92066764831543,92.01750183105469,13.098958969116211,44.868507385253906
2008-06-27,5.087329864501953,3.7330000400543213,37.272254943847656,22.08991813659668,14.78880500793457,19.83452606201172,91.51518249511719,12.976801872253418,44.941226959228516
2008-06-30,5.008069038391113,3.6665000915527344,37.7237434387207,21.62354278564453,14.828740119934082,19.748388290405273,91.83811950683594,12.953751564025879,45.76161193847656
2008-07-01,5.224613189697266,3.680999994277954,37.92893981933594,21.680898666381836,14.549169540405273,19.28896141052246,92.1251449584961,13.145058631896973,45.8758544921875
2008-07-02,5.030201435089111,3.572000026702881,37.899627685546875,22.050527572631836,14.654722213745117,18.57827377319336,90.54644012451172,13.022904396057129,45.38777160644531
2008-07-03,5.08822774887085,3.5999999046325684,38.18107223510742,22.50301170349121,14.686100959777832,18.650053024291992,90.63973236083984,13.045950889587402,45.834327697753906
2008-07-07,5.2389726638793945,3.624500036239624,38.25728225708008,21.69365692138672,14.631903648376465,18.68595314025879,89.7140121459961,13.117391586303711,45.14890670776367
2008-07-08,5.370274066925049,3.752000093460083,38.82013702392578,22.796173095703125,14.683256149291992,18.556747436523438,91.30706787109375,13.62448501586914,44.62446594238281
2008-07-09,5.211752414703369,3.5304999351501465,38.80256652832031,21.846599578857422,14.517788887023926,18.11166763305664,89.54896545410156,13.292570114135742,43.7780876159668
2008-07-10,5.282938480377197,3.5315001010894775,39.2481575012207,21.993173599243164,14.275309562683105,18.269588470458984,89.91492462158203,13.186541557312012,44.68678665161133
2008-07-11,5.161803245544434,3.427000045776367,38.84945297241211,21.1328182220459,14.34091854095459,18.126014709472656,88.86724090576172,12.974493026733398,44.385623931884766
2008-07-14,5.200686454772949,3.313999891281128,38.93741226196289,20.195995330810547,14.537763595581055,18.05422592163086,88.06354522705078,12.979106903076172,44.354469299316406
2008-07-15,5.073870658874512,3.3515000343322754,39.69375991821289,19.76899528503418,14.774543762207031,18.772092819213867,86.82210540771484,12.962968826293945,42.67728042602539
2008-07-16,5.168685436248779,3.5920000076293945,39.98106384277344,22.90451431274414,14.931445121765137,19.568923950195312,88.953369140625,13.128924369812012,41.96070861816406
2008-07-17,5.1387739181518555,3.6054999828338623,39.769989013671875,26.001792907714844,14.360885620117188,19.75556182861328,89.84320068359375,13.294877052307129,41.71147537231445
2008-07-18,4.939573287963867,3.4560000896453857,39.76411056518555,25.50468635559082,14.272452354431152,18.56392478942871,90.40290069580078,13.350200653076172,42.339759826660156
2008-07-21,4.973672389984131,3.4240000247955322,39.34783935546875,24.6315860748291,14.14977741241455,18.405988693237305,90.45311737060547,13.2095947265625,43.08749008178711
2008-07-22,4.845959186553955,3.3984999656677246,39.86378860473633,26.04002571105957,14.649016380310059,18.520849227905273,91.47927856445312,13.612961769104004,43.02519607543945
2008-07-23,4.972775459289551,3.5269999504089355,40.027976989746094,26.74104881286621,14.97708511352539,18.97309684753418,91.97444915771484,13.389381408691406,42.054168701171875
2008-07-24,4.756529808044434,3.936000108718872,40.256629943847656,24.943864822387695,14.794507026672363,18.262405395507812,90.06562805175781,13.13122844696045,41.95551681518555
2008-07-25,4.8489484786987305,3.9154999256134033,40.47355270385742,25.186038970947266,14.8515625,18.77927589416504,90.0440902709961,13.098958969116211,42.422855377197266
2008-07-28,4.618046283721924,3.7990000247955322,40.151092529296875,24.000654220581055,14.591958999633789,18.30548095703125,88.72373962402344,12.912261009216309,41.89320373535156
2008-07-29,4.698206424713135,3.9105000495910645,40.151092529296875,25.96991729736328,14.71177864074707,18.743383407592773,90.61819458007812,13.241866111755371,42.007442474365234
2008-07-30,4.781951904296875,3.9105000495910645,39.91656494140625,26.492511749267578,14.637605667114258,18.82952308654785,92.23277282714844,13.497714042663574,43.81443405151367
2008-07-31,4.754134654998779,3.816999912261963,40.14523696899414,25.893451690673828,14.69180965423584,18.463415145874023,91.01285552978516,13.51154613494873,41.76339340209961
2008-08-01,4.685644149780273,3.7874999046325684,39.928287506103516,25.976293563842773,15.159661293029785,18.262405395507812,90.53206634521484,13.311017036437988,41.39474105834961
2008-08-04,4.583051681518555,3.7855000495910645,40.444252014160156,25.58116912841797,15.376476287841797,18.147560119628906,89.69245147705078,13.467751502990723,39.77467346191406
2008-08-05,4.80468225479126,3.9554998874664307,41.3061408996582,26.69643783569336,15.664605140686035,18.815166473388672,92.11078643798828,13.90799331665039,40.68334197998047
2008-08-06,4.910862922668457,3.9045000076293945,41.66965103149414,26.377784729003906,15.792980194091797,19.396638870239258,92.51982116699219,14.004801750183105,40.67296600341797
2008-08-07,4.8923187255859375,3.8475000858306885,41.42340087890625,25.370859146118164,15.407855033874512,19.662240982055664,91.14203643798828,13.128924369812012,40.21083068847656
2008-08-08,5.071176528930664,4.0254998207092285,41.95109176635742,26.173847198486328,15.807243347167969,20.193464279174805,92.83554077148438,13.336369514465332,40.87548065185547
2008-08-11,5.191115379333496,4.4045000076293945,42.015586853027344,26.69643783569336,15.790128707885742,20.02835464477539,93.79714965820312,13.497714042663574,40.79197311401367
2008-08-12,5.285928249359131,4.362500190734863,42.03902816772461,24.16636085510254,15.630370140075684,20.1862850189209,92.82122039794922,13.656753540039062,40.123931884765625
2008-08-13,5.362797737121582,4.334499835968018,41.74586486816406,23.52269744873047,15.75018310546875,20.035541534423828,92.26148223876953,13.394783973693848,40.79719543457031
2008-08-14,5.363395690917969,4.401500225067139,41.740013122558594,24.09626007080078,15.695985794067383,20.035541534423828,92.95755767822266,13.445698738098145,40.421424865722656
2008-08-15,5.25631856918335,4.320000171661377,41.82210159301758,24.261964797973633,15.707399368286133,19.9637508392334,93.40966033935547,13.739603996276855,40.22309494018555
2008-08-18,5.245850563049316,4.1554999351501465,41.6813850402832,23.414348602294922,15.499146461486816,19.877607345581055,92.1323013305664,13.614636421203613,39.941261291503906
2008-08-19,5.190217971801758,4.064499855041504,41.7165641784668,22.675081253051758,15.499146461486816,19.69021224975586,91.1276626586914,13.468838691711426,40.68238067626953
2008-08-20,5.2593092918396,4.106500148773193,41.67551040649414,23.580045700073242,15.504852294921875,19.66859245300293,91.55105590820312,13.505867004394531,41.13120651245117
2008-08-21,5.212949752807617,4.163000106811523,41.79278564453125,23.108455657958984,15.265220642089844,19.589319229125977,91.70891571044922,13.538264274597168,41.9349365234375
2008-08-22,5.287723541259766,4.263000011444092,42.1468620300293,24.007038116455078,15.510564804077148,20.06499481201172,93.03648376464844,13.7558012008667,41.908843994140625
2008-08-25,5.160906791687012,4.142499923706055,41.780982971191406,23.025596618652344,15.282337188720703,19.935264587402344,91.14920806884766,13.549835205078125,41.079010009765625
2008-08-26,5.193507671356201,4.0879998207092285,41.72785568237305,23.331510543823242,15.268071174621582,19.6541805267334,91.41470336914062,13.653980255126953,41.72618865966797
2008-08-27,5.224314212799072,4.08650016784668,42.02293395996094,23.66927146911621,15.345098495483398,19.86318588256836,92.30451202392578,13.721090316772461,41.99757385253906
2008-08-28,5.196497917175293,4.171000003814697,42.14093780517578,24.778173446655273,15.15395736694336,20.13705825805664,93.42401885986328,13.85763168334961,42.36811065673828
2008-08-29,5.070580005645752,4.040500164031982,41.5626220703125,24.52962303161621,14.85441780090332,19.66859245300293,92.41935729980469,13.670182228088379,41.75749588012695
2008-09-02,4.970682621002197,4.070499897003174,42.32979965209961,24.848276138305664,14.823038101196289,19.531648635864258,91.84529876708984,13.804398536682129,40.353580474853516
2008-09-03,4.993709087371826,4.03849983215332,42.199981689453125,25.30712890625,14.737456321716309,19.387510299682617,91.76634216308594,13.83680248260498,40.718910217285156
2008-09-04,4.8220295906066895,3.9014999866485596,41.57444381713867,24.159992218017578,14.751718521118164,18.991117477416992,89.00357055664062,13.834482192993164,39.73774337768555
2008-09-05,4.790923595428467,3.9595000743865967,41.70424270629883,25.237024307250977,14.81447982788086,18.486597061157227,89.28345489501953,14.056655883789062,39.466339111328125
2008-09-08,4.723328590393066,4.058000087738037,42.618961334228516,26.479753494262695,15.228133201599121,18.825347900390625,91.1276626586914,14.348249435424805,40.066524505615234
2008-09-09,4.5366926193237305,3.9519999027252197,42.09964370727539,25.154176712036133,15.370769500732422,18.810930252075195,88.42233276367188,14.146903038024902,38.234657287597656
2008-09-10,4.5345988273620605,3.8369998931884766,42.03471755981445,25.10956382751465,15.35079288482666,19.05597686767578,88.7811508178711,14.352874755859375,39.27323913574219
2008-09-11,4.5657057762146,3.9755001068115234,41.993431091308594,26.543479919433594,15.557663917541504,19.704626083374023,90.06562805175781,14.619011878967285,39.43503189086914
2008-09-12,4.454740524291992,3.9149999618530273,41.65704345703125,26.237600326538086,15.658219337463379,19.90643310546875,90.48184967041016,14.443129539489746,40.44752502441406
2008-09-15,4.198115825653076,3.867000102996826,41.07872009277344,23.580045700073242,15.730043411254883,19.32984733581543,86.1762466430664,14.262622833251953,38.22941207885742
2008-09-16,4.183757781982422,3.936500072479248,41.190853118896484,25.96354103088379,15.758782386779785,18.731645584106445,87.61862182617188,14.380645751953125,39.88908386230469
2008-09-17,3.8233489990234375,3.5769999027252197,41.01972579956055,22.796173095703125,15.129578590393066,17.708219528198242,83.67899322509766,13.802083969116211,39.28888702392578
2008-09-18,4.010583877563477,3.825000047683716,41.8576774597168,25.683147430419922,15.339313507080078,18.20551872253418,86.16188049316406,14.227907180786133,40.577980041503906
2008-09-19,4.214565753936768,4.050000190734863,41.30296325683594,29.984901428222656,15.146809577941895,18.133441925048828,89.58373260498047,13.815974235534668,41.54872512817383
2008-09-22,3.9196557998657227,3.746500015258789,40.370567321777344,26.001792907714844,14.761816024780273,18.306411743164062,87.55561065673828,13.628525733947754,41.16775131225586
2008-09-23,3.793736696243286,3.5880000591278076,40.21713638305664,25.848833084106445,14.560704231262207,18.335248947143555,85.56358337402344,13.515124320983887,40.54668045043945
2008-09-24,3.8496687412261963,3.497999906539917,40.24074172973633,25.810592651367188,14.419928550720215,18.537050247192383,85.83782196044922,13.635468482971191,40.7241096496582
2008-09-25,3.9459786415100098,3.6040000915527344,40.931190490722656,27.697006225585938,14.784806251525879,19.178504943847656,87.1802749633789,13.913172721862793,42.101959228515625
2008-09-26,3.835610866546631,3.5350000858306885,40.95481872558594,30.743276596069336,15.077866554260254,19.74787139892578,87.22362518310547,14.049713134765625,42.09151840209961
2008-09-29,3.148287534713745,3.1675000190734863,39.479488372802734,26.129241943359375,14.661267280578613,18.02534294128418,80.38862609863281,13.526692390441895,38.65217590332031
2008-09-30,3.3995285034179688,3.638000011444092,40.883975982666016,29.7618408203125,15.192781448364258,19.236154556274414,83.71588897705078,13.859939575195312,40.531036376953125
2008-10-01,3.263740062713623,3.4790000915527344,40.00469207763672,31.629127502441406,15.560541152954102,19.084806442260742,83.76639556884766,13.806719779968262,41.01116943359375
2008-10-02,2.993953227996826,3.368000030517578,40.00469207763672,32.014469146728516,15.399646759033203,18.919042587280273,80.72785186767578,13.619264602661133,40.44752502441406
2008-10-03,2.9033281803131104,3.3499999046325684,39.04279327392578,29.477703094482422,15.103715896606445,18.96949005126953,79.63800048828125,13.822917938232422,40.67717742919922
2008-10-06,2.935330629348755,3.2614998817443848,38.06317138671875,28.257492065429688,14.629656791687012,17.953262329101562,75.58174896240234,13.399412155151367,40.353580474853516
2008-10-07,2.6667423248291016,2.9260001182556152,36.87702560424805,25.251922607421875,14.16422176361084,16.742448806762695,72.19676971435547,12.69126033782959,39.70119857788086
2008-10-08,2.6855857372283936,3.0510001182556152,36.800315856933594,25.239086151123047,13.621221542358398,16.58389663696289,70.3779296875,12.6241455078125,40.18656921386719
2008-10-09,2.654181480407715,2.799999952316284,33.979488372802734,23.556476593017578,12.440385818481445,16.072175979614258,65.46280670166016,11.892842292785645,35.48943328857422
2008-10-10,2.895251512527466,2.8125,32.95858383178711,26.74186134338379,11.923233985900879,15.495590209960938,63.87496566772461,11.791019439697266,32.545902252197266
2008-10-13,3.2978360652923584,3.1010000705718994,36.98915100097656,26.96665382385254,13.578118324279785,18.378488540649414,73.14947509765625,12.61257266998291,38.140689849853516
2008-10-14,3.1129939556121826,2.7929999828338623,37.768104553222656,26.14460563659668,12.563924789428711,17.36948013305664,72.06684112548828,12.598688125610352,37.81711959838867
2008-10-15,2.9296481609344482,2.436000108718872,35.72626876831055,24.71888542175293,12.701828002929688,16.331623077392578,64.97201538085938,11.582737922668457,32.540672302246094
2008-10-16,3.047492742538452,2.5144999027252197,37.473060607910156,26.003314971923828,13.152900695800781,17.434349060058594,67.67860412597656,12.640342712402344,36.246185302734375
2008-10-17,2.913198232650757,2.5325000286102295,36.971435546875,25.258350372314453,12.698960304260254,17.246957778930664,67.27439880371094,12.443634033203125,35.51030349731445
2008-10-20,2.9443039894104004,2.6484999656677246,38.02778625488281,26.112491607666016,13.348273277282715,17.816329956054688,71.3161849975586,12.59637451171875,39.13753890991211
2008-10-21,2.7364320755004883,2.5114998817443848,37.56747817993164,25.521656036376953,13.22473430633545,16.836143493652344,69.18704223632812,12.420490264892578,37.31611251831055
2008-10-22,2.8973450660705566,2.499500036239624,36.24559020996094,23.87116050720215,13.037984848022461,15.517221450805664,65.41952514648438,12.0964994430542,33.69930648803711
2008-10-23,2.938023805618286,2.5160000324249268,36.853424072265625,24.307870864868164,12.371430397033691,16.08658790588379,66.17731475830078,12.209894180297852,36.73678970336914
2008-10-24,2.8826904296875,2.447999954223633,35.87381362915039,22.753705978393555,11.95483684539795,15.82712459564209,62.82118225097656,11.895158767700195,36.03220748901367
2008-10-27,2.7543787956237793,2.4790000915527344,35.49612808227539,21.83534049987793,11.782450675964355,15.264963150024414,60.59095764160156,11.494791984558105,34.49260330200195
2008-10-28,2.9882700443267822,2.802000045776367,37.88024139404297,24.14731788635254,13.000631332397461,16.648761749267578,67.67137908935547,12.767627716064453,39.0696907043457
2008-10-29,3.127052068710327,2.8445000648498535,36.31051254272461,22.933523178100586,12.59840202331543,16.576684951782227,67.18055725097656,12.73291301727295,38.9600944519043
2008-10-30,3.321165084838867,2.8355000019073486,35.74396896362305,24.16016387939453,12.831121444702148,16.31001091003418,69.50460815429688,12.670427322387695,39.16886901855469
2008-10-31,3.2179760932922363,2.861999988555908,36.19837188720703,26.49140167236328,12.658737182617188,16.093801498413086,69.88712310791016,12.915738105773926,38.683494567871094
2008-11-03,3.199134349822998,2.7885000705718994,36.0921516418457,26.157447814941406,13.05809211730957,16.30280303955078,70.08922576904297,12.952766418457031,38.77219009399414
2008-11-04,3.3196704387664795,2.922499895095825,36.52294921875,27.082229614257812,13.22473430633545,16.95867347717285,72.47103118896484,12.989790916442871,40.442283630371094
2008-11-05,3.089665412902832,2.5989999771118164,35.319087982177734,25.187707901000977,12.851238250732422,15.913615226745605,69.42521667480469,12.526945114135742,38.45906448364258
2008-11-06,2.9640448093414307,2.3610000610351562,34.18013381958008,24.571178436279297,12.78227424621582,15.048742294311523,65.57828521728516,12.378833770751953,36.512359619140625
2008-11-07,2.938321828842163,2.4605000019073486,35.53742218017578,24.24364471435547,13.287938117980957,15.495590209960938,67.74351501464844,12.587115287780762,38.81669998168945
2008-11-10,2.8677353858947754,2.4230000972747803,35.41352081298828,23.38307762145996,13.18738079071045,15.351445198059082,66.85578918457031,12.769935607910156,38.85342788696289
2008-11-11,2.83453631401062,2.315000057220459,35.14204025268555,23.344541549682617,12.767916679382324,15.279377937316895,64.79158782958984,12.670427322387695,38.134315490722656
2008-11-12,2.6954548358917236,2.078000068664551,34.18013381958008,22.201406478881836,12.592656135559082,14.630717277526855,61.9406623840332,12.177495002746582,36.181671142578125
2008-11-13,2.8844847679138184,2.246500015258789,37.118988037109375,23.884008407592773,13.296551704406738,15.315408706665039,65.80201721191406,12.712087631225586,39.583045959472656
2008-11-14,2.6990444660186768,2.0875000953674316,35.4371223449707,22.137187957763672,12.934549331665039,14.457747459411621,62.51804733276367,12.198325157165527,38.67494583129883
2008-11-17,2.636234998703003,1.9845000505447388,34.97681427001953,21.045413970947266,12.632881164550781,13.924410820007324,61.68803405761719,11.990043640136719,38.517486572265625
2008-11-18,2.689174175262451,1.9220000505447388,35.932830810546875,20.640817642211914,12.494975090026855,14.236425399780273,62.85007858276367,12.200639724731445,40.06597137451172
2008-11-19,2.580902099609375,1.7920000553131104,34.29816818237305,18.28388214111328,12.144454956054688,13.271369934082031,58.82268524169922,11.802590370178223,38.538482666015625
2008-11-20,2.407425880432129,1.7515000104904175,32.93497848510742,15.01500415802002,11.799687385559082,12.719902038574219,54.45611572265625,11.723909378051758,35.961204528808594
2008-11-21,2.469937324523926,1.8934999704360962,34.720062255859375,14.591140747070312,12.641501426696777,14.279962539672852,57.39362335205078,12.24692440032959,39.79301834106445
2008-11-24,2.7801012992858887,2.125,35.17229461669922,17.712312698364258,12.99488639831543,15.01282787322998,61.37046813964844,12.212210655212402,41.36248016357422
2008-11-25,2.7157955169677734,2.109499931335449,34.928321838378906,19.11876678466797,12.948917388916016,14.504895210266113,61.82521057128906,12.654226303100586,41.00029373168945
2008-11-26,2.8414151668548584,2.197999954223633,34.67246627807617,19.664644241333008,13.148846626281738,14.86769962310791,64.21415710449219,13.119397163391113,42.459529876708984
2008-11-28,2.771726131439209,2.134999990463257,34.85693359375,20.332550048828125,13.580570220947266,14.67178726196289,65.02252197265625,12.931940078735352,42.07111358642578
2008-12-01,2.659862518310547,2.0234999656677246,32.92307662963867,16.774681091308594,12.84460735321045,13.503558158874512,59.26297378540039,12.267751693725586,39.00566864013672
2008-12-02,2.7657439708709717,2.059499979019165,33.81561279296875,18.322416305541992,12.7287015914917,13.8953857421875,61.54368591308594,12.369583129882812,40.73783874511719
2008-12-03,2.8683338165283203,2.260499954223633,34.107200622558594,19.427030563354492,13.369054794311523,14.417821884155273,63.0233039855957,12.584805488586426,41.43073654174805
2008-12-04,2.7340400218963623,2.365999937057495,33.428863525390625,19.96006965637207,12.966300010681152,13.86637020111084,61.56534957885742,12.753740310668945,40.03447341918945
2008-12-05,2.8115060329437256,2.4130001068115234,34.648658752441406,21.417903900146484,13.322694778442383,14.417821884155273,63.46355056762695,13.471150398254395,40.20770263671875
2008-12-08,2.98258900642395,2.570499897003174,34.9699821472168,23.434459686279297,13.322694778442383,15.245020866394043,65.67935180664062,13.320732116699219,41.782413482666016
2008-12-09,2.992758274078369,2.5625,34.398746490478516,21.809640884399414,12.989480018615723,14.947513580322266,64.59671020507812,12.915738105773926,41.04752731323242
2008-12-10,2.937424898147583,2.484999895095825,34.392799377441406,21.527080535888672,13.128561019897461,14.95477294921875,65.03697204589844,12.786145210266113,42.029117584228516
2008-12-11,2.8414151668548584,2.4124999046325684,34.66057205200195,19.22793960571289,12.812734603881836,14.113077163696289,63.470760345458984,12.734540939331055,42.00287628173828
2008-12-12,2.939218759536743,2.5625,34.06554412841797,19.87015151977539,12.91414737701416,14.047773361206055,64.2286376953125,12.697352409362793,42.22856140136719
2008-12-15,2.8339381217956543,2.442500114440918,34.398746490478516,18.386634826660156,13.030050277709961,13.815571784973145,63.333641052246094,12.715944290161133,41.966129302978516
2008-12-16,2.854276418685913,2.631500005722046,35.46385192871094,20.775680541992188,13.461771011352539,14.591972351074219,66.31448364257812,12.839136123657227,43.640560150146484
2008-12-17,2.6667423248291016,2.6589999198913574,34.975948333740234,20.46099281311035,13.177815437316895,14.265450477600098,65.67207336425781,12.827512741088867,42.548763275146484
2008-12-18,2.674818515777588,2.6040000915527344,35.100887298583984,19.401344299316406,13.09089183807373,14.004231452941895,64.44514465332031,12.878645896911621,40.417667388916016
2008-12-19,2.6918673515319824,2.578000068664551,35.01164245605469,19.47199058532715,12.873584747314453,13.873617172241211,64.16790771484375,12.955340385437012,39.37833786010742
2008-12-22,2.5644521713256836,2.492000102996826,35.065185546875,19.150876998901367,12.940224647521973,13.917156219482422,63.345703125,13.013450622558594,39.32060241699219
2008-12-23,2.583594799041748,2.553999900817871,34.916439056396484,18.694904327392578,12.740299224853516,13.989721298217773,62.69090270996094,12.850756645202637,39.420345306396484
2008-12-24,2.5435149669647217,2.572000026702881,34.84502410888672,19.17014503479004,12.777969360351562,13.90990161895752,63.05467987060547,12.885619163513184,39.77726364135742
2008-12-26,2.566545009613037,2.5889999866485596,34.84502410888672,19.138029098510742,12.917045593261719,13.880873680114746,63.41848373413086,12.864700317382812,40.51739501953125
2008-12-29,2.5904722213745117,2.4700000286102295,34.60107421875,19.12518882751465,12.867786407470703,13.757522583007812,63.23658752441406,12.808917999267578,40.95305633544922
2008-12-30,2.580902099609375,2.5380001068115234,35.2079963684082,19.91511344909668,13.018458366394043,14.03325366973877,64.7354507446289,12.794976234436035,41.25224304199219
2008-12-31,2.5527865886688232,2.563999891281128,35.60071563720703,20.249065399169922,13.116965293884277,14.105812072753906,65.65951538085938,13.029717445373535,41.90312194824219
2009-01-02,2.7142984867095947,2.7179999351501465,36.0886344909668,20.37906837463379,13.299514770507812,14.751605033874512,67.63858032226562,13.290037155151367,42.85322189331055
2009-01-05,2.828852891921997,2.703000068664551,35.73162841796875,19.013967514038086,13.166224479675293,14.889469146728516,67.55857849121094,13.13663387298584,42.84798049926758
2009-01-06,2.782194137573242,2.868000030517578,35.517417907714844,19.423507690429688,12.954710960388184,15.063615798950195,68.00971984863281,13.020426750183105,42.14984130859375
2009-01-07,2.7220752239227295,2.809999942779541,35.1841926574707,18.25990867614746,13.018458366394043,14.156612396240234,65.97236633300781,12.90886116027832,41.07378005981445
2009-01-08,2.772622585296631,2.8580000400543213,35.118736267089844,17.69435691833496,13.108281135559082,14.599230766296387,66.2416000366211,11.941973686218262,41.51469421386719
2009-01-09,2.7092137336730957,2.7755000591278076,35.136592864990234,16.881805419921875,12.922835350036621,14.163859367370605,64.82276153564453,11.988457679748535,40.71685028076172
2009-01-12,2.6517879962921143,2.5959999561309814,34.71410369873047,16.1927547454834,12.670755386352539,14.127583503723145,63.265663146972656,11.944294929504395,40.17620086669922
2009-01-13,2.6233737468719482,2.572499990463257,35.01164245605469,17.128822326660156,12.754782676696777,14.381545066833496,63.382110595703125,12.113964080810547,40.90054702758789
2009-01-14,2.5521888732910156,2.424499988555908,34.482059478759766,16.842802047729492,12.349137306213379,13.85185432434082,61.38844299316406,11.983809471130371,39.420345306396484
2009-01-15,2.4938645362854004,2.572000026702881,34.28570556640625,15.822232246398926,12.563554763793945,13.960693359375,61.410274505615234,11.9350004196167,40.23918914794922
2009-01-16,2.462459087371826,2.5794999599456787,34.17859649658203,14.834147453308105,12.702631950378418,14.30172348022461,61.8905029296875,11.983809471130371,40.99504852294922
2009-01-20,2.338932752609253,2.421999931335449,33.76800537109375,11.759410858154297,12.424471855163574,13.409229278564453,58.62353515625,11.751384735107422,40.04498291015625
2009-01-21,2.4774153232574463,2.5269999504089355,33.535953521728516,14.710639953613281,12.54327392578125,14.062281608581543,61.155601501464844,11.421343803405762,41.60393524169922
2009-01-22,2.6428143978118896,2.496999979019165,33.83942413330078,15.016167640686035,12.494004249572754,12.415143966674805,60.20973587036133,11.358587265014648,41.063289642333984
2009-01-23,2.6428143978118896,2.5315001010894775,33.303890228271484,15.78322696685791,12.227437973022461,12.480454444885254,60.4716682434082,11.237730026245117,40.963565826416016
2009-01-26,2.6810998916625977,2.4814999103546143,33.64901351928711,15.92623233795166,12.46792984008789,12.792460441589355,60.886409759521484,11.295830726623535,41.25749588012695
2009-01-27,2.713700771331787,2.421999931335449,34.23810577392578,16.290264129638672,12.55485725402832,12.814230918884277,61.504878997802734,11.339995384216309,41.42547607421875
2009-01-28,2.817488431930542,2.5179998874664307,34.84502410888672,17.980388641357422,12.708426475524902,13.089962005615234,63.58584976196289,11.326048851013184,41.59867477416992
2009-01-29,2.7815964221954346,2.5,34.678401947021484,16.530771255493164,12.618605613708496,12.76344108581543,61.51943588256836,11.123842239379883,40.417667388916016
2009-01-30,2.695754051208496,2.940999984741211,34.32735061645508,16.58277702331543,12.378107070922852,12.407896041870117,60.2679443359375,10.951848030090332,40.14470291137695
2009-02-02,2.7370293140411377,3.057499885559082,34.32735061645508,16.381269454956055,12.239029884338379,12.937582969665527,60.086036682128906,10.82400894165039,40.254947662353516
2009-02-03,2.7809979915618896,3.179500102996826,34.85693359375,15.633702278137207,12.551960945129395,13.42374324798584,60.93006134033203,11.112220764160156,41.00556182861328
2009-02-04,2.7980451583862305,3.052999973297119,34.488006591796875,15.627208709716797,12.285391807556152,13.518072128295898,60.631752014160156,10.789149284362793,40.764102935791016
2009-02-05,2.8850836753845215,3.1589999198913574,34.57726287841797,15.952234268188477,12.369417190551758,13.815571784973145,61.533966064453125,11.286538124084473,41.87689971923828
2009-02-06,2.98258900642395,3.327500104904175,34.815277099609375,17.96088409423828,12.618605613708496,14.265450477600098,63.287532806396484,11.535229682922363,42.38331985473633
2009-02-09,3.0660362243652344,3.3355000019073486,34.809326171875,17.733366012573242,12.25931167602539,14.105812072753906,63.37483596801758,11.45388126373291,41.92964172363281
2009-02-10,2.9260594844818115,3.1654999256134033,33.75613021850586,16.004241943359375,11.784122467041016,13.641423225402832,60.4716682434082,11.091299057006836,40.16761016845703
2009-02-11,2.895850658416748,3.2174999713897705,34.11313247680664,16.959806442260742,11.95797061920166,13.938920021057129,60.82819366455078,11.209839820861816,39.34465408325195
2009-02-12,2.969128131866455,3.197999954223633,34.38090515136719,17.024818420410156,12.861993789672852,13.975201606750488,60.87184143066406,11.186594009399414,39.682273864746094
2009-02-13,2.965839147567749,3.1630001068115234,33.97628402709961,16.04973793029785,12.705533027648926,13.85185432434082,60.21700668334961,10.814716339111328,39.34992980957031
2009-02-17,2.8273563385009766,3.0834999084472656,33.309844970703125,14.07358169555664,12.34333610534668,13.216248512268066,57.641265869140625,11.212162971496582,37.60373306274414
2009-02-18,2.822571039199829,3.117500066757202,33.22058868408203,13.982584953308105,12.366518020629883,13.238154411315918,57.50300979614258,11.621227264404297,37.95191192626953
2009-02-19,2.7110090255737305,3.0975000858306885,33.280086517333984,13.39103889465332,12.54616641998291,13.084742546081543,56.88454818725586,11.72581672668457,38.06797790527344
2009-02-20,2.7277579307556152,3.193000078201294,32.78812789916992,12.936001777648926,12.412877082824707,13.150492668151855,56.331546783447266,11.625875473022461,37.577354431152344
2009-02-23,2.600641965866089,3.0855000019073486,32.18815994262695,12.682482719421387,12.195565223693848,12.573330879211426,54.31607437133789,11.360913276672363,36.559181213378906
2009-02-24,2.6993441581726074,3.2799999713897705,32.722129821777344,13.664057731628418,12.476625442504883,12.544111251831055,56.37521743774414,11.623553276062012,38.031063079833984
2009-02-25,2.726562261581421,3.185499906539917,32.374141693115234,14.125594139099121,12.276697158813477,12.39068603515625,55.9313850402832,11.437616348266602,38.009944915771484
2009-02-26,2.667640447616577,3.117000102996826,31.46219253540039,14.983663558959961,11.900019645690918,11.996170997619629,55.02186584472656,11.214485168457031,37.429649353027344
2009-02-27,2.671229362487793,3.239500045776367,29.9982852935791,14.853646278381348,11.836276054382324,11.79891586303711,53.79220962524414,11.444583892822266,35.820613861083984
2009-03-02,2.6302528381347656,3.0994999408721924,28.75035858154297,13.755064010620117,11.500164985656738,11.535907745361328,51.3692741394043,11.165674209594727,34.24323654174805
2009-03-03,2.6431121826171875,3.0850000381469727,28.582372665405273,13.657556533813477,11.250978469848633,11.601656913757324,50.983646392822266,11.012273788452148,33.95309066772461
2009-03-04,2.726861000061035,3.240499973297119,29.458316802978516,12.54597282409668,11.511761665344238,11.776998519897461,52.19145965576172,11.270265579223633,34.64945983886719
2009-03-05,2.657172441482544,3.2385001182556152,28.600358963012695,10.7908353805542,10.967032432556152,11.155999183654785,50.0595703125,11.56312370300293,32.82414627075195
2009-03-06,2.551290988922119,3.0845000743865967,28.780345916748047,10.355299949645996,11.329209327697754,11.163304328918457,50.14689254760742,11.367883682250977,33.778995513916016
2009-03-09,2.4857895374298096,3.0244998931884766,27.95839500427246,10.335798263549805,11.227807998657227,11.068330764770508,49.557518005371094,11.042489051818848,34.06388473510742
2009-03-10,2.6508898735046387,3.2855000495910645,28.666362762451172,12.675978660583496,11.346602439880371,12.040003776550293,52.51161575317383,11.312102317810059,35.55157470703125
2009-03-11,2.772024154663086,3.427000045776367,28.738353729248047,13.261030197143555,11.586709022521973,12.500273704528809,52.85358810424805,11.093094825744629,34.69694519042969
2009-03-12,2.8817930221557617,3.4790000915527344,29.398317337036133,15.081165313720703,11.958588600158691,12.427216529846191,54.934547424316406,11.439019203186035,35.424957275390625
2009-03-13,2.8692305088043213,3.43149995803833,30.38224983215332,15.438697814941406,12.069855690002441,12.164207458496094,55.36384201049805,11.497459411621094,35.45132827758789
2009-03-16,2.8539769649505615,3.3489999771118164,30.436254501342773,15.009659767150879,12.08449649810791,11.871970176696777,55.19647979736328,11.406299591064453,35.33000183105469
2009-03-17,2.9807941913604736,3.567500114440918,30.43025779724121,16.342262268066406,12.137202262878418,12.34685230255127,56.88454818725586,11.68678092956543,36.44841003417969
2009-03-18,3.0364253520965576,3.5625,30.394250869750977,17.622861862182617,12.19576644897461,12.39068603515625,58.15787124633789,11.789627075195312,36.49060821533203
2009-03-19,3.039417266845703,3.505000114440918,30.034276962280273,16.2187557220459,12.35096263885498,12.522191047668457,57.437530517578125,11.675095558166504,36.047462463378906
2009-03-20,3.0385186672210693,3.497999906539917,31.00022315979004,15.048660278320312,12.485651016235352,12.463746070861816,56.214454650878906,11.590950965881348,34.865753173828125
2009-03-23,3.220071315765381,3.7790000438690186,31.93617820739746,18.760448455810547,12.92487621307373,13.391581535339355,60.252296447753906,12.032713890075684,37.20808029174805
2009-03-24,3.185375690460205,3.640500068664551,31.61818504333496,17.16132354736328,12.889739990234375,13.099348068237305,59.065120697021484,11.93921947479248,36.60139083862305
2009-03-25,3.1850762367248535,3.619999885559082,31.71419334411621,18.565433502197266,13.103490829467773,13.062824249267578,59.68799591064453,12.07945728302002,37.01287841796875
2009-03-26,3.2861719131469727,3.684499979019165,31.738189697265625,18.91646385192871,13.132773399353027,13.756879806518555,60.90447235107422,12.331889152526855,37.577354431152344
2009-03-27,3.1958436965942383,3.5260000228881836,31.696186065673828,17.811376571655273,13.205978393554688,13.24547004699707,59.80527114868164,12.287477493286133,36.917911529541016
2009-03-30,3.125257968902588,3.572000026702881,31.80417823791504,16.15375328063965,12.860457420349121,12.770590782165527,57.73872756958008,12.098158836364746,36.20573043823242
2009-03-31,3.1441009044647217,3.671999931335449,31.55819320678711,17.278339385986328,12.869245529174805,13.420804977416992,58.273643493652344,12.177627563476562,35.92612075805664
2009-04-01,3.250877618789673,3.674999952316284,31.82217025756836,18.292417526245117,13.135706901550293,14.107555389404297,59.402198791503906,12.345919609069824,36.52227020263672
2009-04-02,3.371114492416382,3.816999912261963,31.78018569946289,18.338001251220703,13.27625560760498,14.092944145202637,61.138973236083984,12.537575721740723,37.06034851074219
2009-04-03,3.46921706199646,3.9084999561309814,31.28821563720703,19.067354202270508,13.167917251586914,13.698431968688965,61.74724578857422,12.574979782104492,37.16061019897461
2009-04-06,3.542794704437256,3.8994998931884766,31.31819725036621,18.364049911499023,13.173773765563965,13.705733299255371,61.263553619384766,12.488495826721191,36.95486068725586
2009-04-07,3.439607858657837,3.7755000591278076,30.814245223999023,17.745397567749023,13.0654296875,13.705733299255371,59.834571838378906,12.24540901184082,36.24793243408203
2009-04-08,3.479088306427002,3.8489999771118164,30.868228912353516,17.862619400024414,13.173773765563965,14.019886016845703,60.479469299316406,12.296834945678711,36.379825592041016
2009-04-09,3.576293706893921,3.9885001182556152,30.844226837158203,21.32704734802246,13.173773765563965,14.370561599731445,62.88311767578125,11.841050148010254,36.84406661987305
2009-04-13,3.5957350730895996,3.947000026702881,30.688257217407227,21.945690155029297,13.097639083862305,14.31212043762207,62.89775466918945,12.044394493103027,35.883934020996094
2009-04-14,3.538609027862549,3.8610000610351562,30.820234298706055,19.9920654296875,12.945369720458984,14.136778831481934,61.81318664550781,11.948568344116211,35.715110778808594
2009-04-15,3.518568515777588,3.7355000972747803,31.060216903686523,21.203306198120117,13.185480117797852,13.756879806518555,62.472721099853516,11.988303184509277,35.94723129272461
2009-04-16,3.6325249671936035,3.862499952316284,31.31819725036621,21.646129608154297,13.205978393554688,14.436317443847656,63.388763427734375,11.86909294128418,35.562110900878906
2009-04-17,3.6914446353912354,3.9024999141693115,31.828174591064453,21.659149169921875,13.182551383972168,14.027193069458008,63.81378173828125,11.733522415161133,35.213932037353516
2009-04-20,3.6041100025177,3.878499984741211,31.48021697998047,19.334346771240234,12.980513572692871,13.596141815185547,61.138973236083984,11.516155242919922,34.4437255859375
2009-04-21,3.641796588897705,3.937000036239624,31.47418975830078,21.183767318725586,12.617416381835938,13.85915470123291,62.33346939086914,11.647050857543945,34.93960952758789
2009-04-22,3.6343188285827637,3.9600000381469727,30.70624542236328,20.773517608642578,12.57056999206543,13.720354080200195,61.952423095703125,11.44369888305664,34.15883255004883
2009-04-23,3.750666618347168,4.0304999351501465,30.838245391845703,21.62660026550293,12.567646026611328,13.822624206542969,62.56064987182617,11.420321464538574,34.665287017822266
2009-04-24,3.7058017253875732,4.2230000495910645,30.550251007080078,21.737295150756836,12.529576301574707,15.276487350463867,63.50596237182617,11.188924789428711,35.11897659301758
2009-04-27,3.7306289672851562,4.156000137329102,30.514265060424805,21.34657859802246,12.36852741241455,14.903889656066895,62.90508270263672,11.338518142700195,34.8868522644043
2009-04-28,3.7058017253875732,4.119999885559082,30.388256072998047,21.35308265686035,12.38023853302002,14.560518264770508,62.70719909667969,11.329166412353516,35.388031005859375
2009-04-29,3.7428910732269287,3.989500045776367,30.616243362426758,22.453628540039062,12.506147384643555,14.794301986694336,64.04095458984375,11.791960716247559,36.10549545288086
2009-04-30,3.763528823852539,4.026000022888184,31.41419792175293,21.489845275878906,12.605705261230469,14.801604270935059,64.06294250488281,11.78027629852295,35.171722412109375
2009-05-01,3.8057007789611816,3.947999954223633,31.552188873291016,21.157726287841797,12.435877799987793,14.786993980407715,64.40735626220703,11.698467254638672,35.87864303588867
2009-05-04,3.950166940689087,3.9885001182556152,32.254150390625,23.30670738220215,12.64084529876709,14.750469207763672,66.59847259521484,11.883122444152832,35.97887420654297
2009-05-05,3.9693071842193604,4.09499979019165,32.61412811279297,22.67504119873047,12.632061004638672,14.45823860168457,66.37130737304688,11.794297218322754,35.68872833251953
2009-05-06,3.963026523590088,4.0995001792907715,32.52412796020508,24.237939834594727,12.573494911193848,14.45823860168457,67.52184295654297,11.572251319885254,36.17934036254883
2009-05-07,3.860139846801758,3.9639999866485596,32.93210983276367,22.948545455932617,12.532504081726074,14.114860534667969,66.58380126953125,11.661072731018066,36.36400604248047
2009-05-08,3.8640270233154297,3.8975000381469727,32.986114501953125,25.358016967773438,12.567646026611328,14.187920570373535,68.13739776611328,11.719502449035645,37.35051727294922
2009-05-11,3.875389575958252,3.930500030517578,32.46413803100586,23.332763671875,12.517860412597656,14.114860534667969,66.86227416992188,11.834036827087402,36.76142501831055
2009-05-12,3.721355438232422,3.8965001106262207,32.99810028076172,23.02668571472168,13.001009941101074,14.531291007995605,66.66439819335938,11.897146224975586,37.584022521972656
2009-05-13,3.5739011764526367,3.7095000743865967,33.088111877441406,22.173608779907227,12.775541305541992,14.42901611328125,64.98628997802734,11.756852149963379,37.02677917480469
2009-05-14,3.6773877143859863,3.755500078201294,33.01011657714844,23.143909454345703,13.147421836853027,14.655491828918457,65.5432357788086,11.538302421569824,37.021484375
2009-05-15,3.661536931991577,3.680000066757202,33.24409866333008,22.73365592956543,13.164983749389648,14.772385597229004,65.00823974609375,11.315056800842285,36.676517486572266
2009-05-18,3.7880542278289795,3.797499895095825,33.62807083129883,24.263988494873047,13.490008354187012,15.050005912780762,66.85498046875,11.731003761291504,37.41419219970703
2009-05-19,3.811981678009033,3.8935000896453857,33.532073974609375,23.31973648071289,13.656914710998535,14.932368278503418,66.77436828613281,11.599406242370605,37.42479705810547
2009-05-20,3.764725685119629,3.8984999656677246,33.52008819580078,22.49920654296875,13.762323379516602,14.983839988708496,66.32736206054688,11.500704765319824,36.94186782836914
2009-05-21,3.7141783237457275,3.7980000972747803,33.284034729003906,22.727140426635742,13.668628692626953,14.572115898132324,65.37467956542969,11.540653228759766,36.29442596435547
2009-05-22,3.6639297008514404,3.7820000648498535,33.15086364746094,22.40804672241211,13.850171089172363,14.520650863647461,65.23542785644531,11.573551177978516,36.527931213378906
2009-05-26,3.91158127784729,3.9195001125335693,33.447444915771484,23.79511833190918,13.82381534576416,14.954427719116211,66.90628814697266,11.749804496765137,37.04802322387695
2009-05-27,3.979477882385254,3.8550000190734863,32.81797409057617,22.570844650268555,13.653987884521484,14.800031661987305,65.7117691040039,11.59000301361084,36.24666213989258
2009-05-28,4.03989315032959,3.882499933242798,33.00559616088867,23.86675262451172,13.733048439025879,15.03530502319336,66.62779235839844,11.644054412841797,36.74021530151367
2009-05-29,4.062025547027588,3.8994998931884766,33.386924743652344,24.02955436706543,14.39481258392334,15.358799934387207,67.8076171875,11.688701629638672,36.80390930175781
2009-06-01,4.167908191680908,4.152500152587891,33.76218795776367,23.51509666442871,14.353814125061035,15.733770370483398,69.44912719726562,11.888446807861328,38.08287811279297
2009-06-02,4.172092914581299,4.246500015258789,34.0224609375,22.466646194458008,14.541213035583496,15.733770370483398,69.5077896118164,11.73335075378418,38.69850540161133
2009-06-03,4.215763092041016,4.283999919891357,33.9921989440918,22.128026962280273,14.374307632446289,15.976388931274414,68.6283950805664,11.956592559814453,38.25269317626953
2009-06-04,4.299211502075195,4.276000022888184,33.79851150512695,23.02017593383789,14.570494651794434,16.049911499023438,69.27327728271484,11.954246520996094,38.730316162109375
2009-06-05,4.327026844024658,4.377999782562256,33.85298538208008,22.49920654296875,14.476798057556152,16.27783203125,69.28791046142578,12.00124740600586,38.72502136230469
2009-06-08,4.302499294281006,4.317999839782715,33.67140197753906,23.046226501464844,14.459228515625,16.211660385131836,69.00212860107422,11.940146446228027,38.831153869628906
2009-06-09,4.268703460693359,4.354000091552734,33.71376419067383,22.961572647094727,14.374307632446289,16.233715057373047,69.35388946533203,11.893150329589844,38.80462646484375
2009-06-10,4.194825649261475,4.329500198364258,33.68955993652344,22.688058853149414,14.17519474029541,16.579265594482422,69.17801666259766,11.763900756835938,39.18672561645508
2009-06-11,4.185853004455566,4.2845001220703125,33.92560577392578,22.7531795501709,14.34648323059082,16.78513526916504,69.48580169677734,11.59000301361084,39.29816818237305
2009-06-12,4.096721172332764,4.203999996185303,33.931671142578125,22.87691879272461,14.438033103942871,17.15274429321289,69.67630767822266,11.712206840515137,39.154876708984375
2009-06-15,4.070401668548584,4.158999919891357,33.13875961303711,22.141048431396484,14.207681655883789,17.218917846679688,68.07878875732422,11.387906074523926,38.64011001586914
2009-06-16,4.078178405761719,4.107500076293945,33.06007385253906,21.815444946289062,14.124992370605469,17.2409725189209,67.15540313720703,11.338562965393066,38.01388931274414
2009-06-17,4.055147171020508,4.132500171661377,33.41112518310547,21.31401252746582,14.154525756835938,17.41007423400879,67.08946228027344,11.411408424377441,37.90242004394531
2009-06-18,4.064122676849365,4.079999923706055,33.76825714111328,22.25175666809082,14.63293743133545,17.277732849121094,67.5804443359375,11.439606666564941,37.913063049316406
2009-06-19,4.17179536819458,4.1479997634887695,33.9498176574707,22.79226303100586,14.414407730102539,17.696802139282227,67.82955932617188,11.319759368896484,37.70606994628906
2009-06-22,4.108687400817871,3.9574999809265137,33.586666107177734,21.405181884765625,14.172245979309082,17.115989685058594,65.79557800292969,11.41845703125,36.53324508666992
2009-06-23,4.0081915855407715,3.884000062942505,33.29612731933594,21.86102867126465,14.11613655090332,17.160097122192383,65.84712982177734,11.362059593200684,36.59161376953125
2009-06-24,4.0742902755737305,3.9635000228881836,33.56850814819336,21.78940200805664,14.027541160583496,17.25567054748535,66.41461181640625,11.399659156799316,36.32627868652344
2009-06-25,4.18316125869751,4.110000133514404,34.058773040771484,22.23221206665039,14.130902290344238,17.490949630737305,67.8590316772461,11.550053596496582,37.08517074584961
2009-06-26,4.2603278160095215,4.193999767303467,34.25851058959961,22.434093475341797,14.213591575622559,17.167451858520508,67.68217468261719,11.427854537963867,36.64468002319336
2009-06-29,4.246271133422852,4.151500225067139,34.476409912109375,22.53177833557129,14.260838508605957,17.54241371154785,68.31596374511719,11.458404541015625,37.45665740966797
2009-06-30,4.26002836227417,4.183000087738037,34.37956237792969,22.212678909301758,14.172245979309082,17.476242065429688,67.76322174072266,11.383210182189941,37.1010856628418
2009-07-01,4.2719926834106445,4.079999923706055,34.54299545288086,22.0235538482666,14.523666381835938,17.67475700378418,68.04326629638672,11.366756439208984,37.44603729248047
2009-07-02,4.187945365905762,3.9660000801086426,33.88325119018555,21.045307159423828,14.435079574584961,17.182147979736328,66.18611145019531,11.230462074279785,36.34749221801758
2009-07-06,4.1457743644714355,3.9049999713897705,34.270626068115234,21.260520935058594,14.470518112182617,17.057159423828125,66.17878723144531,11.216357231140137,36.140525817871094
2009-07-07,4.049764633178711,3.7815001010894775,34.03455352783203,21.397480010986328,14.364197731018066,16.5645694732666,64.8964614868164,11.242206573486328,35.323246002197266
2009-07-08,4.10420036315918,3.868000030517578,34.54904556274414,21.332258224487305,14.325813293457031,16.586626052856445,64.85224914550781,11.366756439208984,35.16403579711914
2009-07-09,4.07847785949707,3.9049999713897705,34.31298828125,21.925729751586914,14.384876251220703,16.498397827148438,64.97753143310547,11.298608779907227,35.01015090942383
2009-07-10,4.143083572387695,3.881500005722046,34.45825958251953,21.090957641601562,14.266746520996094,16.461639404296875,64.82274627685547,11.178760528564453,34.55904769897461
2009-07-13,4.2573370933532715,4.073500156402588,34.936424255371094,22.63658332824707,14.485278129577637,17.079219818115234,66.39984130859375,11.239861488342285,34.866844177246094
2009-07-14,4.25524377822876,4.097499847412109,35.24510955810547,22.63007354736328,14.556153297424316,16.99099349975586,66.77569580078125,11.310357093811035,35.1428108215332
2009-07-15,4.393126487731934,4.227499961853027,35.686954498291016,23.64743995666504,14.922343254089355,17.73357582092285,68.72866821289062,11.409053802490234,36.320953369140625
2009-07-16,4.412268161773682,4.305500030517578,35.862483978271484,23.56265640258789,14.99913501739502,17.96884536743164,68.61810302734375,11.399659156799316,36.33157730102539
2009-07-17,4.538787364959717,4.292500019073486,35.85036849975586,24.058300018310547,14.860331535339355,17.85855484008789,69.36978912353516,11.39495849609375,36.3634147644043
2009-07-20,4.573480129241943,4.411499977111816,35.74748611450195,24.11699867248535,15.070008277893066,18.035018920898438,70.10671997070312,11.472505569458008,36.586299896240234
2009-07-21,4.531607151031494,4.450500011444092,36.007755279541016,24.090909957885742,14.869194030761719,18.255571365356445,70.43103790283203,11.481904029846191,37.398277282714844
2009-07-22,4.688037395477295,4.439499855041504,35.826175689697266,24.019182205200195,14.508904457092285,18.23352813720703,70.4162826538086,11.554757118225098,37.143531799316406
2009-07-23,4.720337390899658,4.69350004196167,36.44961166381836,24.88002586364746,14.523666381835938,18.792293548583984,71.97126770019531,11.458404541015625,38.003273010253906
2009-07-24,4.785244464874268,4.32450008392334,37.230403900146484,24.730026245117188,14.576833724975586,17.2409725189209,72.26606750488281,11.500704765319824,38.36415481567383
2009-07-27,4.788530349731445,4.211999893188477,37.08515930175781,24.866985321044922,14.62407398223877,16.99099349975586,72.47975158691406,11.507756233215332,38.60825729370117
2009-07-28,4.7855424880981445,4.249000072479248,36.873291015625,24.834379196166992,14.585688591003418,17.25567054748535,72.14075469970703,11.496004104614258,38.15185546875
2009-07-29,4.786437511444092,4.2170000076293945,37.01858139038086,24.6322078704834,14.553204536437988,17.49829864501953,71.9638900756836,11.601750373840332,37.90775680541992
2009-07-30,4.868989944458008,4.304500102996826,37.39988708496094,25.08871841430664,14.668378829956055,17.50565528869629,72.71556091308594,11.745101928710938,37.530941009521484
2009-07-31,4.88693380355835,4.288000106811523,36.85513687133789,25.206113815307617,14.718581199645996,17.292434692382812,72.81875610351562,11.721602439880371,37.35581588745117
2009-08-03,4.977859973907471,4.372000217437744,36.982261657714844,25.825660705566406,14.647708892822266,17.520349502563477,74.02001190185547,11.712206840515137,37.49378204345703
2009-08-04,4.951539516448975,4.289999961853027,36.95802688598633,26.223485946655273,14.618175506591797,17.476242065429688,74.21160125732422,11.714556694030762,37.467262268066406
2009-08-05,4.93837833404541,4.2144999504089355,36.58882522583008,27.247379302978516,14.520718574523926,17.50565528869629,73.99788665771484,11.561808586120605,37.16476821899414
2009-08-06,4.902486801147461,4.223499774932861,36.274070739746094,26.575653076171875,14.585688591003418,17.248321533203125,73.61468505859375,11.51010799407959,37.00556182861328
2009-08-07,4.950343608856201,4.265999794006348,36.255924224853516,27.625627517700195,14.570924758911133,17.32184410095215,74.58006286621094,11.582954406738281,36.86758804321289
2009-08-10,4.926714897155762,4.2220001220703125,36.752254486083984,27.840848922729492,14.600454330444336,17.218917846679688,74.42529296875,11.684000015258789,36.71365737915039
2009-08-11,4.870185375213623,4.177999973297119,36.44961166381836,26.89520835876465,14.482328414916992,17.005699157714844,73.49677276611328,11.759202003479004,36.377296447753906
2009-08-12,4.944363117218018,4.297999858856201,36.67356872558594,27.527816772460938,14.311047554016113,17.29979133605957,74.2853012084961,11.934761047363281,36.90055465698242
2009-08-13,5.037378787994385,4.230000019073486,36.5101318359375,27.977798461914062,14.210637092590332,17.365957260131836,74.85275268554688,12.25847053527832,36.70833969116211
2009-08-14,4.988329887390137,4.178999900817871,36.3648681640625,27.684328079223633,14.314001083374023,17.417434692382812,74.2779541015625,12.23720932006836,36.420005798339844
2009-08-17,4.77327823638916,4.052999973297119,36.207489013671875,26.562612533569336,14.381921768188477,17.093923568725586,72.45024871826172,12.185223579406738,35.533668518066406
2009-08-18,4.905177593231201,4.105999946594238,36.19538497924805,27.195207595825195,14.35534381866455,17.434030532836914,73.02509307861328,12.135603904724121,35.50162887573242
2009-08-19,4.923126220703125,4.150000095367432,36.54039764404297,27.006093978881836,14.576833724975586,17.485780715942383,73.66627502441406,12.208852767944336,36.307891845703125
2009-08-20,4.974868297576904,4.204500198364258,36.89146041870117,27.664766311645508,14.594544410705566,17.500572204589844,74.42529296875,12.218306541442871,36.6229133605957
2009-08-21,5.061305999755859,4.25,37.2392578125,28.47344207763672,14.739248275756836,18.047698974609375,75.88448333740234,12.135603904724121,37.333038330078125
2009-08-24,5.056522846221924,4.224999904632568,37.39181900024414,28.049537658691406,14.488236427307129,18.217744827270508,75.87712860107422,12.180499076843262,38.069889068603516
2009-08-25,5.0666913986206055,4.209499835968018,37.30636978149414,28.421279907226562,14.393732070922852,18.217744827270508,76.0245132446289,12.208852767944336,37.738834381103516
2009-08-26,5.007172584533691,4.199999809265137,36.995174407958984,28.238672256469727,14.523666381835938,18.151203155517578,76.03187561035156,12.239568710327148,38.107261657714844
2009-08-27,5.068187713623047,4.2154998779296875,36.90976333618164,28.336483001708984,14.600454330444336,18.254716873168945,76.20136260986328,12.107251167297363,37.83495330810547
2009-08-28,5.0861334800720215,4.138000011444092,36.78772735595703,27.99085235595703,14.488236427307129,18.24732208251953,76.1866226196289,12.081255912780762,37.439842224121094
2009-08-31,5.031100749969482,4.059500217437744,36.87925338745117,28.3430118560791,14.402586936950684,18.22513771057129,75.50865936279297,12.019822120666504,36.92192077636719
2009-09-01,4.94406270980835,3.9579999446868896,36.57415771484375,27.175649642944336,14.331714630126953,17.74455451965332,73.84310913085938,12.04344654083252,36.526798248291016
2009-09-02,4.940473556518555,3.9070000648498535,36.46433639526367,26.647397994995117,14.706767082214355,17.64105224609375,73.5630874633789,12.031638145446777,36.403987884521484
2009-09-03,4.981450080871582,3.9230000972747803,36.42161560058594,27.462596893310547,14.641802787780762,17.82588768005371,74.17475128173828,12.225390434265137,36.446712493896484
2009-09-04,5.09390926361084,3.94350004196167,36.8060417175293,27.612619400024414,14.751063346862793,18.20296287536621,75.2138900756836,12.211213111877441,36.93793869018555
2009-09-08,5.172270774841309,4.045000076293945,36.95856857299805,27.743019104003906,14.886906623840332,18.35083770751953,75.86237335205078,12.14505672454834,37.72281265258789
2009-09-09,5.118732452392578,4.111999988555908,37.17213821411133,27.951719284057617,14.951881408691406,18.32126235961914,76.444580078125,12.076530456542969,37.64273452758789
2009-09-10,5.16120719909668,4.192500114440918,37.01350021362305,28.056066513061523,14.937116622924805,18.483919143676758,77.22577667236328,12.05763053894043,37.72281265258789
2009-09-11,5.149242401123047,4.2270002365112305,36.8670539855957,27.716941833496094,15.336074829101562,18.380409240722656,77.21101379394531,11.984382629394531,37.36507034301758
2009-09-14,5.195901870727539,4.192999839782715,36.8182373046875,28.532142639160156,15.529594421386719,18.483919143676758,77.58686828613281,11.904044151306152,37.37575912475586
2009-09-15,5.2389726638793945,4.177499771118164,36.702301025390625,28.166940689086914,15.61594009399414,18.631786346435547,77.91112518310547,11.79771614074707,37.10343933105469
2009-09-16,5.439663887023926,4.534999847412109,36.7266960144043,29.11910057067871,15.68143367767334,18.631786346435547,79.09022521972656,11.823707580566406,37.557308197021484
2009-09-17,5.519822120666504,4.521999835968018,37.080604553222656,29.321258544921875,15.904735565185547,18.70572280883789,78.97235107421875,11.804807662963867,37.29032897949219
2009-09-18,5.533880710601807,4.513999938964844,37.086708068847656,29.31473159790039,16.00596809387207,18.676143646240234,79.02269744873047,11.840250015258789,37.37040710449219
2009-09-21,5.503968238830566,4.5279998779296875,37.01959228515625,29.053871154785156,15.77968978881836,18.70572280883789,78.82276916503906,12.02927303314209,37.146148681640625
2009-09-22,5.517727375030518,4.6875,37.269779205322266,30.306032180786133,15.735030174255371,19.053213119506836,79.28189086914062,12.048172950744629,37.284996032714844
2009-09-23,5.5482354164123535,4.61899995803833,37.080604553222656,29.386478424072266,15.654644966125488,19.008859634399414,78.62285614013672,11.908764839172363,36.841827392578125
2009-09-24,5.497988700866699,4.605500221252441,37.05010986328125,28.936481475830078,15.583191871643066,19.178918838500977,77.75652313232422,11.97965145111084,36.804439544677734
2009-09-25,5.454618453979492,4.526000022888184,36.98908233642578,28.466920852661133,15.770758628845215,18.890562057495117,77.34185028076172,11.689021110534668,36.681640625
2009-09-28,5.567678928375244,4.610499858856201,37.38568878173828,29.223430633544922,15.818391799926758,19.097579956054688,78.72648620605469,11.696113586425781,37.156837463378906
2009-09-29,5.544645309448242,4.585999965667725,37.178253173828125,29.26909065246582,15.871986389160156,19.038436889648438,78.48956298828125,11.632315635681152,36.87919235229492
2009-09-30,5.543751239776611,4.668000221252441,37.15384292602539,28.577795028686523,15.988101959228516,19.016258239746094,78.18598937988281,11.599238395690918,36.633575439453125
2009-10-01,5.409457206726074,4.552000045776367,36.494842529296875,26.97999382019043,15.81541633605957,18.39519500732422,76.24591827392578,11.577970504760742,35.91810607910156
2009-10-02,5.530290126800537,4.492499828338623,36.44602966308594,27.332597732543945,16.038711547851562,18.45433807373047,75.8905029296875,11.596874237060547,35.5496940612793
2009-10-05,5.563789367675781,4.433499813079834,36.50094223022461,28.599319458007812,16.017873764038086,18.217744827270508,77.02342224121094,11.592145919799805,36.0836296081543
2009-10-06,5.683129787445068,4.545499801635742,36.78772735595703,29.32410430908203,16.17269515991211,18.56525230407715,78.12674713134766,11.691384315490723,36.66027069091797
2009-10-07,5.690308094024658,4.698500156402588,37.04399871826172,29.839929580688477,16.318586349487305,18.557849884033203,78.34146881103516,11.69374942779541,36.66562271118164
2009-10-08,5.6609954833984375,4.761000156402588,37.18434143066406,29.578739166259766,16.253080368041992,18.979286193847656,78.94121551513672,11.75282096862793,36.86851501464844
2009-10-09,5.6968865394592285,4.7855000495910645,37.67249298095703,29.937875747680664,16.270946502685547,18.890562057495117,79.42254638671875,11.80716609954834,36.98598098754883
2009-10-12,5.707056045532227,4.679999828338623,38.15452575683594,30.088056564331055,16.312623977661133,19.016258239746094,79.7335433959961,11.722105979919434,37.44517135620117
2009-10-13,5.683428764343262,4.741499900817871,37.227054595947266,29.81379508972168,16.315608978271484,19.08279037475586,79.5706558227539,11.894591331481934,37.51458740234375
2009-10-14,5.7214131355285645,4.873000144958496,36.94636535644531,30.79324722290039,16.327518463134766,19.19369888305664,80.9405288696289,11.859152793884277,38.35821533203125
2009-10-15,5.69957971572876,4.80049991607666,37.18434143066406,30.79324722290039,16.351329803466797,19.748214721679688,81.2366943359375,12.038725852966309,38.94553756713867
2009-10-16,5.624505519866943,4.765999794006348,36.891456604003906,30.074989318847656,16.378124237060547,19.59295082092285,80.62952423095703,12.102527618408203,39.0416374206543
2009-10-19,5.6786417961120605,4.734000205993652,37.31858825683594,30.02275848388672,16.312623977661133,19.489437103271484,81.29594421386719,12.26082992553711,39.308616638183594
2009-10-20,5.944838047027588,4.749000072479248,36.97078323364258,30.05539894104004,16.098264694213867,19.496841430664062,80.86648559570312,12.215940475463867,38.98826599121094
2009-10-21,6.129080772399902,4.671000003814697,36.7999382019043,29.154329299926758,16.098264694213867,19.652103424072266,80.14079284667969,11.963118553161621,39.14308166503906
2009-10-22,6.137454986572266,4.672500133514404,37.18434143066406,29.846471786499023,16.122081756591797,19.65949249267578,80.95532989501953,11.92767333984375,39.7464485168457
2009-10-23,6.099769115447998,5.924499988555908,36.940269470214844,29.53303337097168,15.85114574432373,20.716773986816406,80.02970123291016,11.918220520019531,39.281925201416016
2009-10-26,6.056103706359863,6.23199987411499,36.66569900512695,28.612384796142578,15.848167419433594,21.204755783081055,79.16338348388672,11.776453971862793,39.10038757324219
2009-10-27,5.903264045715332,6.103499889373779,36.62298583984375,28.664628982543945,15.916648864746094,21.13820457458496,78.80055236816406,11.783539772033691,39.99741744995117
2009-10-28,5.754615306854248,6.081999778747559,36.348392486572266,27.868009567260742,15.931536674499512,20.716773986816406,77.31221771240234,11.790629386901855,39.426090240478516
2009-10-29,5.872754096984863,6.129000186920166,36.525360107421875,28.958450317382812,16.10421371459961,20.86465072631836,78.97085571289062,11.908764839172363,39.49014663696289
2009-10-30,5.637965679168701,5.940499782562256,36.031105041503906,27.27383041381836,15.871986389160156,20.502355575561523,76.6828384399414,11.738639831542969,38.267433166503906
2009-11-02,5.662193298339844,5.941999912261963,36.29957962036133,27.80271339416504,15.99405574798584,20.613262176513672,77.24557495117188,11.880414009094238,38.52371597290039
2009-11-03,5.645442485809326,5.918499946594238,35.957881927490234,27.881072998046875,15.81541633605957,20.354488372802734,77.48992156982422,11.790629386901855,38.304805755615234
2009-11-04,5.707056045532227,5.855000019073486,36.31789016723633,27.56111717224121,15.925579071044922,20.746349334716797,77.68985748291016,11.904044151306152,38.069889068603516
2009-11-05,5.803365230560303,6.0304999351501465,36.59855270385742,28.64502716064453,16.196514129638672,21.04948616027832,79.11897277832031,12.116695404052734,38.710628509521484
2009-11-06,5.812638282775879,6.309999942779541,36.79383087158203,28.390382766723633,16.223316192626953,21.086450576782227,79.32627868652344,12.109611511230469,38.75332260131836
2009-11-09,6.025594234466553,6.333499908447266,37.06840515136719,28.958450317382812,16.51806640625,21.4339542388916,81.13304138183594,12.286826133728027,39.123870849609375
2009-11-10,6.071056842803955,6.507500171661377,37.361289978027344,28.840913772583008,16.616315841674805,21.448740005493164,81.14785766601562,12.360069274902344,38.9949836730957
2009-11-11,6.079133033752441,6.495500087738037,37.14162826538086,28.938854217529297,16.71158790588379,21.530059814453125,81.56253814697266,12.516022682189941,39.156124114990234
2009-11-12,6.041446685791016,6.526500225067139,37.31248092651367,28.272846221923828,16.655017852783203,21.707504272460938,80.73319244384766,12.579819679260254,38.61368942260742
2009-11-13,6.115025520324707,6.648499965667725,37.483314514160156,28.011661529541016,16.80984115600586,21.907140731811523,81.1700668334961,12.57036304473877,38.9198112487793
2009-11-16,6.180227279663086,6.579500198364258,37.94705581665039,28.103069305419922,16.89320182800293,21.84059715270996,82.34738159179688,12.560914993286133,39.972415924072266
2009-11-17,6.191293716430664,6.5625,37.934852600097656,28.181432723999023,16.931903839111328,22.278749465942383,82.44364929199219,12.679062843322754,40.29463577270508
2009-11-18,6.1601881980896,6.564499855041504,38.02638626098633,28.3250732421875,16.845561981201172,22.360435485839844,82.391845703125,12.794839859008789,40.42353057861328
2009-11-19,5.997179985046387,6.44950008392334,38.093502044677734,27.78313446044922,16.934886932373047,22.115367889404297,81.31813049316406,12.886985778808594,40.09058380126953
2009-11-20,5.979533672332764,6.482999801635742,38.32106399536133,27.724342346191406,17.113527297973633,21.996540069580078,81.02937316894531,12.825556755065918,39.9455680847168
2009-11-23,6.15779447555542,6.650000095367432,38.55476379394531,28.25977897644043,17.339797973632812,22.234188079833984,82.05859375,12.92007064819336,40.65446090698242
2009-11-24,6.114724636077881,6.646999835968018,38.85614013671875,27.73741912841797,17.324913024902344,22.211904525756836,82.18451690673828,12.960234642028809,40.79947280883789
2009-11-25,6.107246398925781,6.701499938964844,38.929935455322266,27.528472900390625,17.301088333129883,22.122800827026367,82.47325897216797,12.986231803894043,41.0680046081543
2009-11-27,5.999572277069092,6.586999893188477,38.677772521972656,26.986534118652344,17.145172119140625,21.699493408203125,81.13304138183594,12.908260345458984,40.20872497558594
2009-11-30,5.97923469543457,6.795499801635742,38.64702224731445,27.74396324157715,17.151168823242188,21.840595245361328,81.4070053100586,12.889352798461914,40.31613540649414
2009-12-01,5.891300201416016,6.925000190734863,39.059085845947266,27.567663192749023,17.415035247802734,22.28617286682129,82.41409301757812,12.936614036560059,40.83708572387695
2009-12-02,5.869166374206543,7.112500190734863,39.28662109375,27.378299713134766,17.37904930114746,22.115367889404297,82.37702941894531,12.894075393676758,40.702796936035156
2009-12-03,5.876644611358643,7.058499813079834,39.458824157714844,27.0322265625,17.172157287597656,22.152498245239258,81.7328109741211,12.863362312316895,40.27316665649414
2009-12-04,5.782129287719727,6.879000186920166,39.58184814453125,27.254243850708008,17.238130569458008,22.26388931274414,82.19932556152344,12.8161039352417,39.87575912475586
2009-12-07,5.651424407958984,6.7104997634887695,39.58797836303711,26.93428611755371,17.352069854736328,22.122800827026367,82.07341003417969,12.97913932800293,39.61796188354492
2009-12-08,5.678940773010254,6.70550012588501,39.51416015625,26.90816307067871,17.295093536376953,21.959407806396484,81.16267395019531,12.856278419494629,39.1776008605957
2009-12-09,5.916126251220703,6.565499782562256,39.59413146972656,26.895118713378906,17.34007453918457,22.06338119506836,81.46624755859375,12.840360641479492,39.091651916503906
2009-12-10,5.875147342681885,6.769000053405762,39.833984375,26.947341918945312,17.564960479736328,22.182199478149414,81.9253158569336,12.98759937286377,38.8822021484375
2009-12-11,5.822509288787842,6.707499980926514,39.88316345214844,26.74492645263672,17.723873138427734,22.16735076904297,82.27339935302734,12.978099822998047,39.11315155029297
2009-12-14,5.891598224639893,6.568999767303467,39.95082473754883,27.27383041381836,17.70288848876953,22.360435485839844,82.83611297607422,12.840360641479492,37.42681884765625
2009-12-15,5.807552814483643,6.511499881744385,39.815521240234375,26.679641723632812,17.70888328552246,22.29360008239746,82.4510498046875,12.818986892700195,37.14754867553711
2009-12-16,5.8332743644714355,6.418000221252441,39.85243225097656,27.00612449645996,17.51698112487793,22.353012084960938,82.57694244384766,12.662247657775879,36.7501335144043
2009-12-17,5.738461971282959,6.3454999923706055,39.649471282958984,26.294395446777344,17.085203170776367,21.981693267822266,81.58470916748047,12.529267311096191,36.63734817504883
2009-12-18,5.845240592956543,6.423999786376953,39.58797836303711,26.7383975982666,17.067214965820312,22.54608917236328,82.0462646484375,12.550642013549805,36.631980895996094
2009-12-21,5.928987503051758,6.639500141143799,39.56338882446289,27.358713150024414,17.145172119140625,22.664905548095703,82.88008880615234,12.68125057220459,36.79309844970703
2009-12-22,5.992691516876221,6.6875,39.68638229370117,27.38483238220215,17.172157287597656,22.887704849243164,83.17784118652344,12.667004585266113,36.82532501220703
2009-12-23,6.044736862182617,6.947000026702881,39.71098327636719,27.136716842651367,17.17815589904785,22.961957931518555,83.34162902832031,12.662247657775879,36.658843994140625
2009-12-24,6.2523088455200195,6.923500061035156,39.790916442871094,27.352174758911133,17.22313117980957,23.021366119384766,83.7362060546875,12.728744506835938,36.8736457824707
2009-12-28,6.329176902770996,6.9654998779296875,39.938541412353516,27.241180419921875,17.22313117980957,23.147613525390625,83.91483306884766,12.818986892700195,37.0992317199707
2009-12-29,6.254103183746338,6.9704999923706055,39.938541412353516,27.091001510620117,17.313081741333008,23.310997009277344,83.7957763671875,12.849860191345215,36.9703254699707
2009-12-30,6.330075740814209,6.82450008392334,39.920074462890625,27.11711311340332,17.295093536376953,22.991668701171875,83.76593780517578,12.894980430603027,36.93274688720703
2009-12-31,6.302857875823975,6.72599983215332,39.612586975097656,27.208538055419922,17.091197967529297,22.635210037231445,82.96194458007812,12.69312858581543,36.62123489379883
2010-01-04,6.400960922241211,6.695000171661377,39.77862548828125,28.01263427734375,17.103195190429688,22.98423957824707,84.36898040771484,12.878360748291016,37.136817932128906
2010-01-05,6.412025451660156,6.734499931335449,39.317378997802734,28.555221557617188,16.896297454833984,22.991668701171875,84.59228515625,12.750121116638184,37.28181838989258
2010-01-06,6.310034275054932,6.612500190734863,39.63718032836914,28.71211814880371,16.890302658081055,22.850566864013672,84.65186309814453,12.72161865234375,37.60405349731445
2010-01-07,6.29836893081665,6.5,39.354286193847656,29.280868530273438,16.84832763671875,22.61292266845703,85.00920867919922,12.728744506835938,37.48588562011719
2010-01-08,6.340242385864258,6.676000118255615,39.48958969116211,29.208961486816406,16.536479949951172,22.768875122070312,85.29206848144531,12.664627075195312,37.335514068603516
2010-01-11,6.284312725067139,6.515500068664551,39.495723724365234,29.110918045043945,16.872312545776367,22.47925567626953,85.41120910644531,12.873608589172363,37.75440979003906
2010-01-12,6.212828159332275,6.367499828338623,39.704837799072266,28.43100357055664,17.055219650268555,22.330726623535156,84.61466979980469,12.99709701538086,37.566444396972656
2010-01-13,6.300462245941162,6.45550012588501,39.95697784423828,28.927858352661133,17.100191116333008,22.538667678833008,85.32930755615234,13.063591003417969,37.41608428955078
2010-01-14,6.263973712921143,6.367499828338623,40.03693771362305,29.215503692626953,17.13018226623535,22.991668701171875,85.56010437011719,12.873608589172363,37.42145919799805
2010-01-15,6.159290313720703,6.35699987411499,39.704837799072266,28.555221557617188,16.878305435180664,22.917400360107422,84.5997543334961,12.747746467590332,37.11532974243164
2010-01-19,6.431767463684082,6.380499839782715,40.19068145751953,28.293731689453125,16.91728973388672,23.095632553100586,85.65690612792969,12.83086109161377,37.20124816894531
2010-01-20,6.332767486572266,6.289000034332275,40.06767654418945,28.372182846069336,16.641427993774414,22.71689224243164,84.78585052490234,12.790488243103027,36.53532791137695
2010-01-21,6.223297119140625,6.330999851226807,39.34196853637695,26.50249481201172,16.302602767944336,22.28617286682129,83.15554809570312,12.567261695861816,35.821041107177734
2010-01-22,5.91463041305542,6.071499824523926,38.868431091308594,25.600343704223633,16.26362419128418,21.50640869140625,81.30184173583984,12.572014808654785,35.49882125854492
2010-01-25,6.073748588562012,6.015500068664551,38.88072967529297,25.633028030395508,16.296611785888672,21.77375602722168,81.71873474121094,12.557769775390625,35.36454772949219
2010-01-26,6.15958833694458,5.973999977111816,38.616249084472656,25.129634857177734,16.233646392822266,21.907428741455078,81.37628173828125,12.731123924255371,35.402137756347656
2010-01-27,6.217613697052002,6.137499809265137,39.016021728515625,25.711484909057617,16.344575881958008,22.03368377685547,81.76339721679688,12.68125057220459,35.198081970214844
2010-01-28,5.960690975189209,6.301499843597412,39.237422943115234,25.809528350830078,16.24563217163086,21.65494155883789,80.82535552978516,12.493644714355469,34.88658142089844
2010-01-29,5.744441986083984,6.270500183105469,38.65932083129883,25.45651626586914,16.266620635986328,20.927162170410156,79.94692993164062,12.688375473022461,34.601951599121094
2010-02-01,5.82430362701416,5.94350004196167,38.800758361816406,25.907594680786133,16.30560302734375,21.09797477722168,81.19015502929688,12.700249671936035,35.541770935058594
2010-02-02,5.858098983764648,5.906000137329102,39.354286193847656,26.509035110473633,16.506502151489258,21.13510513305664,82.17283630371094,12.702622413635254,35.96067428588867
2010-02-03,5.958895683288574,5.954999923706055,39.132877349853516,26.339067459106445,16.45253562927246,21.261348724365234,81.76339721679688,12.887858390808105,35.767330169677734
2010-02-04,5.744144439697266,5.796999931335449,38.52400588989258,25.070817947387695,16.020753860473633,20.6746768951416,79.23969268798828,12.579139709472656,34.7576904296875
2010-02-05,5.846137046813965,5.869500160217285,38.52400588989258,25.03811264038086,15.918807029724121,20.808345794677734,79.40348815917969,12.69312858581543,34.80065155029297
2010-02-08,5.806057929992676,5.8414998054504395,38.35795974731445,24.64588165283203,15.786874771118164,20.585559844970703,78.8302230834961,12.5696382522583,34.784446716308594
2010-02-09,5.867971420288086,5.901500225067139,38.597808837890625,25.096960067749023,16.19465446472168,20.800926208496094,79.82035827636719,12.645628929138184,35.243900299072266
2010-02-10,5.835966110229492,5.868000030517578,38.57935333251953,25.41075325012207,16.12869644165039,20.786069869995117,79.66401672363281,12.643261909484863,35.054710388183594
2010-02-11,5.942147731781006,6.004499912261963,38.690086364746094,25.508813858032227,16.257625579833984,20.882610321044922,80.497802734375,12.605256080627441,35.26551818847656
2010-02-12,5.993292331695557,5.982999801635742,38.573211669921875,25.463045120239258,16.185670852661133,20.74150276184082,80.43080139160156,12.56251335144043,35.02769088745117
2010-02-16,6.083617687225342,5.876500129699707,39.12057113647461,26.19523811340332,16.437538146972656,21.151859283447266,81.69636535644531,12.71925163269043,35.827701568603516
2010-02-17,6.058195114135742,5.815499782562256,39.34812927246094,26.175626754760742,16.590456008911133,21.3309268951416,82.08350372314453,12.837993621826172,35.546607971191406
2010-02-18,6.069561958312988,5.9039998054504395,39.68638229370117,26.417505264282227,16.764366149902344,21.614450454711914,82.56742095947266,12.69787883758545,35.65473556518555
2010-02-19,6.031874179840088,5.875999927520752,39.543827056884766,26.169084548950195,16.70740509033203,21.465221405029297,82.73860931396484,12.702622413635254,35.606082916259766
2010-02-22,5.994487762451172,5.9004998207092285,39.34553527832031,26.70514678955078,16.60545539855957,21.435379028320312,82.75354766845703,12.783366203308105,35.3520393371582
2010-02-23,5.8939924240112305,5.861999988555908,39.233985900878906,26.071027755737305,16.440532684326172,21.136943817138672,81.74852752685547,12.733489036560059,35.10336685180664
2010-02-24,6.001667022705078,5.986000061035156,39.32075119018555,26.70514678955078,16.539487838745117,21.360776901245117,82.50041198730469,12.804740905761719,35.43311309814453
2010-02-25,6.041745185852051,5.909999847412109,39.21540832519531,26.567873001098633,15.927803039550781,21.338394165039062,82.38873291015625,12.85936164855957,35.21147918701172
2010-02-26,6.120107650756836,5.920000076293945,39.04188537597656,27.437332153320312,15.807857513427734,21.390609741210938,82.44083404541016,12.840360641479492,35.135799407958984
2010-03-01,6.2508134841918945,6.2270002365112305,39.283546447753906,27.345815658569336,15.97278118133545,21.651744842529297,83.29696655273438,12.799989700317383,35.3520393371582
2010-03-02,6.246626377105713,6.276500225067139,39.314552307128906,27.208526611328125,15.981773376464844,21.233932495117188,83.52774047851562,12.726367950439453,35.400672912597656
2010-03-03,6.26098108291626,6.29449987411499,39.289764404296875,27.149690628051758,16.170673370361328,21.233932495117188,83.60222625732422,12.743002891540527,35.36823654174805
2010-03-04,6.30225944519043,6.426499843597412,39.39511489868164,27.404645919799805,16.332592010498047,21.360776901245117,83.85528564453125,12.814239501953125,35.3520393371582
2010-03-05,6.548711776733398,6.445499897003174,39.68639373779297,27.986478805541992,16.40156364440918,21.3309268951416,85.05388641357422,12.856986045837402,35.93040466308594
2010-03-08,6.552602291107178,6.505499839782715,39.78553009033203,27.842655181884766,16.329587936401367,21.360776901245117,85.06877136230469,12.85936164855957,35.935813903808594
2010-03-09,6.670445919036865,6.440999984741211,39.828914642333984,27.731525421142578,16.24563217163086,21.48760986328125,85.2102279663086,12.837993621826172,36.09798812866211
2010-03-10,6.72488260269165,6.5254998207092285,39.84130096435547,28.064924240112305,16.251628875732422,21.614450454711914,85.58983612060547,12.807656288146973,36.335811614990234
2010-03-11,6.744620323181152,6.678999900817871,39.79792785644531,28.228355407714844,16.203271865844727,21.771127700805664,85.94720458984375,12.888853073120117,36.335811614990234
2010-03-12,6.777523517608643,6.591000080108643,39.77314376831055,28.20873260498047,16.127689361572266,21.838275909423828,85.95464324951172,12.872136116027832,36.108787536621094
2010-03-15,6.694972515106201,6.55649995803833,40.01483154296875,28.156450271606445,16.218381881713867,21.85319709777832,85.97699737548828,13.235136032104492,35.83852005004883
2010-03-16,6.713216304779053,6.5894999504089355,39.99003982543945,28.267581939697266,16.233489990234375,21.912891387939453,86.6618881225586,13.371260643005371,35.984466552734375
2010-03-17,6.70334529876709,6.566999912261963,40.06440353393555,28.62716293334961,16.275808334350586,22.10686492919922,87.17556762695312,13.354544639587402,36.4114990234375
2010-03-18,6.719198703765869,6.638000011444092,40.318485260009766,28.529071807861328,16.309064865112305,22.09194564819336,87.13091278076172,13.359320640563965,36.42770004272461
2010-03-19,6.647416114807129,6.517499923706055,40.34946823120117,28.40485954284668,16.550912857055664,22.0770263671875,86.68985748291016,13.216032028198242,36.238525390625
2010-03-22,6.7221903800964355,6.523499965667725,40.34327697753906,28.594438552856445,16.4874267578125,22.08448600769043,87.15333557128906,13.282896041870117,36.200679779052734
2010-03-23,6.83016300201416,6.4629998207092285,40.504398345947266,29.143598556518555,16.717174530029297,22.293386459350586,87.76628112792969,13.347382545471191,36.18986892700195
2010-03-24,6.860371112823486,6.4019999504089355,40.12637710571289,29.37893295288086,16.51161003112793,22.121793746948242,87.3402099609375,13.273348808288574,35.94662094116211
2010-03-25,6.779017448425293,6.736499786376953,40.01483154296875,29.37893295288086,16.566024780273438,22.390392303466797,87.19817352294922,13.28051471710205,35.83852005004883
2010-03-26,6.906132221221924,6.752999782562256,39.8970832824707,29.431243896484375,16.52068328857422,22.12925148010254,87.14583587646484,13.256628036499023,35.9682502746582
2010-03-29,6.950697422027588,6.75600004196167,40.16975784301758,29.32662582397461,16.556957244873047,22.0770263671875,87.6989974975586,13.311558723449707,36.37907028198242
2010-03-30,7.054187774658203,6.828999996185303,40.21933364868164,29.143598556518555,16.58717918395996,22.21132469177246,87.75880432128906,13.352154731750488,36.24391555786133
2010-03-31,7.028765678405762,6.78849983215332,40.40523910522461,29.254724502563477,16.626483917236328,21.85319709777832,87.4598159790039,13.278120994567871,36.20608139038086
2010-04-01,7.057774543762207,6.5904998779296875,40.75847625732422,29.568872451782227,16.717174530029297,21.75621223449707,88.05782318115234,13.251852989196777,36.546627044677734
2010-04-05,7.13314962387085,6.57450008392334,40.52919387817383,29.673583984375,16.58416175842285,21.838275909423828,88.77546691894531,13.251852989196777,36.86016082763672
2010-04-06,7.164551734924316,6.7779998779296875,40.47341537475586,30.00082015991211,16.411848068237305,21.875581741333008,88.98474884033203,13.261404037475586,36.70340347290039
2010-04-07,7.196255683898926,6.743500232696533,40.417640686035156,29.66048240661621,16.269771575927734,21.89796257019043,88.4764175415039,13.201702117919922,36.40068435668945
2010-04-08,7.176819324493408,7.047999858856201,40.2379264831543,29.948453903198242,16.251632690429688,22.323232650756836,88.78292846679688,13.225578308105469,36.68177795410156
2010-04-09,7.2318501472473145,7.002999782562256,40.368064880371094,30.092451095581055,16.502540588378906,22.6366024017334,89.3659896850586,13.151551246643066,37.168251037597656
2010-04-12,7.246802806854248,7.059999942779541,40.34946823120117,30.197160720825195,16.553926467895508,22.621679306030273,89.50801086425781,13.139610290527344,37.14124298095703
2010-04-13,7.250992774963379,7.007999897003174,40.70271301269531,30.020471572875977,16.632532119750977,22.71867561340332,89.57528686523438,13.067965507507324,37.11420822143555
2010-04-14,7.348500728607178,7.214000225067139,40.5849609375,31.23775863647461,16.611366271972656,22.994720458984375,90.5919418334961,13.048858642578125,37.087181091308594
2010-04-15,7.445106029510498,7.290999889373779,40.597347259521484,31.29012107849121,16.40277862548828,23.03203010559082,90.66665649414062,12.9270658493042,36.89799118041992
2010-04-16,7.399642467498779,7.108500003814697,40.29369354248047,29.8110294342041,16.617408752441406,22.882808685302734,89.22395324707031,12.922286033630371,36.71961212158203
2010-04-19,7.389772415161133,7.121500015258789,40.91960906982422,29.706310272216797,16.723222732543945,23.15886878967285,89.56034088134766,12.989153861999512,36.881778717041016
2010-04-20,7.315596580505371,7.210000038146973,40.89480209350586,30.027006149291992,16.466270446777344,23.397619247436523,90.36021423339844,13.020201683044434,37.28179168701172
2010-04-21,7.753172397613525,7.321499824523926,40.52300262451172,29.680124282836914,16.381624221801758,23.37523651123047,90.1957015991211,13.00826644897461,37.25474548339844
2010-04-22,7.970017910003662,7.504499912261963,40.14496612548828,29.280912399291992,16.417896270751953,23.420000076293945,90.4648208618164,13.01303768157959,37.06015396118164
2010-04-23,8.10042667388916,7.18149995803833,40.30610275268555,29.411800384521484,16.28790855407715,23.09917449951172,91.05538177490234,13.02259635925293,37.427734375
2010-04-26,8.060644149780273,7.355500221252441,40.132568359375,28.724605560302734,16.242565155029297,23.211091995239258,90.71150207519531,12.905564308166504,37.45475387573242
2010-04-27,7.837516784667969,7.10099983215332,39.835105895996094,27.7559814453125,15.982590675354004,23.01710319519043,88.56612396240234,12.905564308166504,36.90338897705078
2010-04-28,7.824363708496094,6.96750020980835,40.04581069946289,28.443185806274414,16.130708694458008,23.06187629699707,89.23890686035156,12.80288314819336,37.40071105957031
2010-04-29,8.034927368164062,7.08650016784668,40.287506103515625,28.79660415649414,16.245588302612305,23.129026412963867,90.34525299072266,12.824376106262207,37.11420822143555
2010-04-30,7.809105396270752,6.855000019073486,39.84750747680664,27.86725616455078,16.15791893005371,22.785818099975586,88.81281280517578,12.810051918029785,36.63312530517578
2010-05-03,7.966430187225342,6.874499797821045,40.485809326171875,28.48899269104004,16.251632690429688,23.024568557739258,89.96399688720703,12.833925247192383,36.670963287353516
2010-05-04,7.73702335357666,6.491499900817871,40.09537887573242,27.79526710510254,16.076297760009766,22.47991943359375,87.8485107421875,12.900792121887207,35.93040466308594
2010-05-05,7.6565656661987305,6.546500205993652,40.368064880371094,27.899972915649414,16.221403121948242,22.27101707458496,87.3252182006836,13.079904556274414,35.76823806762695
2010-05-06,7.365246772766113,6.435500144958496,39.289764404296875,26.708847045898438,15.810277938842773,21.621902465820312,84.42488098144531,12.71213150024414,34.5357780456543
2010-05-07,7.05448579788208,6.249000072479248,39.233985900878906,26.676124572753906,15.922118186950684,21.04741096496582,83.16903686523438,12.513919830322266,34.43309020996094
2010-05-10,7.596746444702148,6.564499855041504,40.12637710571289,27.454938888549805,16.336278915405273,21.592060089111328,86.8318862915039,12.556904792785645,35.260128021240234
2010-05-11,7.672415733337402,6.5229997634887695,40.076786041259766,27.193145751953125,16.206295013427734,21.547300338745117,86.585205078125,12.528243064880371,35.08052444458008
2010-05-12,7.839015483856201,6.69350004196167,40.21933364868164,27.284774780273438,16.330232620239258,21.965103149414062,87.79621124267578,12.605834007263184,35.3254280090332
2010-05-13,7.727456569671631,6.573500156402588,40.076786041259766,26.708847045898438,16.170013427734375,21.81589126586914,86.70479583740234,12.586617469787598,35.2329216003418
2010-05-14,7.5916619300842285,6.426499843597412,39.64299392700195,26.10672950744629,16.124666213989258,21.58460807800293,85.13500213623047,12.519352912902832,34.612491607666016
2010-05-17,7.603626728057861,6.445499897003174,39.587223052978516,26.07400894165039,16.145830154418945,21.592060089111328,85.17989349365234,12.665878295898438,34.43290328979492
2010-05-18,7.547997951507568,6.314000129699707,39.02328872680664,25.537351608276367,16.05211639404297,21.43467903137207,84.02120208740234,12.901277542114258,34.171688079833984
2010-05-19,7.4277544021606445,6.229499816894531,38.558502197265625,25.7729549407959,16.05816078186035,21.164875030517578,83.54280090332031,12.740342140197754,33.98664474487305
2010-05-20,7.111315727233887,5.985499858856201,37.52356719970703,24.758529663085938,15.580531120300293,20.31796646118164,80.3882827758789,12.32239055633545,32.83290100097656
2010-05-21,7.247702121734619,6.136000156402588,37.72809982299805,26.211444854736328,15.5956449508667,20.115610122680664,81.5618896484375,12.339202880859375,33.13222122192383
2010-05-24,7.380497932434082,6.105999946594238,37.53596878051758,25.275550842285156,15.556344032287598,19.688432693481445,80.51536560058594,12.250329971313477,32.75670623779297
2010-05-25,7.334439754486084,6.243000030517578,37.39963150024414,25.484989166259766,15.302410125732422,19.538530349731445,80.59757232666016,12.07738208770752,32.4954833984375
2010-05-26,7.301240921020508,6.1605000495910645,36.97203826904297,25.38027572631836,15.139169692993164,18.74409294128418,80.1116714477539,12.01492691040039,32.27778244018555
2010-05-27,7.577605724334717,6.335000038146973,36.91576385498047,26.453601837158203,15.48681354522705,19.486068725585938,82.79528045654297,12.178269386291504,33.4478645324707
2010-05-28,7.683185577392578,6.2729997634887695,36.459228515625,25.90384864807129,15.538212776184082,19.33616828918457,81.7562255859375,12.144639015197754,32.90364074707031
2010-06-01,7.801330089569092,6.1620001792907715,36.74690628051758,25.22320556640625,15.50495433807373,19.403627395629883,80.38079071044922,12.23111343383789,32.24513626098633
2010-06-02,7.8946452140808105,6.315499782562256,37.353519439697266,25.88421630859375,15.843525886535645,19.830821990966797,82.47386169433594,12.423274993896484,33.07234191894531
2010-06-03,7.869820594787598,6.438000202178955,37.37852096557617,25.589704513549805,15.946304321289062,20.1306095123291,82.75787353515625,12.423274993896484,33.50228500366211
2010-06-04,7.655671119689941,6.138500213623047,36.27788162231445,24.6210880279541,15.498906135559082,19.32868766784668,79.85004425048828,12.106209754943848,32.39750671386719
2010-06-07,7.505524635314941,6.100500106811523,36.27161407470703,24.032068252563477,15.356826782226562,18.953941345214844,78.8558578491211,12.187874794006348,32.2723388671875
2010-06-08,7.457369327545166,5.941999912261963,36.6718635559082,24.725801467895508,15.58657455444336,18.819049835205078,79.70056915283203,12.197481155395508,33.32813262939453
2010-06-09,7.274024486541748,5.895500183105469,36.3779296875,24.293853759765625,15.52308464050293,18.5792179107666,79.27446746826172,12.24792766571045,32.66962814331055
2010-06-10,7.492663860321045,6.1605000495910645,36.584312438964844,25.059585571289062,15.855619430541992,18.736600875854492,81.59178924560547,12.303176879882812,33.681861877441406
2010-06-11,7.582391738891602,6.151500225067139,36.559288024902344,24.92868995666504,15.745875358581543,19.231243133544922,81.98796081542969,12.21670150756836,33.66555404663086
2010-06-14,7.6054229736328125,6.191500186920166,36.534278869628906,24.431304931640625,15.703189849853516,19.111330032348633,81.86089324951172,12.307977676391602,33.39888381958008
2010-06-15,7.76723051071167,6.3420000076293945,36.98454666137695,25.033403396606445,15.907441139221191,19.920759201049805,83.72220611572266,12.404060363769531,34.0192985534668
2010-06-16,7.993352890014648,6.34499979019165,37.047080993652344,25.210111618041992,15.974516868591309,19.72589683532715,83.69230651855469,12.245527267456055,34.0192985534668
2010-06-17,8.131531715393066,6.29449987411499,37.009578704833984,25.15774917602539,15.96231746673584,19.763364791870117,83.82686614990234,12.3488130569458,34.068275451660156
2010-06-18,8.197332382202148,6.291500091552734,37.009578704833984,25.642057418823242,15.94706916809082,19.815837860107422,83.9177474975586,12.382440567016602,34.340389251708984
2010-06-21,8.08068561553955,6.127500057220459,36.978294372558594,25.439170837402344,15.9989013671875,19.448591232299805,83.6773910522461,12.255130767822266,34.35670852661133
2010-06-22,8.190752029418945,6.115499973297119,36.997047424316406,25.085763931274414,15.992805480957031,19.313688278198242,82.29544067382812,12.173462867736816,33.70908737182617
2010-06-23,8.104610443115234,6.072500228881836,37.047080993652344,25.452266693115234,15.92573356628418,18.96893310546875,82.04004669189453,12.204689025878906,33.25193786621094
2010-06-24,8.045690536499023,5.916500091552734,37.2722282409668,24.889427185058594,15.791595458984375,18.736600875854492,80.68059539794922,12.017332077026367,32.691402435302734
2010-06-25,7.976898670196533,6.050000190734863,36.70939636230469,25.81222152709961,15.322122573852539,18.38435173034668,81.01858520507812,11.721881866455078,32.16350173950195
2010-06-28,8.024752616882324,5.889999866485596,37.17841339111328,25.22320556640625,15.572102546691895,18.219472885131836,80.7632064819336,11.906838417053223,31.820636749267578
2010-06-29,7.661952972412109,5.430500030517578,37.047080993652344,24.25458526611328,15.343456268310547,17.470006942749023,78.26963806152344,11.745903015136719,31.178478240966797
2010-06-30,7.523166656494141,5.4629998207092285,36.93451690673828,23.960073471069336,15.279443740844727,17.24517250061035,77.52606964111328,11.546537399291992,31.058727264404297
2010-07-01,7.431946277618408,5.547999858856201,36.940765380859375,23.645498275756836,15.25200366973877,17.357593536376953,77.18058776855469,11.61138916015625,30.808385848999023
2010-07-02,7.3858842849731445,5.456999778747559,36.947021484375,23.48166847229004,15.258103370666504,17.440025329589844,76.7599868774414,11.529720306396484,30.786617279052734
2010-07-06,7.436432361602783,5.502999782562256,36.947021484375,23.80934715270996,15.373944282531738,17.852237701416016,77.26319885253906,11.666638374328613,31.270971298217773
2010-07-07,7.736722946166992,5.671500205993652,37.903831481933594,25.002105712890625,15.690995216369629,18.211977005004883,79.69668579101562,11.75070571899414,31.798870086669922
2010-07-08,7.719375133514404,5.810999870300293,38.385372161865234,25.00865936279297,15.980612754821777,18.294416427612305,80.48534393310547,11.813161849975586,32.00568389892578
2010-07-09,7.765140056610107,5.86299991607666,37.86007308959961,25.460857391357422,15.974516868591309,18.18949317932129,81.08617401123047,11.873213768005371,31.98935317993164
2010-07-12,7.69544792175293,5.975500106811523,37.65369415283203,25.683685302734375,15.989754676818848,18.60920524597168,81.13876342773438,12.038949966430664,32.076416015625
2010-07-13,7.531245231628418,6.182499885559082,37.83504867553711,26.529090881347656,16.07206916809082,18.834030151367188,82.36302185058594,12.1398344039917,32.337646484375
2010-07-14,7.559059143066406,6.164999961853027,37.91009521484375,26.44390106201172,16.102556228637695,19.066362380981445,82.35553741455078,12.094197273254395,32.25057601928711
2010-07-15,7.520776748657227,6.103000164031982,37.684967041015625,26.5159912109375,16.111698150634766,19.11882972717285,82.37804412841797,12.108613014221191,32.25601577758789
2010-07-16,7.474415302276611,5.924499988555908,37.17216491699219,25.55916976928711,15.965367317199707,18.65416145324707,80.10977935791016,11.930859565734863,31.543088912963867
2010-07-19,7.345205783843994,5.997000217437744,37.253456115722656,25.585372924804688,15.934881210327148,18.908979415893555,80.5829849243164,11.89482593536377,31.798870086669922
2010-07-20,7.533937931060791,6.005000114440918,36.634334564208984,25.972043991088867,16.2305965423584,19.096338272094727,81.47673797607422,12.221506118774414,32.08185958862305
2010-07-21,7.604225158691406,5.871500015258789,35.72127914428711,25.179058074951172,16.486675262451172,18.826536178588867,80.41771697998047,12.094197273254395,31.657373428344727
2010-07-22,7.747190952301025,6.003499984741211,35.65876388549805,25.78853416442871,16.541547775268555,19.366147994995117,82.2127914428711,12.21670150756836,32.31587600708008
2010-07-23,7.7747111320495605,5.94350004196167,36.040225982666016,26.10311508178711,16.690929412841797,19.343666076660156,82.92630767822266,12.411261558532715,32.50091552734375
2010-07-26,7.754969596862793,5.920000076293945,36.109031677246094,26.43079376220703,16.74884605407715,19.561006546020508,83.79005432128906,12.28155517578125,32.865543365478516
2010-07-27,7.89853572845459,5.856500148773193,36.33415603637695,26.666736602783203,16.782384872436523,19.605987548828125,83.7825698852539,12.240720748901367,33.09410858154297
2010-07-28,7.805212497711182,5.856500148773193,36.16530227661133,26.424251556396484,16.730560302734375,19.448591232299805,83.24177551269531,12.28155517578125,33.14854431152344
2010-07-29,7.719970226287842,5.8429999351501465,36.16530227661133,26.352153778076172,16.764095306396484,19.5085506439209,82.83618927001953,12.264739990234375,32.83833694458008
2010-07-30,7.694253444671631,5.894499778747559,36.32789993286133,26.398025512695312,16.80067253112793,19.343666076660156,82.82118225097656,12.295966148376465,32.4791374206543
2010-08-02,7.83183479309082,6.003499984741211,36.721893310546875,27.289323806762695,17.196992874145508,19.733386993408203,84.69133758544922,12.3488130569458,33.70908737182617
2010-08-03,7.834230899810791,6.120999813079834,37.11587142944336,26.922327041625977,17.187849044799805,19.605987548828125,84.28575897216797,12.319985389709473,34.133575439453125
2010-08-04,7.865637302398682,6.379000186920166,37.35976791381836,27.05994415283203,17.239665985107422,19.28371238708496,84.84909057617188,12.394449234008789,34.133575439453125
2010-08-05,7.827349662780762,6.391499996185303,37.37226867675781,27.046833038330078,17.184791564941406,19.01390838623047,84.75894165039062,12.39925765991211,34.128143310546875
2010-08-06,7.7791972160339355,6.415999889373779,37.49734878540039,26.502883911132812,17.300642013549805,19.148801803588867,84.4134521484375,12.440088272094727,33.725425720214844
2010-08-09,7.828845024108887,6.441500186920166,37.553646087646484,26.0965576171875,17.410396575927734,19.193777084350586,84.8641128540039,12.504944801330566,33.98664474487305
2010-08-10,7.758855819702148,6.5,37.16591262817383,25.670574188232422,17.370756149291992,18.7890682220459,84.40593719482422,12.543376922607422,33.70363998413086
2010-08-11,7.483091831207275,6.29449987411499,36.584312438964844,24.753063201904297,17.084190368652344,18.631677627563477,82.09260559082031,12.326655387878418,33.10072326660156
2010-08-12,7.530945777893066,6.328000068664551,36.5968017578125,24.77928352355957,16.977495193481445,18.3543701171875,81.58939361572266,12.184112548828125,33.013023376464844
2010-08-13,7.450493335723877,6.234499931335449,36.365421295166016,24.576107025146484,16.989686965942383,18.28692054748535,81.34906005859375,12.17686653137207,32.83763122558594
2010-08-16,7.406820774078369,6.303500175476074,36.27788162231445,24.700637817382812,17.035417556762695,18.36187171936035,81.31151580810547,12.179280281066895,32.82118606567383
2010-08-17,7.53632926940918,6.442999839782715,37.03457260131836,24.563013076782227,17.108583450317383,18.618045806884766,82.3104248046875,12.326655387878418,33.336395263671875
2010-08-18,7.569230556488037,6.482500076293945,37.11587142944336,24.83170509338379,17.023223876953125,18.700929641723633,82.46064758300781,12.287999153137207,32.96917724609375
2010-08-19,7.473819255828857,6.378499984741211,36.721893310546875,24.2943115234375,16.852508544921875,18.414615631103516,81.0261001586914,12.094715118408203,32.49779510498047
2010-08-20,7.466639995574951,6.388000011444092,36.73439407348633,24.340187072753906,16.85859489440918,18.256385803222656,80.7632064819336,12.13337230682373,32.27854919433594
2010-08-23,7.351787090301514,6.329999923706055,36.81569290161133,24.1698055267334,16.95005989074707,18.294055938720703,80.45526123046875,12.355650901794434,32.6129035949707
2010-08-24,7.176219463348389,6.226500034332275,36.27788162231445,23.73069953918457,16.968351364135742,18.11322784423828,79.26103973388672,12.394309997558594,32.305946350097656
2010-08-25,7.26475191116333,6.34250020980835,36.259117126464844,23.743804931640625,16.886035919189453,18.158432006835938,79.56902313232422,12.454707145690918,32.289512634277344
2010-08-26,7.186686038970947,6.243000030517578,36.14655303955078,23.350595474243164,16.815916061401367,17.947465896606445,79.03577423095703,12.31457233428955,32.05382537841797
2010-08-27,7.226766109466553,6.331999778747559,36.36117172241211,23.986282348632812,17.120777130126953,18.030344009399414,80.26001739501953,12.321826934814453,32.777339935302734
2010-08-30,7.253086090087891,6.189499855041504,36.171783447265625,23.494766235351562,16.934816360473633,17.811847686767578,79.09585571289062,12.213107109069824,32.33883285522461
2010-08-31,7.27103328704834,6.241499900817871,35.99504852294922,23.82900619506836,17.035417556762695,17.68375587463379,79.09585571289062,12.114045143127441,32.39913558959961
2010-09-01,7.487277984619141,6.624499797821045,36.7967529296875,24.733413696289062,17.471364974975586,18.007736206054688,81.46173858642578,12.37014389038086,33.3857421875
2010-09-02,7.542313098907471,6.760499954223633,36.99877166748047,25.00865936279297,17.49270248413086,18.037885665893555,82.22032165527344,12.505443572998047,33.46797180175781
2010-09-03,7.73971700668335,6.939499855041504,37.200767517089844,25.670574188232422,17.547574996948242,18.301589965820312,83.28684997558594,12.573088645935059,33.610469818115234
2010-09-07,7.711002826690674,6.861000061035156,37.05558776855469,25.087305068969727,17.56892204284668,18.05295181274414,82.3479995727539,12.529603004455566,33.18841552734375
2010-09-08,7.863837242126465,6.956999778747559,37.15026092529297,25.637805938720703,17.6298885345459,18.030344009399414,82.92630767822266,12.522357940673828,33.29804611206055
2010-09-09,7.868327617645264,7.019000053405762,37.762603759765625,26.280057907104492,17.770118713378906,18.090627670288086,83.30936431884766,12.541683197021484,33.46247100830078
2010-09-10,7.87849760055542,7.122000217437744,37.86359786987305,26.057235717773438,17.840232849121094,17.970067977905273,83.72998046875,12.556182861328125,33.54470443725586
2010-09-13,7.9870686531066895,7.253499984741211,38.07823944091797,26.948537826538086,17.824880599975586,18.919435501098633,84.66130065917969,12.614166259765625,33.43506622314453
2010-09-14,8.017577171325684,7.287499904632568,38.242374420166016,26.686389923095703,17.689725875854492,18.859161376953125,84.6087417602539,12.722880363464355,33.44055938720703
2010-09-15,8.08218002319336,7.272500038146973,38.5390510559082,26.85678482055664,17.637516021728516,18.926965713500977,84.9317398071289,12.771210670471191,33.43506622314453
2010-09-16,8.272109031677246,7.406499862670898,38.69058609008789,26.863332748413086,17.665149688720703,19.085186004638672,84.9091567993164,12.841272354125977,33.418609619140625
2010-09-17,8.236215591430664,7.415999889373779,38.8673210144043,26.25384521484375,17.680513381958008,19.00231170654297,84.94088745117188,12.807448387145996,33.314476013183594
2010-09-20,8.471306800842285,7.565000057220459,39.19558334350586,26.994407653808594,17.80645179748535,19.160545349121094,86.2396469116211,12.935503005981445,33.73653793334961
2010-09-21,8.487457275390625,7.536499977111816,39.100887298583984,26.601184844970703,17.84945297241211,18.949569702148438,86.06597900390625,12.94274616241455,33.73106002807617
2010-09-22,8.60649585723877,7.5914998054504395,39.11981964111328,26.175203323364258,17.886314392089844,18.54269790649414,85.64311981201172,13.003146171569824,33.681724548339844
2010-09-23,8.64148998260498,7.642499923706055,39.018829345703125,25.624704360961914,17.775737762451172,18.407079696655273,84.94844818115234,12.962079048156738,33.51729202270508
2010-09-24,8.743181228637695,8.036499977111816,39.22714614868164,26.050689697265625,18.006103515625,18.670795440673828,86.70024108886719,13.06596565246582,33.84616470336914
2010-09-27,8.708486557006836,7.968500137329102,39.1577033996582,25.611595153808594,17.999963760375977,18.63312530517578,86.28494262695312,12.921004295349121,33.82423782348633
2010-09-28,8.579878807067871,7.985000133514404,39.41020202636719,25.52639389038086,18.153549194335938,18.59543800354004,86.58700561523438,13.003146171569824,34.01606369018555
2010-09-29,8.595130920410156,7.94950008392334,39.33445739746094,25.172502517700195,18.049104690551758,18.459823608398438,86.43596649169922,12.889599800109863,33.75844955444336
2010-09-30,8.486861228942871,7.853000164031982,39.11351776123047,24.943124771118164,17.97538948059082,18.45227813720703,86.17925262451172,12.930667877197266,33.86807632446289
2010-10-01,8.450069427490234,7.685500144958496,38.980960845947266,25.434633255004883,18.15969467163086,18.369407653808594,86.54171752929688,12.892012596130371,34.2791633605957
2010-10-04,8.334020614624023,7.769499778747559,38.93045425415039,25.559322357177734,18.085969924926758,18.015283584594727,85.8923110961914,12.94274616241455,34.087318420410156
2010-10-05,8.642087936401367,8.043499946594238,39.643795013427734,26.012113571166992,18.325557708740234,18.3468074798584,87.62146759033203,13.046635627746582,34.67382049560547
2010-10-06,8.649563789367676,7.769999980926514,39.902591705322266,26.18271827697754,18.368566513061523,18.407079696655273,87.6139144897461,13.181939125061035,35.046531677246094
2010-10-07,8.650464057922363,7.813499927520752,39.90892028808594,25.933361053466797,18.25798988342285,18.482425689697266,87.50823211669922,13.133617401123047,34.997196197509766
2010-10-08,8.795523643493652,7.777500152587891,39.915225982666016,25.795560836791992,18.248769760131836,18.512563705444336,87.99903869628906,13.14569091796875,35.28770065307617
2010-10-11,8.834108352661133,7.651500225067139,39.95942687988281,26.0711669921875,18.294843673706055,18.527633666992188,88.08207702636719,13.19401741027832,35.38090515136719
2010-10-12,8.92922306060791,7.823999881744385,39.95309066772461,26.510820388793945,18.3071346282959,18.708467483520508,88.35395050048828,13.027313232421875,35.463111877441406
2010-10-13,8.977079391479492,7.758500099182129,40.13618469238281,26.143356323242188,18.411569595336914,19.092729568481445,89.04105377197266,13.003146171569824,35.64945983886719
2010-10-14,9.041982650756836,7.776500225067139,40.237178802490234,25.40839958190918,18.4023494720459,19.00984764099121,88.69367218017578,12.865436553955078,35.79197311401367
2010-10-15,9.413758277893066,8.232000350952148,40.129859924316406,24.378143310546875,18.411569595336914,19.243425369262695,88.87491607666016,12.889599800109863,35.731693267822266
2010-10-18,9.511261940002441,8.178000450134277,40.312923431396484,25.067171096801758,18.430004119873047,19.454387664794922,89.31289672851562,12.988656044006348,36.32912826538086
2010-10-19,9.256731033325195,7.933499813079834,39.95309066772461,24.732498168945312,18.534439086914062,18.91190528869629,88.14249420166016,12.882349014282227,35.69332504272461
2010-10-20,9.287837982177734,7.933499813079834,40.148799896240234,25.001543045043945,18.783239364624023,19.070125579833984,89.00333404541016,12.918584823608398,36.18113327026367
2010-10-21,9.257631301879883,8.248499870300293,40.39499282836914,24.739065170288086,18.88153839111328,19.15300941467285,89.19963073730469,13.053888320922852,36.35105514526367
2010-10-22,9.196313858032227,8.456500053405762,40.28135681152344,24.739065170288086,18.92453956604004,19.122873306274414,89.36573028564453,13.061139106750488,36.36201477050781
2010-10-25,9.237288475036621,8.449999809265137,40.38868713378906,24.325653076171875,18.740236282348633,18.97970962524414,89.63002014160156,13.034557342529297,36.2852668762207
2010-10-26,9.213663101196289,8.4975004196167,40.30031204223633,24.410968780517578,18.81088638305664,19.51466941833496,89.64512634277344,13.181939125061035,36.46614074707031
2010-10-27,9.207082748413086,8.375499725341797,40.129859924316406,24.634075164794922,18.795528411865234,19.627689361572266,89.38838958740234,13.015230178833008,35.99477767944336
2010-10-28,9.129619598388672,8.342000007629395,40.12355041503906,24.614383697509766,18.80167007446289,19.800989151000977,89.40351104736328,13.06596565246582,36.29623794555664
2010-10-29,9.002197265625,8.261500358581543,40.237178802490234,24.69312858581543,18.835458755493164,20.094831466674805,89.4714584350586,13.087712287902832,36.4442253112793
2010-11-01,9.09791088104248,8.128999710083008,40.20561981201172,24.555316925048828,18.955259323120117,20.30580711364746,89.50166320800781,13.121535301208496,36.696353912353516
2010-11-02,9.25284194946289,8.230500221252441,40.32555389404297,24.253467559814453,19.001331329345703,20.637325286865234,90.21144104003906,13.237508773803711,37.184181213378906
2010-11-03,9.355731964111328,8.423500061035156,40.5212516784668,24.7521915435791,19.02897834777832,20.3660831451416,90.57388305664062,13.266499519348145,37.255435943603516
2010-11-04,9.51933765411377,8.446499824523926,40.881065368652344,26.117107391357422,19.182559967041016,20.448955535888672,92.31819152832031,13.375219345092773,38.028282165527344
2010-11-05,9.48523998260498,8.53849983215332,40.81163024902344,26.865182876586914,19.222484588623047,20.230451583862305,92.66554260253906,13.336564064025879,38.36811447143555
2010-11-08,9.529806137084961,8.599499702453613,40.60963821411133,26.583011627197266,19.185623168945312,20.2003116607666,92.49185180664062,13.266499519348145,38.543514251708984
2010-11-09,9.453834533691406,8.513500213623047,40.59699630737305,26.18271827697754,19.24091911315918,20.30580711364746,91.82737731933594,13.300326347351074,38.957183837890625
2010-11-10,9.512162208557129,8.666500091552734,40.3697395324707,26.655189514160156,19.21327781677246,20.29827308654785,92.19737243652344,13.1698579788208,39.23297119140625
2010-11-11,9.470882415771484,8.518500328063965,40.350807189941406,26.261457443237305,19.290063858032227,20.102375030517578,91.8499984741211,13.128787994384766,39.61907196044922
2010-11-12,9.21306324005127,8.284000396728516,40.192989349365234,25.992422103881836,19.32693099975586,19.79345703125,90.76266479492188,13.078046798706055,39.15575408935547
2010-11-15,9.183456420898438,7.945000171661377,40.489688873291016,26.300844192504883,19.33921241760254,19.740705490112305,90.63429260253906,13.034557342529297,38.87445068359375
2010-11-16,9.02044677734375,7.888999938964844,39.85841751098633,25.992422103881836,19.068906784057617,19.56634521484375,89.22228240966797,13.109454154968262,38.025054931640625
2010-11-17,8.98784351348877,7.917500019073486,39.80791473388672,25.710250854492188,19.204051971435547,19.3844051361084,89.26761627197266,12.991067886352539,38.06365203857422
2010-11-18,9.22502613067627,8.208499908447266,40.29399108886719,26.025226593017578,19.60952377319336,19.589086532592773,90.5814437866211,13.041810989379883,38.78068161010742
2010-11-19,9.174181938171387,8.241000175476074,40.29399108886719,25.861175537109375,19.756956100463867,19.475372314453125,90.83061218261719,13.140863418579102,38.90754318237305
2010-11-22,9.372486114501953,8.519499778747559,40.16141891479492,25.27058982849121,19.741605758666992,19.505695343017578,90.755126953125,13.138447761535645,38.71449661254883
2010-11-23,9.234002113342285,8.40999984741211,39.6879768371582,24.69312858581543,19.541942596435547,19.043262481689453,89.44125366210938,12.966902732849121,38.04710388183594
2010-11-24,9.41555118560791,8.862500190734863,39.95309066772461,25.040922164916992,19.846036911010742,19.23278045654297,90.76266479492188,13.049054145812988,38.543521881103516
2010-11-26,9.421534538269043,8.859999656677246,39.666587829589844,24.607810974121094,19.69245147705078,19.141815185546875,89.70556640625,12.983823776245117,38.18499755859375
2010-11-29,9.477465629577637,8.974499702453613,39.41826629638672,24.87686538696289,19.605850219726562,19.187299728393555,89.97737884521484,13.010396003723145,38.306339263916016
2010-11-30,9.30638313293457,8.770000457763672,39.189064025878906,24.542198181152344,19.537813186645508,19.149391174316406,89.4714584350586,13.06838607788086,38.367008209228516
2010-12-01,9.463409423828125,8.827500343322754,39.74298858642578,25.034358978271484,20.011014938354492,19.740703582763672,91.37429809570312,13.215758323669434,39.343292236328125
2010-12-02,9.51574993133545,8.826499938964844,39.85759353637695,25.795560836791992,20.072877883911133,20.38507843017578,92.54469299316406,13.227842330932617,39.42601013183594
2010-12-03,9.494514465332031,8.784000396728516,39.83213424682617,25.992422103881836,19.94916534423828,20.483638763427734,92.79388427734375,13.19643497467041,39.26606750488281
2010-12-06,9.575568199157715,8.90250015258789,39.60292434692383,26.18271827697754,19.79142951965332,20.347179412841797,92.69572448730469,13.165023803710938,39.332244873046875
2010-12-07,9.51754379272461,8.838500022888184,39.672950744628906,25.75617790222168,19.837810516357422,20.36992835998535,92.74858856201172,13.309986114501953,39.41498565673828
2010-12-08,9.601292610168457,8.814499855041504,39.76209259033203,26.418956756591797,19.915136337280273,20.64283561706543,93.08837127685547,13.237833023071289,39.63011169433594
2010-12-09,9.56390380859375,8.742500305175781,39.513771057128906,26.779870986938477,20.051225662231445,20.52911949157715,93.45082092285156,13.201396942138672,39.712833404541016
2010-12-10,9.587831497192383,8.781000137329102,39.41826629638672,27.18671989440918,19.995555877685547,20.72622299194336,93.99449920654297,13.186814308166504,39.81211853027344
2010-12-13,9.621026992797852,8.712499618530273,39.38645553588867,27.239221572875977,20.057409286499023,20.657995223999023,94.05491638183594,13.169807434082031,39.911407470703125
2010-12-14,9.579756736755371,8.696999549865723,39.96584701538086,26.766752243041992,19.76358413696289,20.93849754333496,94.13795471191406,13.228118896484375,39.81211853027344
2010-12-15,9.58184814453125,8.778499603271484,39.838497161865234,26.386152267456055,20.023391723632812,21.11284828186035,93.70758056640625,13.174668312072754,39.63011169433594
2010-12-16,9.608467102050781,8.902000427246094,39.730262756347656,26.25490951538086,20.20896339416504,21.218982696533203,94.2511978149414,13.271842956542969,39.83418655395508
2010-12-17,9.589326858520508,8.878999710083008,39.81939697265625,26.031789779663086,20.320308685302734,21.150754928588867,94.35218811035156,13.21839427947998,39.80659866333008
2010-12-20,9.63718318939209,9.16450023651123,39.78755569458008,26.21553611755371,20.19968605041504,21.08253288269043,94.57991027832031,13.062914848327637,39.83418655395508
2010-12-21,9.696703910827637,9.237500190734863,39.69205856323242,26.904556274414062,20.255355834960938,21.279634475708008,95.17955780029297,13.033766746520996,40.10995101928711
2010-12-22,9.725415229797363,9.23799991607666,39.48830032348633,27.665746688842773,20.28628921508789,21.3706111907959,95.47560119628906,12.951165199279785,40.154090881347656
2010-12-23,9.678759574890137,9.129500389099121,39.6347541809082,27.613237380981445,20.283203125,21.453994750976562,95.33897399902344,13.021617889404297,40.37471008300781
2010-12-27,9.711057662963867,9.107000350952148,39.431007385253906,28.000402450561523,20.12545394897461,21.279634475708008,95.37694549560547,13.014326095581055,40.26992416381836
2010-12-28,9.734688758850098,9.054499626159668,39.507408142089844,27.961040496826172,20.215147018432617,21.234149932861328,95.5135726928711,13.055630683898926,40.496063232421875
2010-12-29,9.729302406311035,9.168499946594238,39.558349609375,27.7969970703125,20.24298858642578,21.203819274902344,95.5818862915039,13.138226509094238,40.468482971191406
2010-12-30,9.68055248260498,9.137499809265137,39.43736267089844,27.711685180664062,20.258455276489258,21.11284828186035,95.43006896972656,13.135798454284668,40.462955474853516
2010-12-31,9.647651672363281,9.0,39.380069732666016,27.83637809753418,20.341962814331055,21.158340454101562,95.45282745361328,13.101786613464355,40.330589294433594
2011-01-03,9.857319831848145,9.211000442504883,39.99766540527344,28.597578048706055,20.171850204467773,21.211400985717773,96.43960571289062,13.254841804504395,41.11933517456055
2011-01-04,9.908764839172363,9.250499725341797,40.33512496948242,29.011457443237305,19.75431251525879,21.294797897338867,96.38648223876953,13.305856704711914,41.312374114990234
2011-01-05,9.989818572998047,9.371000289916992,40.30966567993164,29.3662166595459,19.63678741455078,21.226564407348633,96.88748168945312,13.21839427947998,41.20204544067383
2011-01-06,9.981742858886719,9.293000221252441,40.2459831237793,29.221691131591797,19.4945068359375,21.84820556640625,96.69769287109375,13.109078407287598,41.46682357788086
2011-01-07,10.053223609924316,9.274499893188477,39.85759353637695,28.669837951660156,19.46048927307129,21.68142318725586,96.50794219970703,13.138226509094238,41.69297409057617
2011-01-10,10.2425537109375,9.234000205993652,39.57744598388672,28.512178421020508,19.503787994384766,21.393352508544922,96.38648223876953,13.053199768066406,41.43924331665039
2011-01-11,10.218326568603516,9.217000007629395,39.647491455078125,28.643566131591797,19.38935089111328,21.309961318969727,96.72808074951172,13.18924331665039,41.74812316894531
2011-01-12,10.301478385925293,9.204000473022461,39.79392623901367,29.37278938293457,19.49760627746582,21.64351463317871,97.6009750366211,13.32529067993164,42.23902130126953
2011-01-13,10.339160919189453,9.27649974822998,40.054996490478516,29.20197868347168,19.608945846557617,21.3706111907959,97.44159698486328,13.310717582702637,42.310733795166016
2011-01-14,10.422906875610352,9.4375,39.82575607299805,29.504180908203125,19.525436401367188,21.453994750976562,98.14755249023438,13.315570831298828,42.9339714050293
2011-01-18,10.188714027404785,9.5625,39.53925704956055,29.399057388305664,19.633689880371094,21.726905822753906,98.31452941894531,13.395747184753418,43.41386413574219
2011-01-19,10.1345796585083,9.343500137329102,39.83213424682617,28.715822219848633,19.615131378173828,21.582866668701172,97.3504867553711,13.36902141571045,43.15461349487305
2011-01-20,9.950334548950195,9.097999572753906,40.02314758300781,29.399057388305664,19.463584899902344,21.49189567565918,97.2214584350586,13.602248191833496,42.88434600830078
2011-01-21,9.772076606750488,8.871000289916992,39.89580154418945,29.753816604614258,19.41408920288086,21.241729736328125,97.44159698486328,13.539083480834961,43.562767028808594
2011-01-24,10.093006134033203,8.842499732971191,39.61565399169922,29.576452255249023,19.56254768371582,21.5146427154541,97.99571228027344,13.616819381713867,43.3476676940918
2011-01-25,10.21114730834961,8.835000038146973,38.88982009887695,29.477909088134766,19.472858428955078,21.56770896911621,98.04884338378906,13.910778999328613,43.39730453491211
2011-01-26,10.284428596496582,8.769499778747559,38.584197998046875,29.550161361694336,19.472858428955078,21.817880630493164,98.42840576171875,13.925355911254883,43.937843322753906
2011-01-27,10.26528549194336,9.22249984741211,38.635128021240234,29.628997802734375,19.392440795898438,21.886106491088867,98.67124938964844,13.986088752746582,44.05918884277344
2011-01-28,10.052626609802246,8.557000160217285,38.20854568481445,29.261106491088867,19.240886688232422,21.037046432495117,96.94819641113281,13.774735450744629,43.56828308105469
2011-01-31,10.148937225341797,8.482000350952148,38.055728912353516,29.523897171020508,19.43883514404297,21.021875381469727,97.67693328857422,13.621681213378906,44.50044250488281
2011-02-01,10.319719314575195,8.605500221252441,38.603294372558594,30.174287796020508,19.500696182250977,21.218982696533203,99.24057006835938,13.684844017028809,46.28199768066406
2011-02-02,10.29848575592041,8.67650032043457,38.59691619873047,29.85893440246582,19.441930770874023,21.18107795715332,99.05082702636719,13.570666313171387,46.0062255859375
2011-02-03,10.272163391113281,8.685500144958496,38.71153259277344,29.865510940551758,19.352235794067383,20.961233139038086,99.2709732055664,13.585243225097656,46.02277374267578
2011-02-04,10.363688468933105,8.796500205993652,38.737003326416016,29.29393768310547,19.349143981933594,21.052204132080078,99.5517807006836,13.61196231842041,45.93451690673828
2011-02-07,10.524601936340332,8.821499824523926,38.756107330322266,29.89179039001465,19.336763381958008,21.37818717956543,100.17423248291016,13.621681213378906,46.29304504394531
2011-02-08,10.6239013671875,9.152999877929688,38.8006706237793,30.049463272094727,19.44502067565918,21.43883514404297,100.62967681884766,13.696989059448242,46.01024627685547
2011-02-09,10.712430000305176,9.265000343322754,38.76247787475586,29.635568618774414,19.531620025634766,21.203819274902344,100.40193939208984,13.782015800476074,45.77183151245117
2011-02-10,10.604161262512207,9.310500144958496,38.7943115234375,29.911487579345703,19.652246475219727,20.84752082824707,100.43993377685547,13.505066871643066,46.13223648071289
2011-02-11,10.673253059387207,9.462499618530273,38.64786148071289,30.594743728637695,19.661523818969727,20.657995223999023,101.0395736694336,13.529359817504883,45.921539306640625
2011-02-14,10.742939949035645,9.520999908447266,38.64786148071289,30.575031280517578,19.528528213500977,20.64283561706543,101.282470703125,13.313139915466309,47.08039093017578
2011-02-15,10.764473915100098,9.451499938964844,38.59691619873047,30.75896453857422,19.54399299621582,20.558958053588867,100.96366119384766,13.349587440490723,46.00469970703125
2011-02-16,10.861083984375,9.331000328063965,38.533260345458984,31.494762420654297,19.608945846557617,20.604705810546875,101.60127258300781,13.252412796020508,46.403934478759766
2011-02-17,10.716621398925781,9.387999534606934,38.70518112182617,31.415935516357422,19.96462059020996,20.74959945678711,101.9049072265625,13.300999641418457,46.50928497314453
2011-02-18,10.48511791229248,9.324999809265137,38.908912658691406,31.534204483032227,19.96462059020996,20.635208129882812,102.117431640625,13.454047203063965,46.85303497314453
2011-02-22,10.127696990966797,9.020999908447266,38.61603546142578,30.226831436157227,19.72028350830078,20.27680778503418,100.0679931640625,13.038616180419922,47.374244689941406
2011-02-23,10.247641563415527,8.833999633789062,38.45049285888672,30.193998336791992,19.766679763793945,20.27680778503418,99.45314025878906,12.883137702941895,48.2780647277832
2011-02-24,10.255416870117188,8.887499809265137,38.36135482788086,30.161144256591797,19.757396697998047,20.414060592651367,99.38481903076172,12.654777526855469,47.668128967285156
2011-02-25,10.413336753845215,8.862000465393066,38.316375732421875,30.666996002197266,19.890398025512695,20.246295928955078,100.447509765625,12.572175979614258,47.31878662109375
2011-02-28,10.564382553100586,8.66450023651123,39.4727897644043,30.673580169677734,19.769777297973633,20.269174575805664,101.06993103027344,12.628055572509766,47.42414474487305
2011-03-01,10.447734832763672,8.472000122070312,38.99739074707031,29.957487106323242,20.075973510742188,19.94890022277832,99.38481903076172,12.649910926818848,47.01937484741211
2011-03-02,10.531781196594238,8.60099983215332,39.068050384521484,29.701269149780273,19.92751121520996,19.88789176940918,99.59734344482422,12.625624656677246,47.174652099609375
2011-03-03,10.754303932189941,8.63949966430664,39.22224426269531,30.272829055786133,20.28009796142578,19.979394912719727,101.31282806396484,12.635343551635742,47.58496856689453
2011-03-04,10.767468452453613,8.583499908447266,39.228675842285156,29.90493392944336,20.16876220703125,19.78875160217285,100.55377960205078,12.649910926818848,47.174652099609375
2011-03-07,10.628690719604492,8.454000473022461,38.80464172363281,29.688129425048828,20.171850204467773,19.613365173339844,99.76434326171875,12.637767791748047,46.975040435791016
2011-03-08,10.640646934509277,8.344499588012695,39.003814697265625,30.483060836791992,20.3017578125,19.758256912231445,100.63727569580078,12.739805221557617,46.908504486083984
2011-03-09,10.54224681854248,8.452500343322754,38.80464172363281,30.588167190551758,20.29557228088379,19.74300193786621,100.49305725097656,12.885364532470703,46.786502838134766
2011-03-10,10.368772506713867,8.307000160217285,38.29710388183594,29.911487579345703,20.193500518798828,19.376962661743164,98.63330078125,12.880475044250488,45.12308120727539
2011-03-11,10.527889251708984,8.403499603271484,38.34850311279297,30.049463272094727,20.190387725830078,19.58285903930664,99.31649780273438,12.865797996520996,45.53340530395508
2011-03-14,10.574847221374512,8.33650016784668,37.98870849609375,29.760393142700195,19.919349670410156,19.590484619140625,98.7168197631836,12.79974365234375,45.677555084228516
2011-03-15,10.331682205200195,8.253999710083008,37.57112121582031,29.307090759277344,19.635860443115234,19.361717224121094,97.5857925415039,12.736136436462402,45.128631591796875
2011-03-16,9.870474815368652,8.234999656677246,37.04430389404297,28.781524658203125,19.190364837646484,18.9041690826416,95.77924346923828,12.569774627685547,43.97532653808594
2011-03-17,10.008956909179688,8.048500061035156,37.34626770019531,29.27425193786621,19.402206420898438,18.896541595458984,97.04686737060547,12.567331314086914,45.0011100769043
2011-03-18,9.890215873718262,8.090999603271484,37.62894058227539,30.049463272094727,19.533052444458008,18.91179656982422,97.39989471435547,12.604029655456543,44.82921600341797
2011-03-21,10.148336410522461,8.22599983215332,37.795989990234375,29.977184295654297,19.80409049987793,19.31595802307129,98.9093246459961,12.701885223388672,45.9326171875
2011-03-22,10.205162048339844,8.130000114440918,37.77028274536133,29.872079849243164,19.785390853881836,19.2930850982666,98.56625366210938,12.721456527709961,45.7773551940918
2011-03-23,10.145042419433594,8.265999794006348,37.725318908691406,29.957487106323242,20.02216148376465,19.476102828979492,98.8483657836914,12.63338565826416,45.79955291748047
2011-03-24,10.317925453186035,8.555000305175781,37.924468994140625,30.042892456054688,20.152996063232422,19.68198585510254,99.79369354248047,12.865797996520996,45.871639251708984
2011-03-25,10.514433860778809,8.548999786376953,37.892356872558594,30.12828826904297,20.318113327026367,19.537109375,100.0986328125,12.807087898254395,46.365108489990234
2011-03-28,10.48153018951416,8.467499732971191,38.05939483642578,30.193998336791992,20.258922576904297,19.376962661743164,99.85465240478516,12.767942428588867,46.28194046020508
2011-03-29,10.497082710266113,8.730999946594238,38.04653549194336,30.233402252197266,20.473875045776367,19.437978744506836,100.52558135986328,12.785067558288574,46.159969329833984
2011-03-30,10.427392959594727,8.970999717712402,38.14933395385742,30.515907287597656,20.573570251464844,19.52947425842285,101.21929931640625,12.809531211853027,46.84750747680664
2011-03-31,10.423807144165039,9.006500244140625,38.06581497192383,30.28594398498535,20.66703224182129,19.361717224121094,101.08207702636719,12.73369026184082,46.64786911010742
2011-04-01,10.3056640625,9.006500244140625,38.22000503540039,30.450204849243164,20.941181182861328,19.430347442626953,101.50897979736328,12.753259658813477,46.9528694152832
2011-04-04,10.204867362976074,9.147000312805176,38.644020080566406,30.608734130859375,21.078256607055664,19.48372459411621,101.59286499023438,12.880475044250488,47.058197021484375
2011-04-05,10.136073112487793,9.26449966430664,38.41917037963867,30.76725196838379,21.019058227539062,19.65911102294922,101.57763671875,12.902494430541992,47.36316680908203
2011-04-06,10.110650062561035,9.137999534606934,38.329219818115234,31.4674072265625,21.068906784057617,19.941267013549805,101.89783477783203,12.961210250854492,47.230098724365234
2011-04-07,10.111847877502441,9.245499610900879,38.213584899902344,31.308883666992188,21.00971794128418,19.979394912719727,101.63862609863281,12.96610164642334,47.55168914794922
2011-04-08,10.02151870727539,9.23550033569336,38.20073699951172,30.93899154663086,20.95675277709961,19.880264282226562,101.28791809082031,12.85356330871582,47.65703582763672
2011-04-11,9.894105911254883,9.20199966430664,38.45771408081055,30.952211380004883,20.99725914001465,19.811622619628906,100.98294067382812,12.922065734863281,47.21900177001953
2011-04-12,9.941962242126465,9.02400016784668,38.50910568237305,30.806884765625,20.841493606567383,19.552356719970703,100.22823333740234,13.093314170837402,46.121158599853516
2011-04-13,10.053525924682617,9.114500045776367,38.29067611694336,30.549278259277344,20.959875106811523,19.544729232788086,100.22061157226562,13.120224952697754,46.11005401611328
2011-04-14,9.942560195922852,9.090999603271484,38.560523986816406,29.70380973815918,21.280746459960938,19.384592056274414,100.29684448242188,13.088424682617188,46.26531219482422
2011-04-15,9.794207572937012,9.000499725341797,38.907432556152344,29.650978088378906,21.187286376953125,19.346454620361328,100.66276550292969,13.100654602050781,46.736602783203125
2011-04-18,9.925509452819824,8.916999816894531,38.84318542480469,29.036693572998047,20.969213485717773,19.125320434570312,99.53448486328125,13.041942596435547,46.0767822265625
2011-04-19,10.105266571044922,8.940999984741211,40.27588653564453,29.492443084716797,20.90068244934082,19.178701400756836,100.10626983642578,13.051729202270508,46.464908599853516
2011-04-20,10.241357803344727,9.193499565124512,41.36806869506836,29.433002471923828,21.1374454498291,19.64386749267578,101.47086334228516,13.134907722473145,47.490684509277344
2011-04-21,10.489304542541504,9.294500350952148,41.16248321533203,29.51226043701172,21.14678955078125,19.46084976196289,101.98922729492188,13.107993125915527,47.884368896484375
2011-04-25,10.558398246765137,9.270999908447266,41.188175201416016,29.466018676757812,21.103172302246094,19.52947425842285,101.8825912475586,13.056618690490723,47.8067512512207
2011-04-26,10.480935096740723,9.114999771118164,41.72784423828125,29.80288314819336,20.850828170776367,19.971776962280273,102.7593002319336,13.18872356414795,48.47210693359375
2011-04-27,10.472859382629395,9.831500053405762,42.12617111206055,30.053895950317383,20.872638702392578,20.116661071777344,103.43016815185547,13.313490867614746,48.671722412109375
2011-04-28,10.37116527557373,9.753499984741211,42.00410461425781,30.28506851196289,21.0003719329834,20.368314743041992,103.76559448242188,13.379545211791992,48.42778015136719
2011-04-29,10.472259521484375,9.790499687194824,42.22254180908203,30.13975715637207,21.015945434570312,19.765880584716797,104.00956726074219,13.450492858886719,48.782623291015625
2011-05-02,10.35710620880127,10.059499740600586,42.5373420715332,29.842531204223633,21.096946716308594,19.56761360168457,103.84949493408203,13.465168952941895,48.22260665893555
2011-05-03,10.414535522460938,9.922499656677246,42.56946563720703,30.33130645751953,21.14678955078125,19.68198585510254,103.47588348388672,13.567923545837402,47.474056243896484
2011-05-04,10.455509185791016,9.998499870300293,42.19040298461914,30.053895950317383,21.015945434570312,19.87264060974121,102.7897720336914,13.545906066894531,47.02493667602539
2011-05-05,10.37116527557373,9.855500221252441,41.766395568847656,29.83591651916504,20.779178619384766,19.666748046875,101.85968780517578,13.472511291503906,45.81063461303711
2011-05-06,10.368474006652832,9.880000114440918,41.933441162109375,29.750057220458984,20.841493606567383,19.727745056152344,102.30948638916016,13.460280418395996,45.84947204589844
2011-05-09,10.396584510803223,10.039999961853027,42.16472244262695,29.697202682495117,20.85706329345703,19.697242736816406,102.7059326171875,13.479854583740234,46.121158599853516
2011-05-10,10.451918601989746,10.196999549865723,42.24823760986328,29.829303741455078,20.978559494018555,19.575227737426758,103.58263397216797,13.585044860839844,46.20985412597656
2011-05-11,10.385519027709961,10.218999862670898,42.76862335205078,29.215015411376953,20.972335815429688,19.338834762573242,102.49246215820312,13.58627700805664,45.234046936035156
2011-05-12,10.365781784057617,10.303500175476074,43.166961669921875,29.122554779052734,21.280746459960938,19.308332443237305,102.98035430908203,13.721724510192871,45.19499969482422
2011-05-13,10.184226989746094,10.128000259399414,42.80073928833008,28.501659393310547,21.240245819091797,19.08718490600586,102.18748474121094,13.721724510192871,45.0946159362793
2011-05-16,9.968876838684082,9.625499725341797,42.64013671875,28.323314666748047,21.13121223449707,18.736400604248047,101.53948211669922,13.805453300476074,44.743324279785156
2011-05-17,10.053824424743652,9.740500450134277,42.65940475463867,28.937606811523438,21.18105125427246,18.82083511352539,101.52423858642578,13.677392959594727,44.83811569213867
2011-05-18,10.165387153625488,9.854499816894531,42.723663330078125,29.115943908691406,21.277639389038086,18.95132064819336,102.43147277832031,13.588741302490234,45.579734802246094
2011-05-19,10.185127258300781,9.9399995803833,42.65296936035156,29.063100814819336,21.327482223510742,18.974348068237305,102.67542266845703,13.662625312805176,45.90875244140625
2011-05-20,10.026305198669434,9.932499885559082,42.20325469970703,28.488439559936523,21.277639389038086,18.797807693481445,101.85968780517578,13.61583423614502,45.484954833984375
2011-05-23,10.001778602600098,9.810999870300293,42.11974334716797,28.105344772338867,21.025291442871094,18.552181243896484,100.67800903320312,13.598592758178711,44.983097076416016
2011-05-24,9.935680389404297,9.66349983215332,42.261085510253906,27.96662712097168,21.019058227539062,18.536836624145508,100.59416198730469,13.490238189697266,45.32883071899414
2011-05-25,10.072965621948242,9.61299991607666,42.588741302490234,27.920394897460938,20.844594955444336,18.567533493041992,100.92962646484375,13.436060905456543,45.702430725097656
2011-05-26,10.019725799560547,9.75,42.452659606933594,28.03928565979004,20.779178619384766,18.935972213745117,101.39466094970703,13.450835227966309,45.94219970703125
2011-05-27,10.09180736541748,9.706500053405762,43.2691650390625,28.26386833190918,20.719985961914062,19.005062103271484,101.783447265625,13.470534324645996,46.07603073120117
2011-05-31,10.40346622467041,9.834500312805176,43.606163024902344,28.561092376708984,20.813444137573242,19.196945190429688,102.84310150146484,13.598592758178711,46.5444221496582
2011-06-01,10.334076881408691,9.619999885559082,43.08123779296875,27.583518981933594,20.797874450683594,18.75175666809082,100.53314971923828,13.37203311920166,45.74146270751953
2011-06-02,10.351724624633789,9.682499885559082,43.08123779296875,27.484445571899414,20.573570251464844,18.5905704498291,100.42642211914062,13.187333106994629,45.351112365722656
2011-06-03,10.272163391113281,9.416000366210938,42.82849884033203,27.458024978637695,20.414695739746094,18.352617263793945,99.4277572631836,13.214425086975098,45.267486572265625
2011-06-06,10.110650062561035,9.284500122070312,42.80259323120117,26.771081924438477,20.38041877746582,18.42937660217285,98.37568664550781,13.239049911499023,44.77120590209961
2011-06-07,9.931195259094238,9.3774995803833,42.4461784362793,26.896575927734375,20.311887741088867,18.467750549316406,98.31468200683594,13.256285667419434,44.60948181152344
2011-06-08,9.937177658081055,9.40250015258789,42.86091613769531,26.678607940673828,20.374187469482422,18.375642776489258,97.90299987792969,13.22181510925293,45.03330993652344
2011-06-09,9.91474723815918,9.484000205993652,43.275657653808594,27.068317413330078,20.52684211730957,18.390995025634766,98.65013122558594,13.204572677612305,45.267486572265625
2011-06-10,9.747547149658203,9.326499938964844,42.82849884033203,27.114553451538086,20.37107276916504,18.1991024017334,97.27784729003906,12.982935905456543,44.48682403564453
2011-06-13,9.768486976623535,9.314499855041504,43.15251922607422,27.524091720581055,20.433828353881836,18.45240020751953,97.35411071777344,12.958312034606934,44.18012619018555
2011-06-14,9.943159103393555,9.498000144958496,43.483028411865234,27.484445571899414,20.587589263916016,18.5905704498291,98.58916473388672,13.029729843139648,44.82137680053711
2011-06-15,9.772971153259277,9.298999786376953,42.87389373779297,26.870161056518555,20.386764526367188,18.222124099731445,96.83568572998047,12.884435653686523,43.86228942871094
2011-06-16,9.725415229797363,9.182499885559082,42.97755813598633,26.658796310424805,20.5499324798584,18.421701431274414,97.04917907714844,13.010026931762695,44.174556732177734
2011-06-17,9.578858375549316,9.318499565124512,42.958126068115234,26.949420928955078,20.59073257446289,18.621261596679688,97.33878326416016,13.007564544677734,44.06303405761719
2011-06-20,9.431102752685547,9.38599967956543,43.100685119628906,26.738054275512695,20.6566219329834,18.78245735168457,97.83678436279297,13.061742782592773,44.447784423828125
2011-06-21,9.729607582092285,9.71150016784668,43.08772659301758,27.022077560424805,20.791553497314453,19.005062103271484,99.17753601074219,13.123307228088379,44.92733383178711
2011-06-22,9.649142265319824,9.581500053405762,42.8155517578125,26.876760482788086,20.83548927307129,18.92061424255371,98.57991027832031,13.054353713989258,44.509124755859375
2011-06-23,9.906967163085938,9.708000183105469,42.556339263916016,26.46723747253418,20.389902114868164,18.905256271362305,98.29646301269531,13.123307228088379,43.739620208740234
2011-06-24,9.761006355285645,9.6274995803833,42.161048889160156,26.084138870239258,20.374216079711914,18.65196990966797,97.15489196777344,12.906597137451172,42.8139533996582
2011-06-27,9.931195259094238,10.0625,42.2841682434082,26.341739654541016,20.46207046508789,19.342788696289062,98.02064514160156,12.877045631408691,43.449642181396484
2011-06-28,10.027502059936523,10.117500305175781,42.711875915527344,26.117158889770508,20.71938133239746,19.803327560424805,99.30013275146484,12.936150550842285,44.40318298339844
2011-06-29,9.991010665893555,10.208999633789062,42.97107696533203,26.71824073791504,20.93275260925293,19.665164947509766,100.15050506591797,12.963235855102539,44.74888229370117
2011-06-30,10.039762496948242,10.224499702453613,43.10717010498047,27.041889190673828,21.1147518157959,19.956846237182617,101.10821533203125,13.086368560791016,45.37900924682617
2011-07-01,10.2667818069458,10.474499702453613,43.612640380859375,27.633373260498047,21.365774154663086,19.972200393676758,102.60218048095703,13.177480697631836,45.73032760620117
2011-07-05,10.451323509216309,10.659500122070312,43.820003509521484,27.267854690551758,21.431684494018555,19.979869842529297,102.5179214477539,13.14793586730957,45.501686096191406
2011-07-06,10.521012306213379,10.709500312805176,43.77463150024414,26.955493927001953,21.50385093688965,20.210142135620117,102.64049530029297,13.229199409484863,45.484954833984375
2011-07-07,10.68371868133545,10.836999893188477,44.01439666748047,27.460586547851562,21.5728816986084,20.54787254333496,103.7054443359375,13.418822288513184,45.92547607421875
2011-07-08,10.758794784545898,10.913999557495117,43.787601470947266,27.075122833251953,21.550912857055664,20.663013458251953,102.96992492675781,13.317853927612305,45.95893096923828
2011-07-11,10.588008880615234,10.6274995803833,43.59318161010742,26.20451545715332,21.36891746520996,20.44040870666504,101.10821533203125,13.26613712310791,45.668975830078125
2011-07-12,10.580534934997559,10.56149959564209,43.43765640258789,26.177936553955078,21.29047393798828,20.371334075927734,100.6715087890625,13.283374786376953,45.663387298583984
2011-07-13,10.708245277404785,10.675000190734863,43.826480865478516,26.330791473388672,21.35637092590332,20.44040870666504,101.00859832763672,13.30307674407959,45.99238967895508
2011-07-14,10.700767517089844,10.519000053405762,43.845943450927734,26.815942764282227,21.233991622924805,20.31759262084961,100.31138610839844,13.207036972045898,45.858558654785156
2011-07-15,10.91462516784668,10.643500328063965,43.70984649658203,26.570037841796875,21.190052032470703,20.5555477142334,100.8936996459961,13.207036972045898,46.2823486328125
2011-07-18,11.180221557617188,10.576499938964844,43.476539611816406,26.470355987548828,21.061403274536133,20.409711837768555,100.06625366210938,13.130695343017578,46.087181091308594
2011-07-19,11.271446228027344,10.902999877929688,43.23677062988281,26.84252166748047,21.751733779907227,21.138900756835938,101.69047546386719,13.290763854980469,46.633644104003906
2011-07-20,11.572036743164062,10.77750015258789,42.925724029541016,27.221328735351562,21.610530853271484,20.77047348022461,101.62916564941406,13.271061897277832,46.44963836669922
2011-07-21,11.583699226379395,10.660499572753906,43.07476043701172,28.105228424072266,21.75801658630371,20.801162719726562,103.03890991210938,13.41389274597168,47.408756256103516
2011-07-22,11.763461112976074,10.826000213623047,43.23677062988281,28.038768768310547,21.880395889282227,21.131227493286133,103.10784149169922,13.426206588745117,47.520259857177734
2011-07-25,11.918986320495605,10.674500465393066,42.932193756103516,27.706480026245117,21.732912063598633,21.422903060913086,102.5332260131836,13.290763854980469,47.15781784057617
2011-07-26,12.065842628479004,10.708999633789062,42.71834945678711,27.540332794189453,21.710952758789062,21.553390502929688,102.15016174316406,13.197182655334473,47.04628372192383
2011-07-27,11.74222469329834,11.12600040435791,42.27120590209961,27.02860450744629,21.55405044555664,20.977705001831055,100.05858612060547,13.113455772399902,46.45521545410156
2011-07-28,11.719189643859863,11.194999694824219,42.174007415771484,27.035247802734375,21.59170913696289,21.277069091796875,99.7674560546875,13.049426078796387,45.42361831665039
2011-07-29,11.679112434387207,11.12600040435791,41.986080169677734,26.882394790649414,21.340681076049805,21.031444549560547,99.08558654785156,12.980477333068848,44.49239730834961
2011-08-01,11.866644859313965,11.065999984741211,41.73981857299805,26.87574577331543,21.25281524658203,20.931657791137695,98.66419982910156,12.958312034606934,44.38645553588867
2011-08-02,11.632155418395996,10.585000038146973,41.1047477722168,26.476993560791016,21.045717239379883,20.570903778076172,96.14358520507812,12.726821899414062,43.405025482177734
2011-08-03,11.741623878479004,10.498000144958496,41.091773986816406,26.516876220703125,21.463056564331055,20.663013458251953,96.66455841064453,12.628316879272461,43.338111877441406
2011-08-04,11.286998748779297,10.074000358581543,40.07436752319336,25.201004028320312,20.653478622436523,19.910789489746094,92.13665008544922,12.337728500366211,41.174560546875
2011-08-05,11.174836158752441,10.135000228881836,40.63816452026367,24.988325119018555,20.95157814025879,19.711223602294922,91.9987564086914,12.52242660522461,41.72103500366211
2011-08-08,10.564382553100586,9.6850004196167,39.607791900634766,22.635704040527344,20.433828353881836,18.79014015197754,86.00748443603516,12.047140121459961,39.139251708984375
2011-08-09,11.186504364013672,10.254500389099121,40.30767059326172,24.19083595275879,20.923341751098633,19.63446617126465,90.00674438476562,12.51504135131836,39.94778823852539
2011-08-10,10.877830505371094,9.706500053405762,39.0115966796875,22.841733932495117,20.06983757019043,18.575218200683594,86.03046417236328,12.007790565490723,38.18532180786133
2011-08-11,11.177228927612305,9.918000221252441,41.11122131347656,24.383556365966797,20.857444763183594,19.335107803344727,89.89186096191406,12.335206985473633,40.177947998046875
2011-08-12,11.275633811950684,10.114999771118164,41.05938720703125,23.86518669128418,21.067684173583984,19.266027450561523,90.49710083007812,12.340167999267578,40.41368865966797
2011-08-15,11.4676513671875,10.147500038146973,41.85646057128906,24.50984001159668,21.400293350219727,19.580730438232422,92.41244506835938,12.39721965789795,41.69904708862305
2011-08-16,11.380014419555664,9.883999824523926,41.707420349121094,23.944929122924805,21.390888214111328,19.580734252929688,91.6233139038086,12.878422737121582,41.25563430786133
2011-08-17,11.378819465637207,9.796500205993652,41.64261245727539,24.303813934326172,21.739181518554688,19.503488540649414,91.68460845947266,12.78664779663086,41.6261100769043
2011-08-18,10.948420524597168,9.12600040435791,40.92979431152344,23.38668441772461,21.26223373413086,19.05549430847168,87.7313232421875,12.846177101135254,39.818721771240234
2011-08-19,10.648722648620605,8.946499824523926,40.916812896728516,22.828439712524414,21.055131912231445,18.576597213745117,86.29859924316406,12.972681999206543,39.178810119628906
2011-08-22,10.660987854003906,8.876999855041504,41.01401138305664,22.203733444213867,21.108478546142578,18.52252197265625,86.36756896972656,12.945398330688477,39.392112731933594
2011-08-23,11.174237251281738,9.677499771118164,42.10272216796875,23.114208221435547,21.670154571533203,19.0941104888916,89.2099838256836,13.198400497436523,41.345462799072266
2011-08-24,11.251404762268066,9.68649959564209,42.46562957763672,23.812023162841797,21.86471176147461,19.233152389526367,90.46646118164062,13.238089561462402,41.27809143066406
2011-08-25,11.177830696105957,9.601499557495117,41.830528259277344,23.738920211791992,21.328123092651367,18.978248596191406,89.08738708496094,13.07190227508545,40.284584045410156
2011-08-26,11.472735404968262,9.963500022888184,42.02667999267578,24.06456756591797,21.494430541992188,19.503488540649414,90.38217163085938,13.121504783630371,40.772918701171875
2011-08-29,11.663859367370605,10.326499938964844,43.05970764160156,25.01491355895996,21.880395889282227,19.959217071533203,92.97943878173828,13.193436622619629,41.60364532470703
2011-08-30,11.664456367492676,10.545999526977539,43.0008659362793,24.629453659057617,21.921184539794922,20.260461807250977,93.22455596923828,13.101662635803223,41.485782623291016
2011-08-31,11.510124206542969,10.761500358581543,43.02046585083008,24.961746215820312,22.106327056884766,20.546253204345703,93.6382827758789,13.193436622619629,41.54750442504883
2011-09-01,11.396467208862305,10.626999855041504,42.71318435668945,24.124374389648438,22.106327056884766,20.245006561279297,92.65760040283203,13.059497833251953,41.25000762939453
2011-09-02,11.187698364257812,10.5,41.889381408691406,23.01451873779297,21.8835391998291,19.92832374572754,90.29022979736328,12.905704498291016,40.49225997924805
2011-09-06,11.357882499694824,10.809000015258789,42.26205825805664,22.223663330078125,21.7862548828125,19.704313278198242,89.63136291503906,12.818889617919922,39.93656539916992
2011-09-07,11.48320484161377,10.994999885559082,42.77858352661133,23.140785217285156,22.216148376464844,20.082805633544922,92.15962982177734,13.002446174621582,41.33983612060547
2011-09-08,11.489485740661621,10.86299991607666,42.46472930908203,22.270187377929688,22.332242965698242,20.252742767333984,91.20195770263672,12.950356483459473,40.87395477294922
2011-09-09,11.290284156799316,10.569499969482422,41.60824203491211,21.319833755493164,21.767431259155273,19.881975173950195,88.81156158447266,12.739516258239746,39.85800552368164
2011-09-12,11.36386489868164,10.82800006866455,41.575557708740234,21.545791625976562,21.77056312561035,19.997835159301758,89.3862075805664,12.853621482849121,40.3238639831543
2011-09-13,11.503849029541016,10.976499557495117,41.58863067626953,21.592315673828125,21.830596923828125,20.11370086669922,90.20594024658203,12.796568870544434,40.21723175048828
2011-09-14,11.643818855285645,11.128499984741211,41.667076110839844,21.79832649230957,22.042259216308594,20.469003677368164,91.45475769042969,12.94787311553955,40.772918701171875
2011-09-15,11.753289222717285,11.33899974822998,42.10513687133789,22.469562530517578,22.43717384338379,20.847497940063477,93.03302764892578,13.024768829345703,41.541900634765625
2011-09-16,11.97881031036377,11.96500015258789,42.22935485839844,22.217016220092773,22.503520965576172,20.94791603088379,93.58366394042969,13.059497833251953,41.84499740600586
2011-09-19,12.311698913574219,12.084500312805176,41.93514633178711,21.592315673828125,22.269737243652344,21.017425537109375,92.65180206298828,13.0098876953125,41.36789321899414
2011-09-20,12.366137504577637,11.662500381469727,41.987457275390625,21.43282127380371,22.320289611816406,20.839771270751953,92.54401397705078,12.970202445983887,41.541900634765625
2011-09-21,12.326956748962402,11.593500137329102,41.274818420410156,20.163455963134766,21.8874568939209,20.075071334838867,89.81781005859375,12.729598999023438,40.39683532714844
2011-09-22,12.018289566040039,11.161499977111816,40.483699798583984,19.452360153198242,21.426204681396484,19.356735229492188,86.91452026367188,12.471634864807129,38.864501953125
2011-09-23,12.092463493347168,11.180500030517578,40.26795196533203,19.665019989013672,21.299827575683594,19.356735229492188,87.43818664550781,12.600614547729492,38.903778076171875
2011-09-26,12.058667182922363,11.492500305175781,40.98714065551758,21.034059524536133,21.72317886352539,19.650243759155273,89.51747131347656,12.856101989746094,40.25651931762695
2011-09-27,11.941720008850098,11.21049976348877,41.72593307495117,20.98089599609375,21.97907829284668,19.827898025512695,90.51862335205078,12.905704498291016,40.92446517944336
2011-09-28,11.874422073364258,11.48550033569336,41.35325241088867,20.249849319458008,21.502031326293945,19.758392333984375,88.67037200927734,12.727117538452148,40.452972412109375
2011-09-29,11.681806564331055,11.121999740600586,41.77824020385742,20.861270904541016,21.814802169799805,19.65797996520996,89.37118530273438,12.880905151367188,41.46891403198242
2011-09-30,11.405141830444336,10.81149959564209,41.64094924926758,20.017248153686523,21.344064712524414,19.22541618347168,87.13785552978516,12.873464584350586,40.76728439331055
2011-10-03,11.204146385192871,10.598999977111816,40.58831787109375,19.040313720703125,20.6679744720459,18.947357177734375,84.65807342529297,12.88834285736084,39.93656539916992
2011-10-04,11.141339302062988,10.625,40.647151947021484,20.28731918334961,20.60795783996582,19.573015213012695,86.51403045654297,13.116545677185059,40.87956237792969
2011-10-05,11.313318252563477,10.975000381469727,40.76483917236328,20.676170349121094,20.702739715576172,19.997835159301758,88.11589050292969,13.059497833251953,41.50822067260742
2011-10-06,11.286998748779297,11.075499534606934,41.06558609008789,21.70863151550293,20.658498764038086,20.345428466796875,89.71001434326172,13.084297180175781,41.474510192871094
2011-10-07,11.06058120727539,11.237000465393066,41.274818420410156,20.58230972290039,20.819625854492188,20.275903701782227,89.10929107666016,13.319938659667969,41.2893180847168
2011-10-10,11.629159927368164,11.565999984741211,42.124755859375,21.65500831604004,21.135555267333984,20.80887222290039,92.08964538574219,13.595270156860352,42.81606674194336
2011-10-11,11.972522735595703,11.77400016784668,41.81746292114258,21.65500831604004,21.103965759277344,20.85521125793457,92.18204498291016,13.572941780090332,42.81044006347656
2011-10-12,12.0293550491333,11.840499877929688,42.05937576293945,22.258399963378906,21.318788528442383,20.824323654174805,92.99067687988281,13.692007064819336,43.310001373291016
2011-10-13,12.215991973876953,11.807499885559082,41.99399948120117,21.18570327758789,21.293519973754883,20.99425506591797,92.80583953857422,13.647357940673828,42.8665885925293
2011-10-14,12.621866226196289,12.33549976348877,42.31435775756836,21.3801212310791,21.435691833496094,21.06376838684082,94.39226531982422,13.756500244140625,43.84322738647461
2011-10-17,12.561748504638672,12.116499900817871,41.706321716308594,20.810260772705078,21.167146682739258,20.839771270751953,92.5902099609375,13.587824821472168,43.4840087890625
2011-10-18,12.62903881072998,12.194000244140625,42.11822509765625,22.037155151367188,21.08500099182129,21.094663619995117,94.39996337890625,13.863150596618652,44.28104782104492
2011-10-19,11.922576904296875,11.576499938964844,40.954429626464844,21.621482849121094,21.176624298095703,20.955631256103516,93.28328704833984,13.952448844909668,44.0228271484375
2011-10-20,11.82357406616211,11.680500030517578,40.88252258300781,22.211471557617188,21.205049514770508,20.886123657226562,93.69145965576172,13.982218742370605,44.180015563964844
2011-10-21,11.750596046447754,11.73900032043457,41.69978713989258,22.405887603759766,21.5430965423584,20.978803634643555,95.47042846679688,14.118644714355469,44.97705078125
2011-10-24,12.136432647705078,11.880499839782715,42.32090377807617,23.176889419555664,21.44200325012207,21.001977920532227,96.6409912109375,14.083915710449219,44.99949645996094
2011-10-25,11.897151947021484,11.357500076293945,41.64094924926758,22.452810287475586,21.151348114013672,20.708459854125977,94.76192474365234,14.066557884216309,44.58976364135742
2011-10-26,11.981796264648438,9.920000076293945,42.16398239135742,22.915414810180664,21.315629959106445,20.53851890563965,95.72454071044922,14.230257987976074,45.504676818847656
2011-10-27,12.104127883911133,10.33899974822998,42.8243293762207,24.81944465637207,21.663148880004883,21.048315048217773,99.05913543701172,14.33940315246582,45.959346771240234
2011-10-28,12.111902236938477,10.866000175476074,42.88970947265625,24.598207473754883,21.77688980102539,20.839771270751953,99.03604888916016,14.175689697265625,45.73483657836914
2011-10-31,12.106820106506348,10.67549991607666,42.09860610961914,23.30427360534668,21.584165573120117,20.569421768188477,96.648681640625,14.069029808044434,43.832008361816406
2011-11-01,11.859468460083008,10.604999542236328,41.43825912475586,21.929882049560547,21.17978286743164,20.075071334838867,93.95330810546875,13.94748592376709,42.62520217895508
2011-11-02,11.886385917663574,10.781000137329102,41.60824203491211,22.55338478088379,21.410402297973633,20.090526580810547,95.48582458496094,14.103761672973633,43.427860260009766
2011-11-03,12.05567455291748,10.91450023651123,42.0659065246582,23.049510955810547,21.68842124938965,20.4921875,97.22628784179688,14.242660522460938,44.26420593261719
2011-11-04,11.971034049987793,10.824000358581543,41.92207717895508,22.774629592895508,21.41356658935547,20.275903701782227,96.63328552246094,14.262511253356934,44.07335662841797
2011-11-07,11.955775260925293,10.850000381469727,41.843624114990234,22.955646514892578,21.549415588378906,20.70073127746582,97.23394775390625,14.3716459274292,44.539241790771484
2011-11-08,12.150188446044922,10.899499893188477,42.4058837890625,23.478586196899414,21.68842124938965,20.978803634643555,98.4815673828125,14.713947296142578,45.03614044189453
2011-11-09,11.822680473327637,10.560999870300293,41.53633117675781,21.81590461730957,21.176624298095703,20.237285614013672,94.84662628173828,14.398934364318848,43.697933197021484
2011-11-10,11.521788597106934,10.53950023651123,41.92207717895508,21.949993133544922,21.290367126464844,20.299076080322266,95.73997497558594,14.41877555847168,44.43760681152344
2011-11-11,11.503849029541016,10.869500160217285,42.66087341308594,22.31203269958496,21.52098274230957,20.785701751708984,97.54203033447266,14.684182167053223,45.0135383605957
2011-11-14,11.343527793884277,10.946499824523926,42.43858337402344,21.822614669799805,21.416728973388672,20.669837951660156,96.61788177490234,14.607284545898438,44.584415435791016
2011-11-15,11.629759788513184,10.891500473022461,42.49088668823242,21.923175811767578,21.483074188232422,20.809921264648438,97.09537506103516,14.252579689025879,44.65781021118164
2011-11-16,11.508325576782227,10.599499702453613,42.10513687133789,21.098533630371094,21.17030906677246,20.288501739501953,95.55517578125,14.059115409851074,44.18352508544922
2011-11-17,11.28819465637207,10.22599983215332,41.804386138916016,20.4415225982666,21.04709243774414,19.876035690307617,94.03801727294922,14.071504592895508,43.96329116821289
2011-11-18,11.214315414428711,9.857000350952148,41.74555969238281,20.528671264648438,21.290367126464844,19.689258575439453,93.93791198730469,14.195531845092773,43.985897064208984
2011-11-21,11.036953926086426,9.462499618530273,41.15058135986328,20.052663803100586,20.83542251586914,19.45579719543457,92.1512680053711,14.054154396057129,43.42689895629883
2011-11-22,11.261274337768555,9.616999626159668,41.12443542480469,19.717443466186523,20.84174346923828,19.292369842529297,91.78931427001953,14.101275444030762,42.93001174926758
2011-11-23,10.97653579711914,9.44950008392334,40.529483795166016,19.026901245117188,20.49422264099121,19.0433292388916,89.763916015625,14.049185752868652,42.11125946044922
2011-11-25,10.874244689941406,9.119999885559082,40.43048858642578,19.09394645690918,20.453153610229492,18.911039352416992,89.5945053100586,14.111199378967285,41.727298736572266
2011-11-28,11.24960994720459,9.707500457763672,41.15635681152344,19.549835205078125,20.589000701904297,19.354625701904297,92.18976593017578,14.200493812561035,42.822715759277344
2011-11-29,11.162273406982422,9.419500350952148,41.42690658569336,19.147579193115234,21.06315040588379,19.331274032592773,92.4516372680664,14.428692817687988,43.438194274902344
2011-11-30,11.431458473205566,9.614500045776367,42.70703887939453,20.763320922851562,21.394100189208984,19.907176971435547,96.2559585571289,14.609766006469727,45.42009735107422
2011-12-01,11.60284423828125,9.856499671936035,42.52888107299805,20.42140769958496,21.266813278198242,19.6737117767334,96.24054718017578,14.53783893585205,45.053077697753906
2011-12-02,11.655783653259277,9.80150032043457,41.882198333740234,21.67511749267578,21.12360954284668,19.62700080871582,96.15583038330078,14.408853530883789,45.053077697753906
2011-12-05,11.754786491394043,9.812000274658203,41.80962371826172,22.466222763061523,21.101335525512695,20.00056266784668,97.20317077636719,14.470865249633789,45.42573928833008
2011-12-06,11.693171501159668,9.599499702453613,41.89541244506836,22.278505325317383,21.219079971313477,19.969432830810547,97.23394775390625,14.580005645751953,45.63466262817383
2011-12-07,11.63753890991211,9.765999794006348,42.52888107299805,22.794740676879883,21.250905990600586,19.922733306884766,97.59593963623047,14.60371208190918,45.78145980834961
2011-12-08,11.684494972229004,9.52400016784668,42.08677291870117,21.60137176513672,21.234996795654297,19.76708221435547,95.45500946044922,14.471431732177734,45.09825134277344
2011-12-09,11.773027420043945,9.65149974822998,42.581668853759766,22.244985580444336,21.502296447753906,20.00056266784668,97.07225036621094,14.556293487548828,45.92826843261719
2011-12-12,11.719789505004883,9.47599983215332,41.908599853515625,21.480688095092773,21.285903930664062,19.85268783569336,95.65522003173828,14.498885154724121,45.199893951416016
2011-12-13,11.629159927368164,9.025500297546387,41.80962371826172,20.977867126464844,21.155433654785156,20.0472469329834,94.76192474365234,14.376585960388184,45.470916748046875
2011-12-14,11.371342658996582,9.010499954223633,41.69083786010742,21.1253604888916,21.085432052612305,19.914949417114258,93.7530746459961,14.38906478881836,44.8554573059082
2011-12-15,11.333959579467773,9.062999725341797,42.23195266723633,21.292966842651367,21.285903930664062,19.8916072845459,94.09190368652344,14.463940620422363,45.18858337402344
2011-12-16,11.396169662475586,9.062999725341797,42.42990493774414,21.3801212310791,21.4609317779541,20.234031677246094,94.23145294189453,14.54381275177002,45.261993408203125
2011-12-19,11.431757926940918,8.966500282287598,41.92180252075195,20.58230972290039,21.438655853271484,19.868267059326172,93.22393798828125,14.4215087890625,44.90626525878906
2011-12-20,11.842713356018066,9.12600040435791,42.575069427490234,21.594661712646484,21.766422271728516,20.25737953186035,96.04490661621094,14.773441314697266,46.30093765258789
2011-12-21,11.857673645019531,8.717499732971191,42.86541748046875,21.668413162231445,22.13874053955078,20.0472469329834,96.23091888427734,14.823352813720703,46.933349609375
2011-12-22,11.92048168182373,8.951499938964844,43.010597229003906,22.425996780395508,22.0178165435791,20.086164474487305,97.08340454101562,14.773441314697266,47.59397888183594
2011-12-23,12.06345272064209,8.86400032043457,43.53848648071289,22.506454467773438,22.256481170654297,20.25737953186035,97.9513931274414,14.973114013671875,48.11913299560547
2011-12-27,12.159161567687988,8.81350040435791,43.564876556396484,22.14441680908203,22.237390518188477,20.265151977539062,98.02890014648438,14.933178901672363,48.152976989746094
2011-12-28,12.04281234741211,8.694499969482422,43.18876266479492,21.88966178894043,22.119646072387695,20.093950271606445,96.7424087524414,14.908224105834961,47.53186798095703
2011-12-29,12.116992950439453,8.692999839782715,43.47249984741211,22.405887603759766,22.32649040222168,20.24959945678711,97.74217224121094,14.973114013671875,48.147335052490234
2011-12-30,12.113402366638184,8.654999732971191,43.27452850341797,22.291912078857422,22.266029357910156,20.20290184020996,97.26165771484375,14.915704727172852,47.859375
2012-01-03,12.299737930297852,8.951499938964844,43.47249984741211,23.45176124572754,22.32012367248535,20.833271026611328,98.81161499023438,15.057975769042969,48.55951690673828
2012-01-04,12.365837097167969,8.875499725341797,43.208553314208984,23.600317001342773,22.180110931396484,21.32354736328125,98.96662902832031,14.903228759765625,48.57081604003906
2012-01-05,12.503119468688965,8.880499839782715,43.155757904052734,24.093263626098633,22.075101852416992,21.541454315185547,99.23014831542969,14.830845832824707,48.42402267456055
2012-01-06,12.63382625579834,9.130499839782715,42.77963638305664,23.877172470092773,21.935081481933594,21.876102447509766,98.97440338134766,14.726020812988281,48.062644958496094
2012-01-09,12.613788604736328,8.928000450134277,42.84563064575195,23.83666229248047,21.935081481933594,21.588153839111328,99.21463012695312,14.770941734313965,48.27720642089844
2012-01-10,12.658953666687012,8.967000007629395,43.02378845214844,24.343107223510742,22.0655460357666,21.66597557067871,100.07488250732422,14.735998153686523,48.40141677856445
2012-01-11,12.638317108154297,8.944999694824219,42.97759246826172,24.755023956298828,21.65822410583496,21.572589874267578,100.12911987304688,14.82585620880127,48.04004669189453
2012-01-12,12.603622436523438,8.796500205993652,43.043582916259766,24.883310317993164,21.502296447753906,21.790483474731445,100.36937713623047,14.850811004638672,47.84806442260742
2012-01-13,12.556360244750977,8.920999526977539,43.063392639160156,24.255325317382812,21.317729949951172,21.98505973815918,99.85012817382812,14.860793113708496,47.927101135253906
2012-01-17,12.702622413635254,9.083000183105469,42.971012115478516,23.57331657409668,21.43227767944336,21.992834091186523,100.23761749267578,14.938166618347168,48.38447189331055
2012-01-18,12.83452320098877,9.472000122070312,43.07658767700195,24.67398452758789,21.50865936279297,21.969486236572266,101.34587860107422,14.97810173034668,48.81360626220703
2012-01-19,12.793842315673828,9.72249984741211,43.01719665527344,24.93733787536621,21.464101791381836,21.883874893188477,101.8805923461914,15.127859115600586,49.141109466552734
2012-01-20,12.57101821899414,9.546500205993652,43.06996536254883,25.227699279785156,21.667768478393555,23.12126350402832,102.26033020019531,15.227702140808105,49.40083694458008
2012-01-23,12.783675193786621,9.304499626159668,42.89181137084961,25.430278778076172,21.807788848876953,23.13683319091797,101.99686431884766,15.20273494720459,49.389549255371094
2012-01-24,12.574309349060059,9.350000381469727,42.89181137084961,25.430278778076172,21.607311248779297,22.83332061767578,101.8805923461914,15.322545051574707,49.22581100463867
2012-01-25,13.3594331741333,9.390000343322754,43.036983489990234,25.389755249023438,21.775964736938477,23.004531860351562,102.73309326171875,15.342514991760254,49.24839401245117
2012-01-26,13.298718452453613,9.666000366210938,43.353721618652344,25.31548500061035,21.642316818237305,22.957839965820312,102.20610809326172,15.217713356018066,48.99430465698242
2012-01-27,13.37797737121582,9.768500328063965,43.261348724365234,25.126399993896484,21.4609317779541,22.74772071838379,102.15963745117188,15.15282154083252,48.46355438232422
2012-01-30,13.549360275268555,9.607500076293945,43.360313415527344,24.991352081298828,21.46729278564453,23.043447494506836,101.81089782714844,15.300078392028809,48.271549224853516
2012-01-31,13.653148651123047,9.722000122070312,43.49229431152344,25.187179565429688,21.48956298828125,22.981182098388672,101.7720947265625,15.315055847167969,47.28342819213867
2012-02-01,13.6444730758667,8.972999572753906,43.34715270996094,25.389755249023438,21.59140396118164,23.2613468170166,102.66336822509766,15.519718170166016,47.41329574584961
2012-02-02,13.612469673156738,9.086000442504883,43.281124114990234,25.35599708557129,21.585039138793945,23.30804443359375,102.82608032226562,15.459823608398438,47.164852142333984
2012-02-03,13.748857498168945,9.383999824523926,43.31413269042969,25.84894371032715,21.664596557617188,23.53373146057129,104.26758575439453,15.482278823852539,47.94969940185547
2012-02-06,13.877172470092773,9.156999588012695,43.01719665527344,25.7544002532959,21.64867401123047,23.502607345581055,104.19783782958984,15.444845199584961,48.418365478515625
2012-02-07,14.022531509399414,9.209500312805176,43.063392639160156,25.57207679748535,21.81415557861328,23.619342803955078,104.46134185791016,15.397416114807129,48.751502990722656
2012-02-08,14.257323265075684,9.27400016784668,43.050174713134766,25.862436294555664,21.744138717651367,23.860580444335938,104.77135467529297,15.379951477050781,48.43925857543945
2012-02-09,14.750534057617188,9.24899959564209,42.8192253112793,25.565326690673828,21.62959098815918,23.946189880371094,104.90309143066406,15.464811325073242,48.189449310302734
2012-02-10,14.758011817932129,9.277000427246094,42.62787628173828,25.396503448486328,21.620038986206055,23.736074447631836,104.12810516357422,15.449838638305664,47.57630157470703
2012-02-13,15.032585144042969,9.579500198364258,42.6806640625,25.862436294555664,21.779157638549805,23.798328399658203,104.90309143066406,15.42237663269043,47.928279876708984
2012-02-14,15.237759590148926,9.5649995803833,42.634464263916016,25.6058406829834,21.925535202026367,23.69649314880371,104.77135467529297,15.529711723327637,48.07022476196289
2012-02-15,14.88512897491455,9.22350025177002,42.660858154296875,25.25471305847168,21.766422271728516,23.53981590270996,104.28308868408203,15.414895057678223,47.75795364379883
2012-02-16,15.020914077758789,8.996500015258789,42.839027404785156,25.659866333007812,21.91280174255371,24.511184692382812,105.43782806396484,15.484777450561523,48.4903450012207
2012-02-17,15.01822566986084,9.125,42.885223388671875,25.977231979370117,21.973276138305664,24.4798526763916,105.71684265136719,15.594596862792969,48.60954666137695
2012-02-21,15.398969650268555,9.11299991607666,42.918216705322266,25.970481872558594,21.90007781982422,24.628684997558594,105.76332092285156,14.993083000183105,49.148929595947266
2012-02-22,15.344829559326172,9.029000282287598,42.89181137084961,25.707130432128906,22.036909103393555,24.495521545410156,105.42230987548828,14.626175880432129,49.34761047363281
2012-02-23,15.44503402709961,8.944499969482422,42.957801818847656,25.99073028564453,22.014629364013672,24.5738525390625,105.8873291015625,14.611193656921387,49.40439224243164
2012-02-24,15.625089645385742,8.956500053405762,42.911197662353516,25.84894371032715,21.957361221313477,24.66002082824707,106.11981201171875,14.673602104187012,49.58607482910156
2012-02-27,15.725296974182129,8.92650032043457,42.9045524597168,26.375642776489258,21.90325927734375,24.558185577392578,106.29808807373047,14.591238021850586,49.523616790771484
2012-02-28,16.013917922973633,9.1899995803833,43.3905143737793,26.476924896240234,21.90961456298828,24.965532302856445,106.60804748535156,14.708540916442871,49.472537994384766
2012-02-29,16.224184036254883,8.98449993133545,43.323944091796875,26.497180938720703,22.231029510498047,24.86368751525879,106.18959045410156,14.745985984802246,49.109169006347656
2012-03-01,16.284893035888672,9.001999855041504,43.15751647949219,27.260229110717773,22.148290634155273,25.294536590576172,106.73980712890625,14.681086540222168,49.29654312133789
2012-03-02,16.306133270263672,8.96500015258789,43.11756896972656,27.435802459716797,22.014629364013672,25.130037307739258,106.41432189941406,14.728510856628418,49.012664794921875
2012-03-05,15.946616172790527,9.012999534606934,43.21077346801758,27.28048324584961,22.03054428100586,24.910703659057617,105.9803237915039,14.82585620880127,49.39873123168945
2012-03-06,15.859886169433594,9.054499626159668,42.83797073364258,26.551198959350586,21.8809814453125,24.722694396972656,104.43033599853516,14.718523979187012,48.74581527709961
2012-03-07,15.872735977172852,9.18850040435791,42.8046989440918,26.97663116455078,21.890527725219727,24.94203758239746,105.15880584716797,14.940664291381836,48.72880935668945
2012-03-08,16.210712432861328,9.381999969482422,43.170833587646484,27.3074951171875,22.043277740478516,25.075197219848633,106.205078125,15.018057823181152,48.161048889160156
2012-03-09,16.305830001831055,9.215999603271484,43.09759521484375,27.70588493347168,22.119646072387695,25.059532165527344,106.61585235595703,15.095947265625,47.86015701293945
2012-03-12,16.51011848449707,9.169500350952148,43.337249755859375,27.375024795532227,22.323312759399414,25.098703384399414,106.62355041503906,15.246705055236816,48.56983184814453
2012-03-13,16.99166488647461,9.229499816894531,43.49036407470703,29.299503326416016,22.518848419189453,25.59221839904785,108.54557800292969,15.327106475830078,49.313560485839844
2012-03-14,17.634124755859375,9.11299991607666,43.323944091796875,29.42780876159668,22.50923728942871,25.670543670654297,108.4292984008789,15.347209930419922,48.83666229248047
2012-03-15,17.513879776000977,9.221500396728516,43.317291259765625,30.184097290039062,22.544492721557617,25.73321533203125,109.05699157714844,15.384899139404297,48.87640380859375
2012-03-16,17.51418113708496,9.2524995803833,43.35057830810547,30.096303939819336,22.48999786376953,25.537372589111328,109.20807647705078,15.28691291809082,49.07510757446289
2012-03-19,17.978679656982422,9.276000022888184,43.41046905517578,30.386667251586914,22.566930770874023,25.22403907775879,109.63617706298828,15.261783599853516,49.38737487792969
2012-03-20,18.124040603637695,9.616499900817871,43.24405288696289,30.643274307250977,22.62782096862793,25.059532165527344,109.31705474853516,15.226603507995605,49.16593933105469
2012-03-21,18.020545959472656,9.58650016784668,43.110923767089844,30.46770477294922,22.797731399536133,24.996868133544922,109.13797760009766,15.216560363769531,48.83097839355469
2012-03-22,17.92603302001953,9.619999885559082,42.911197662353516,30.150346755981445,22.893898010253906,25.06736183166504,108.3518295288086,15.239168167114258,48.4449462890625
2012-03-23,17.827634811401367,9.751999855041504,42.971107482910156,30.494718551635742,22.916337966918945,25.075197219848633,108.70211029052734,15.264289855957031,48.56983184814453
2012-03-26,18.154539108276367,10.143500328063965,43.38386535644531,31.176733016967773,23.04776382446289,25.5295467376709,110.22774505615234,15.37736701965332,49.41008377075195
2012-03-27,18.378875732421875,10.272000312805176,43.536956787109375,30.987667083740234,23.038148880004883,25.474716186523438,109.88524627685547,15.349722862243652,49.17729949951172
2012-03-28,18.472787857055664,10.057999610900879,43.683414459228516,31.24424171447754,23.2913761138916,25.216201782226562,109.34034729003906,15.374850273132324,48.74581527709961
2012-03-29,18.240684509277344,10.230500221252441,43.63017272949219,30.83910369873047,23.660017013549805,25.161367416381836,109.15357208251953,15.281881332397461,48.870731353759766
2012-03-30,17.93231773376465,10.125499725341797,43.90975570678711,31.04843521118164,23.7241268157959,25.271041870117188,109.60503387451172,15.37736701965332,49.23974609375
2012-04-02,18.50299072265625,9.90250015258789,44.0761833190918,31.149717330932617,23.76580047607422,25.294536590576172,110.40676879882812,15.417557716369629,49.43280029296875
2012-04-03,18.82271957397461,9.982999801635742,43.85649871826172,30.871055603027344,23.643991470336914,25.020366668701172,109.95529174804688,15.239168167114258,48.72880935668945
2012-04-04,18.672882080078125,9.69950008392334,43.530296325683594,30.1845760345459,23.547819137573242,24.44852066040039,108.8656005859375,15.141180992126465,48.246212005615234
2012-04-05,18.95313262939453,9.719499588012695,43.49701690673828,30.13701629638672,23.5510311126709,24.69135284423828,108.8110580444336,15.244194030761719,48.15538787841797
2012-04-09,19.029401779174805,9.593500137329102,43.217430114746094,29.831153869628906,23.35869598388672,24.362346649169922,107.5890121459961,15.108508110046387,47.6216926574707
2012-04-10,18.79641342163086,9.348999977111816,42.73811340332031,29.19903564453125,23.086225509643555,23.868831634521484,105.78311920166016,15.058259010314941,46.65088653564453
2012-04-11,18.729415893554688,9.398500442504883,42.6915168762207,29.912715911865234,23.1182804107666,23.77482795715332,106.63935852050781,15.025594711303711,46.9517822265625
2012-04-12,18.62681770324707,9.534500122070312,42.704837799072266,30.476844787597656,23.150344848632812,24.268348693847656,108.0326919555664,15.1110258102417,47.46275329589844
2012-04-13,18.10220718383789,9.42300033569336,42.29875564575195,29.368961334228516,23.060588836669922,24.135173797607422,106.74835205078125,15.018057823181152,47.09370422363281
2012-04-16,17.351465225219727,9.274999618530273,42.591670989990234,29.45052719116211,23.22085952758789,24.346683502197266,106.67828369140625,15.221578598022461,47.695526123046875
2012-04-17,18.23590087890625,9.419500350952148,42.75143814086914,29.83794593811035,23.704898834228516,24.628684997558594,108.2584457397461,15.545705795288086,48.51305389404297
2012-04-18,18.19522476196289,9.553500175476074,42.11237335205078,29.4233455657959,23.775413513183594,24.393678665161133,107.89258575439453,15.593446731567383,48.68339157104492
2012-04-19,17.570114135742188,9.555000305175781,41.9592399597168,29.375757217407227,23.6632137298584,24.291847229003906,107.19982147216797,15.51555347442627,48.41654586791992
2012-04-20,17.13762664794922,9.49899959564209,42.411922454833984,29.03592300415039,23.76259422302246,25.396377563476562,107.37882232666016,15.691444396972656,48.42789077758789
2012-04-23,17.099340438842773,9.411999702453613,42.18559265136719,29.124269485473633,23.62156105041504,25.161367416381836,106.47588348388672,14.960257530212402,48.6493034362793
2012-04-24,16.757766723632812,9.516500473022461,42.451866149902344,29.416542053222656,23.759384155273438,25.00469207763672,106.88072204589844,14.515527725219727,49.001312255859375
2012-04-25,18.244874954223633,9.720999717712402,42.8912353515625,29.334976196289062,24.0190372467041,25.22403907775879,108.34403228759766,14.412505149841309,49.30788040161133
2012-04-26,18.176076889038086,9.799500465393066,43.10425567626953,29.769977569580078,24.269067764282227,25.153539657592773,109.09907531738281,14.812018394470215,48.86505126953125
2012-04-27,18.03550148010254,11.342499732971191,43.164180755615234,29.457311630249023,24.563980102539062,25.051698684692383,109.27811431884766,14.832118034362793,48.870731353759766
2012-04-30,17.466625213623047,11.595000267028809,43.337249755859375,29.212636947631836,24.464599609375,25.08303451538086,108.87332916259766,14.801968574523926,49.01834487915039
2012-05-01,17.411296844482422,11.501999855041504,43.417137145996094,29.76319694519043,24.660140991210938,25.075197219848633,109.550537109375,14.842166900634766,49.41575622558594
2012-05-02,17.526439666748047,11.512499809265137,43.49036407470703,29.36216926574707,24.733875274658203,24.910703659057617,109.22364044189453,14.827092170715332,48.938846588134766
2012-05-03,17.402021408081055,11.47249984741211,43.49701690673828,29.233030319213867,24.823619842529297,24.879364013671875,108.39077758789062,14.822067260742188,48.62660598754883
2012-05-04,16.906415939331055,11.19950008392334,43.09759521484375,28.376630783081055,24.68259048461914,24.268348693847656,106.63935852050781,14.749201774597168,48.01344680786133
2012-05-07,17.032934188842773,11.258000373840332,43.137535095214844,28.39702606201172,24.7723388671875,24.009836196899414,106.71720886230469,14.872319221496582,47.962345123291016
2012-05-08,16.99405288696289,11.194999694824219,43.257362365722656,28.125139236450195,24.727455139160156,23.892332077026367,106.28912353515625,14.837140083312988,47.70119094848633
2012-05-09,17.02396583557129,11.14900016784668,42.79137420654297,27.622182846069336,24.612056732177734,24.096006393432617,105.6585922241211,14.93276596069336,47.29808807373047
2012-05-10,17.064035415649414,11.334500312805176,42.98443603515625,27.690149307250977,24.814014434814453,24.080341339111328,105.87652587890625,14.973240852355957,47.355247497558594
2012-05-11,16.95008659362793,11.383999824523926,42.83131408691406,25.1209774017334,24.833236694335938,24.409353256225586,105.55742645263672,15.031417846679688,47.503883361816406
2012-05-14,16.69615364074707,11.146499633789062,42.558387756347656,24.32573890686035,24.640914916992188,24.033334732055664,104.38980865478516,14.942885398864746,46.943668365478516
2012-05-15,16.54511260986328,11.219499588012695,42.34536361694336,24.631595611572266,24.544750213623047,23.820446014404297,103.79047393798828,15.013717651367188,46.755035400390625
2012-05-16,16.33305549621582,11.20300006866455,42.411922454833984,24.101442337036133,24.467811584472656,23.576007843017578,103.39349365234375,14.973240852355957,46.972259521484375
2012-05-17,15.855696678161621,10.918000221252441,42.30540466308594,23.061538696289062,24.079938888549805,23.43407440185547,101.86009216308594,15.603135108947754,46.82364273071289
2012-05-18,15.863468170166016,10.692500114440918,42.17228317260742,22.762466430664062,23.736949920654297,23.079261779785156,100.98827362060547,15.792861938476562,46.572105407714844
2012-05-21,16.787673950195312,10.905500411987305,42.252159118652344,22.09638786315918,23.884397506713867,23.457738876342773,102.72405242919922,15.947175025939941,46.89794921875
2012-05-22,16.658767700195312,10.766500473022461,42.28544235229492,23.115901947021484,23.781835556030273,23.465620040893555,102.90311431884766,16.12172508239746,46.84650421142578
2012-05-23,17.06524085998535,10.86400032043457,42.119022369384766,23.285829544067383,23.89723014831543,22.953096389770508,102.95759582519531,16.336748123168945,46.89794921875
2012-05-24,16.908510208129883,10.76200008392334,42.4147834777832,23.088722229003906,24.220985412597656,22.92156219482422,103.15996551513672,16.46070671081543,47.223793029785156
2012-05-25,16.817888259887695,10.644499778747559,42.018184661865234,22.769269943237305,24.115201950073242,22.913684844970703,102.82527923583984,16.52140998840332,46.92081832885742
2012-05-29,17.11638832092285,10.737500190734863,42.071956634521484,22.857627868652344,24.188926696777344,23.307924270629883,104.0706787109375,16.61501693725586,46.83507537841797
2012-05-30,17.3227596282959,10.46150016784668,41.8165397644043,22.402238845825195,24.06070899963379,23.13444709777832,102.56063842773438,16.55430030822754,45.61174392700195
2012-05-31,17.279687881469727,10.645500183105469,41.96442794799805,22.531381607055664,23.954931259155273,23.016178131103516,102.33489990234375,16.65042495727539,44.94863510131836
2012-06-01,16.77899932861328,10.41100025177002,41.52750778198242,21.702171325683594,23.429224014282227,22.432693481445312,99.75837707519531,16.582128524780273,44.54275131225586
2012-06-04,16.877702713012695,10.728500366210938,41.9039192199707,21.07007598876953,23.605518341064453,22.51154136657715,99.71170043945312,16.693437576293945,44.491302490234375
2012-06-05,16.834041595458984,10.660499572753906,41.8165397644043,21.74295425415039,23.477296829223633,22.480005264282227,100.46670532226562,16.569477081298828,44.35982894897461
2012-06-06,17.09215545654297,10.881999969482422,42.2131233215332,22.477006912231445,23.91646385192871,23.142337799072266,102.72405242919922,16.678251266479492,45.834686279296875
2012-06-07,17.09992790222168,10.9399995803833,42.2131233215332,22.300296783447266,23.81068229675293,23.0477237701416,102.7863540649414,16.663076400756836,46.126224517822266
2012-06-08,17.357158660888672,10.923999786376953,42.3341178894043,22.89161491394043,24.118408203125,23.378887176513672,103.60364532470703,17.257551193237305,46.21195983886719
2012-06-11,17.0834903717041,10.824999809265137,41.75604248046875,22.307086944580078,23.93248748779297,22.787519454956055,102.28819274902344,17.0830020904541,45.88611602783203
2012-06-12,17.23273277282715,10.821000099182129,42.40134811401367,22.952787399291992,24.105592727661133,23.095020294189453,103.46354675292969,17.13106346130371,46.45207214355469
2012-06-13,17.113096237182617,10.736499786376953,43.32223129272461,23.313007354736328,24.1055908203125,22.9688663482666,102.80194091796875,16.96663475036621,46.091915130615234
2012-06-14,17.09424591064453,10.72249984741211,43.994415283203125,23.550901412963867,24.444469451904297,23.13444709777832,103.89165496826172,17.108301162719727,46.94939041137695
2012-06-15,17.17201042175293,10.917499542236328,44.3708381652832,23.80917739868164,24.55742073059082,23.670635223388672,104.95418548583984,17.138662338256836,47.57247543334961
2012-06-18,17.52046012878418,11.133000373840332,44.56576919555664,23.530515670776367,24.52191925048828,23.52869987487793,105.1576156616211,17.232257843017578,47.50960922241211
2012-06-19,17.56922149658203,11.201499938964844,44.84808349609375,24.04706382751465,24.444469451904297,24.206804275512695,106.1747817993164,17.15382957458496,48.29277038574219
2012-06-20,17.519271850585938,11.151000022888184,45.036285400390625,24.77432632446289,24.38637351989746,24.388158798217773,106.00263214111328,17.333438873291016,48.57286071777344
2012-06-21,17.277894973754883,11.028499603271484,44.62626266479492,24.13543128967285,24.099124908447266,23.76525115966797,103.62407684326172,17.126007080078125,46.937957763671875
2012-06-22,17.410400390625,11.107999801635742,44.787593841552734,24.46168327331543,24.1862735748291,24.206804275512695,104.42218780517578,17.024822235107422,46.937957763671875
2012-06-25,17.071521759033203,11.003499984741211,44.7001953125,24.006282806396484,24.131410598754883,23.552352905273438,102.74773406982422,17.247438430786133,46.44062423706055
2012-06-26,17.109203338623047,11.280500411987305,44.64643859863281,24.271360397338867,24.231460571289062,23.670635223388672,103.26417541503906,17.34861946105957,47.10373306274414
2012-06-27,17.183074951171875,11.281000137329102,44.928741455078125,24.998619079589844,24.638113021850586,23.788909912109375,104.19525909423828,17.35115623474121,47.56106185913086
2012-06-28,17.02007484436035,11.065500259399414,44.9959716796875,24.386913299560547,24.71234893798828,23.583894729614258,103.89793395996094,17.277782440185547,47.503883361816406
2012-06-29,17.46722412109375,11.417499542236328,45.412715911865234,24.284961700439453,25.23518943786621,24.120065689086914,106.48776245117188,17.637006759643555,48.91585159301758
2012-07-02,17.7220516204834,11.465999603271484,45.70846939086914,24.658777236938477,25.47079086303711,24.096412658691406,106.80850219726562,17.54341697692871,48.78437805175781
2012-07-03,17.928133010864258,11.476499557495117,45.73537826538086,24.59025001525879,25.54823112487793,24.254117965698242,107.51273345947266,17.897571563720703,49.32173538208008
2012-07-05,18.243083953857422,11.352999687194824,45.56060791015625,23.562231063842773,25.3190975189209,24.206804275512695,107.02758026123047,17.981042861938477,48.91585159301758
2012-07-06,18.12164878845215,11.2524995803833,45.46651840209961,23.233264923095703,25.222280502319336,23.80467414855957,106.01048278808594,18.051883697509766,48.47568893432617
2012-07-09,18.361223220825195,11.2524995803833,45.56060791015625,23.27437973022461,25.16740608215332,23.654855728149414,105.87747955322266,18.1530704498291,47.81830596923828
2012-07-10,18.19133949279785,10.975000381469727,45.627803802490234,23.473129272460938,25.16740608215332,23.449848175048828,104.95418548583984,18.241600036621094,47.50960922241211
2012-07-11,18.07827377319336,10.918499946594238,45.64126968383789,23.70615005493164,24.999584197998047,23.102909088134766,104.9698486328125,18.2795467376709,48.23557662963867
2012-07-12,17.912883758544922,10.767999649047852,45.5135383605957,23.329212188720703,24.73493003845215,22.57462501525879,104.46124267578125,18.292194366455078,48.08696365356445
2012-07-13,18.09442901611328,10.919500350952148,46.11851119995117,24.720468521118164,24.941486358642578,23.17387580871582,106.21389770507812,18.512283325195312,48.85867691040039
2012-07-16,18.152454376220703,10.80049991607666,46.010955810546875,24.048824310302734,24.683292388916016,23.21329689025879,105.96353149414062,18.46169090270996,48.61859893798828
2012-07-17,18.15335464477539,10.846500396728516,46.38066101074219,23.980289459228516,25.073814392089844,23.386775970458984,106.69119262695312,18.49204444885254,49.0073127746582
2012-07-18,18.133010864257812,10.873499870300293,46.6293830871582,23.95973014831543,24.993125915527344,24.009674072265625,107.48139953613281,18.428804397583008,49.28171157836914
2012-07-19,18.37409019470215,11.308500289916992,46.73692321777344,23.617055892944336,25.02863311767578,24.183149337768555,107.7630844116211,18.09487533569336,49.28171157836914
2012-07-20,18.074392318725586,11.41450023651123,46.13195037841797,23.233264923095703,24.860801696777344,23.74947166442871,106.77721405029297,18.277019500732422,49.133094787597656
2012-07-23,18.060333251953125,11.30049991607666,45.78241729736328,23.603342056274414,24.8123836517334,23.087142944335938,105.697509765625,18.17582893371582,48.7100715637207
2012-07-24,17.973295211791992,11.152000427246094,45.27156448364258,23.802091598510742,24.74138832092285,22.984634399414062,104.78988647460938,18.249187469482422,48.34994888305664
2012-07-25,17.197134017944336,10.852499961853027,45.392547607421875,24.1036434173584,24.857576370239258,22.732316970825195,104.81336212158203,18.234020233154297,48.72722244262695
2012-07-26,17.194456100463867,11.000499725341797,46.20589828491211,24.542264938354492,25.44818878173828,22.992521286010742,106.54251861572266,18.636234283447266,49.45890426635742
2012-07-27,17.50191307067871,11.866000175476074,46.73018264770508,25.282445907592773,25.822582244873047,23.465620040893555,108.50636291503906,18.85126304626465,49.990535736083984
2012-07-30,17.797128677368164,11.804499626159668,46.683135986328125,24.768430709838867,26.180809020996094,23.370994567871094,108.50636291503906,18.967626571655273,50.05344772338867
2012-07-31,18.267606735229492,11.664999961853027,46.52854919433594,24.672489166259766,26.077547073364258,23.236955642700195,107.7474365234375,18.8284969329834,49.6475715637207
2012-08-01,18.149471282958984,11.604499816894531,46.63608932495117,24.672489166259766,26.14531707763672,23.189647674560547,107.6535415649414,18.623584747314453,49.68185806274414
2012-08-02,18.178775787353516,11.540499687194824,46.010955810546875,24.1036434173584,25.73865509033203,23.016178131103516,106.9102554321289,18.73236656188965,49.093048095703125
2012-08-03,18.41536521911621,11.748499870300293,46.46131896972656,24.734167098999023,26.087221145629883,23.457738876342773,109.03063201904297,18.858848571777344,50.04771423339844
2012-08-06,18.6202392578125,11.69950008392334,46.273109436035156,24.87809181213379,26.02589988708496,23.615436553955078,109.24185180664062,18.790544509887695,49.990535736083984
2012-08-07,18.571182250976562,11.82800006866455,45.90341567993164,25.36469078063965,25.745115280151367,23.8598690032959,109.78958129882812,18.717185974121094,50.25922393798828
2012-08-08,18.53978157043457,11.718999862670898,45.94374465942383,25.467479705810547,25.677337646484375,23.915071487426758,109.92259216308594,18.899797439575195,50.46501541137695
2012-08-09,18.64552116394043,11.70300006866455,45.9235725402832,25.303009033203125,25.574066162109375,24.049104690551758,110.0164794921875,18.78280258178711,50.746944427490234
2012-08-10,18.674650192260742,11.637499809265137,46.138671875,25.337276458740234,25.428834915161133,23.986024856567383,110.1964111328125,18.73957061767578,50.88505172729492
2012-08-13,18.923965454101562,11.621999740600586,46.0176887512207,25.35098648071289,25.367511749267578,23.962366104125977,110.14169311523438,18.668352127075195,50.71244430541992
2012-08-14,18.974729537963867,11.659500122070312,46.138671875,25.426372528076172,25.41914176940918,23.91474723815918,110.15725708007812,18.82349967956543,50.746944427490234
2012-08-15,18.94890022277832,11.871000289916992,45.94374465942383,25.405805587768555,25.399776458740234,23.970308303833008,110.28248596191406,18.935413360595703,50.63187789916992
2012-08-16,19.114402770996094,12.077500343322754,45.8428955078125,25.426372528076172,25.528867721557617,24.4306640625,111.0961685180664,18.350435256958008,51.01736831665039
2012-08-17,19.467954635620117,12.058500289916992,45.57404708862305,25.34412956237793,25.515974044799805,24.525917053222656,111.24485778808594,18.30974006652832,50.862030029296875
2012-08-20,19.979808807373047,12.017499923706055,45.50681686401367,25.611412048339844,25.477245330810547,24.398916244506836,111.2527084350586,18.388582229614258,50.60309600830078
2012-08-21,19.706762313842773,11.97249984741211,45.56060791015625,26.070594787597656,25.341684341430664,24.446548461914062,110.91626739501953,18.16731071472168,50.32118606567383
2012-08-22,20.091543197631836,12.154999732971191,45.54043960571289,25.926671981811523,25.025402069091797,24.240177154541016,110.96318054199219,18.253786087036133,50.47652816772461
2012-08-23,19.90410614013672,12.0600004196167,45.53371047973633,25.515466690063477,24.599388122558594,24.01793098449707,110.05559539794922,18.20037269592285,50.2348747253418
2012-08-24,19.921833038330078,12.286999702453613,45.85249710083008,25.474349975585938,24.831745147705078,24.256046295166016,110.72069549560547,18.340261459350586,50.6606330871582
2012-08-27,20.29610824584961,12.196000099182129,45.777889251708984,25.515466690063477,24.638113021850586,24.359230041503906,110.74411010742188,18.439443588256836,50.482261657714844
2012-08-28,20.269676208496094,12.305500030517578,45.79145812988281,25.446931838989258,24.528383255004883,24.311613082885742,110.63459014892578,18.41655731201172,50.689422607421875
2012-08-29,20.229719161987305,12.355999946594238,45.696510314941406,25.563440322875977,24.1798152923584,24.32748031616211,110.72069549560547,18.50812530517578,50.57434844970703
2012-08-30,19.94135856628418,12.310999870300293,45.58796691894531,25.2893009185791,23.973268508911133,24.06555938720703,109.92259216308594,18.37586784362793,50.17159652709961
2012-08-31,19.982511520385742,12.41349983215332,45.737205505371094,25.453781127929688,24.141088485717773,24.462419509887695,110.4468002319336,18.464885711669922,50.2291145324707
2012-09-04,20.2747802734375,12.394000053405762,45.62188720703125,25.36469078063965,24.063621520996094,24.121112823486328,110.34504699707031,18.696331024169922,50.12554931640625
2012-09-05,20.13240623474121,12.310999870300293,45.6286735534668,25.433223724365234,24.212093353271484,24.121112823486328,110.25119018554688,18.706506729125977,50.246395111083984
2012-09-06,20.313827514648438,12.569000244140625,46.01529312133789,26.51607322692871,24.625207901000977,24.88309097290039,112.48892974853516,19.026979446411133,51.201480865478516
2012-09-07,20.43909454345703,12.956999778747559,46.042423248291016,26.93411636352539,24.463836669921875,24.56560516357422,112.92706298828125,18.775177001953125,51.73656463623047
2012-09-10,19.90741729736328,12.854499816894531,46.24591827392578,26.56404685974121,24.308914184570312,24.383039474487305,112.28545379638672,18.696331024169922,51.48341369628906
2012-09-11,19.842838287353516,12.783499717712402,46.259464263916016,27.13973617553711,24.379920959472656,24.438602447509766,112.59848022460938,18.836210250854492,51.563987731933594
2012-09-12,20.119184494018555,12.781499862670898,46.22557067871094,27.359046936035156,24.40265464782715,24.4306640625,112.97406005859375,18.838756561279297,51.523704528808594
2012-09-13,20.515384674072266,13.01200008392334,46.79533004760742,28.373355865478516,24.922561645507812,24.55765724182129,114.69534301757812,19.11089515686035,52.49028778076172
2012-09-14,20.76470375061035,13.06350040435791,46.442623138427734,28.48988151550293,24.773088455200195,24.771961212158203,115.20388793945312,18.9481201171875,53.105934143066406
2012-09-17,21.02002716064453,12.899999618530273,46.293392181396484,28.22943687438965,24.922561645507812,24.771961212158203,114.8127212524414,18.818408966064453,52.88154602050781
2012-09-18,21.084007263183594,12.9375,46.496883392333984,28.277414321899414,25.098018646240234,24.748159408569336,114.71882629394531,18.80823516845703,52.7319450378418
2012-09-19,21.089710235595703,13.083999633789062,46.53080749511719,28.332237243652344,25.033029556274414,24.644968032836914,114.78141021728516,18.915054321289062,52.110538482666016
2012-09-20,20.987586975097656,13.040499687194824,46.734275817871094,28.270572662353516,25.111024856567383,24.96245765686035,114.78926849365234,19.011707305908203,52.657135009765625
2012-09-21,21.029340744018555,12.873499870300293,46.84281921386719,28.016984939575195,24.714597702026367,24.75609588623047,114.74126434326172,18.935413360595703,52.88731002807617
2012-09-24,20.749988555908203,12.739999771118164,46.80211639404297,28.25685691833496,24.773088455200195,24.4306640625,114.56820678710938,19.009172439575195,52.86427307128906
2012-09-25,20.231828689575195,12.623000144958496,47.01917266845703,27.79081153869629,24.487152099609375,24.121112823486328,113.34899139404297,18.887083053588867,52.78372573852539
2012-09-26,19.980712890625,12.483499526977539,46.80211639404297,27.578357696533203,24.539134979248047,23.94649887084961,112.71185302734375,18.86928367614746,52.49028778076172
2012-09-27,20.465517044067383,12.829500198364258,46.80891418457031,27.87991714477539,24.896564483642578,23.93855857849121,113.77371978759766,18.815872192382812,52.8182487487793
2012-09-28,20.038379669189453,12.715999603271484,46.7410888671875,27.74284553527832,24.649621963500977,23.621074676513672,113.24674224853516,18.77008819580078,52.616886138916016
2012-10-01,19.80678939819336,12.600500106811523,46.89029312133789,28.07866668701172,24.942060470581055,23.406770706176758,113.54562377929688,18.83367156982422,52.8182487487793
2012-10-02,19.864458084106445,12.529999732971191,46.77497482299805,28.04439926147461,24.916067123413086,23.54170799255371,113.66363525390625,18.757375717163086,52.77222442626953
2012-10-03,20.16904640197754,12.795999526977539,46.80211639404297,28.21010398864746,24.851072311401367,23.7004451751709,114.12773132324219,18.8718204498291,52.76070785522461
2012-10-04,20.029373168945312,13.023500442504883,46.985252380371094,28.87288475036621,24.909568786621094,23.835372924804688,114.94581604003906,19.00408363342285,53.05990982055664
2012-10-05,19.602535247802734,12.92549991607666,47.24299621582031,28.796934127807617,25.07203483581543,23.692506790161133,114.95366668701172,19.108362197875977,53.24977111816406
2012-10-08,19.169382095336914,12.95300006866455,47.100563049316406,28.762418746948242,25.07203483581543,23.636945724487305,114.56036376953125,19.138874053955078,53.32457733154297
2012-10-09,19.099695205688477,12.54800033569336,46.40192794799805,28.56910514831543,25.059036254882812,23.240095138549805,113.42762756347656,18.856563568115234,53.00811767578125
2012-10-10,19.251680374145508,12.249500274658203,46.27306365966797,28.838363647460938,24.75359535217285,23.001970291137695,112.70398712158203,19.182106018066406,52.37520217895508
2012-10-11,18.866899490356445,12.211000442504883,46.103477478027344,29.066198348999023,24.76659393310547,22.97815704345703,112.76692962646484,19.077831268310547,52.45578384399414
2012-10-12,18.915258407592773,12.118000030517578,46.103477478027344,28.73479652404785,24.844579696655273,23.176589965820312,112.3971939086914,19.28130531311035,52.37520217895508
2012-10-15,19.066946029663086,12.208999633789062,46.53080749511719,29.25950813293457,24.77958869934082,23.42264747619629,113.33326721191406,19.622116088867188,52.651397705078125
2012-10-16,19.518421173095703,12.196999549865723,47.175167083740234,29.570199966430664,24.63011932373047,23.406770706176758,114.4816665649414,19.561080932617188,53.15194320678711
2012-10-17,19.362829208374023,12.374500274658203,48.158695220947266,29.90849494934082,24.526142120361328,23.486143112182617,115.00081634521484,19.59159278869629,53.73307800292969
2012-10-18,19.003263473510742,12.242500305175781,49.189693450927734,29.694467544555664,24.591121673583984,23.414705276489258,114.70193481445312,19.472057342529297,53.78486633300781
2012-10-19,18.31839942932129,12.0,48.74201965332031,29.218088150024414,24.305177688598633,22.732101440429688,112.79046630859375,19.232988357543945,53.01963806152344
2012-10-22,19.045024871826172,11.689000129699707,48.687767028808594,29.059295654296875,24.194698333740234,22.224130630493164,112.80625915527344,19.240612030029297,53.042659759521484
2012-10-23,18.424137115478516,11.715499877929688,48.08409118652344,28.534582138061523,23.791790008544922,22.263816833496094,111.24087524414062,19.01424789428711,51.88616943359375
2012-10-24,18.528371810913086,11.424500465393066,47.98234176635742,28.796934127807617,23.96724510192871,22.144752502441406,110.92625427246094,19.029516220092773,51.71357345581055
2012-10-25,18.30939292907715,11.145999908447266,48.253665924072266,28.769319534301758,24.103727340698242,22.128881454467773,111.248779296875,19.15668487548828,52.030006408691406
2012-10-26,18.142980575561523,11.911999702453613,48.090885162353516,28.417217254638672,24.07122230529785,22.390796661376953,111.18584442138672,19.103273391723633,52.13931655883789
2012-10-31,17.882253646850586,11.644499778747559,48.03659439086914,28.776235580444336,24.162212371826172,22.65274429321289,111.18584442138672,19.08037757873535,52.45578384399414
2012-11-01,17.91889190673828,11.607000350952148,48.49782943725586,29.57710838317871,24.259700775146484,23.43058204650879,112.34998321533203,18.681076049804688,52.70319366455078
2012-11-02,17.325944900512695,11.621000289916992,48.090885162353516,29.287124633789062,24.09722900390625,23.414705276489258,111.35103607177734,18.50812530517578,51.93793869018555
2012-11-05,17.560848236083984,11.716500282287598,48.01625061035156,29.183570861816406,23.895763397216797,23.517887115478516,111.57916259765625,18.60222625732422,52.145084381103516
2012-11-06,17.507680892944336,11.878000259399414,48.16548538208008,29.60472297668457,24.318174362182617,23.7004451751709,112.45228576660156,18.759916305541992,52.70893096923828
2012-11-07,16.837783813476562,11.602999687194824,47.711036682128906,27.947742462158203,23.86326789855957,23.081348419189453,109.90365600585938,18.59459686279297,51.05308151245117
2012-11-08,16.22673988342285,11.367500305175781,47.24299621582031,27.89250946044922,23.629322052001953,22.867048263549805,108.58222198486328,18.434364318847656,50.41044998168945
2012-11-09,16.507667541503906,11.315500259399414,47.39222717285156,28.04439926147461,23.583826065063477,22.88291358947754,108.67662048339844,18.391122817993164,50.49149703979492
2012-11-12,16.380023956298828,11.32349967956543,47.26335525512695,28.016782760620117,23.447345733642578,22.39874839782715,108.76309204101562,18.434364318847656,50.555206298828125
2012-11-13,16.382139205932617,11.329999923706055,47.14802932739258,27.64396095275879,23.49934196472168,21.678524017333984,108.38550567626953,18.263957977294922,50.06305694580078
2012-11-14,16.200483322143555,11.147500038146973,46.985252380371094,27.126148223876953,23.401857376098633,21.47846794128418,106.92243957519531,18.13678741455078,49.83147430419922
2012-11-15,15.860700607299805,11.029999732971191,46.84959411621094,27.1951847076416,23.674800872802734,21.334423065185547,106.74152374267578,17.478052139282227,49.87199020385742
2012-11-16,15.922873497009277,11.261500358581543,46.930992126464844,27.291845321655273,23.75929832458496,21.222396850585938,107.26856231689453,17.30255889892578,50.051483154296875
2012-11-19,17.071044921875,11.48550033569336,46.97168731689453,28.023685455322266,24.201208114624023,21.390438079833984,109.43960571289062,17.55435562133789,50.75779342651367
2012-11-20,16.92559051513672,11.689000129699707,47.25656509399414,28.09963607788086,24.207700729370117,21.374441146850586,109.48673248291016,17.549270629882812,50.65940475463867
2012-11-21,16.94942855834961,11.90149974822998,47.20230484008789,28.12032699584961,24.298683166503906,21.566495895385742,109.6912841796875,17.521284103393555,50.95467758178711
2012-11-23,17.245155334472656,11.994000434875488,47.59918975830078,28.368881225585938,24.649621963500977,22.16667938232422,111.18584442138672,17.85447120666504,51.57994842529297
2012-11-26,17.789213180541992,12.180999755859375,47.27758026123047,28.223901748657227,24.27918243408203,21.918601989746094,110.94988250732422,17.780717849731445,51.3078498840332
2012-11-27,17.64588165283203,12.170000076293945,47.085968017578125,28.134143829345703,24.318174362182617,21.670534133911133,110.38349914550781,17.676435470581055,50.57254409790039
2012-11-28,17.590356826782227,12.355500221252441,47.4144401550293,28.189390182495117,24.576648712158203,21.89459228515625,111.2723617553711,17.946041107177734,51.00678253173828
2012-11-29,17.78407859802246,12.56350040435791,47.36655044555664,28.45863914489746,24.84492301940918,21.566495895385742,111.7914810180664,18.01470184326172,51.01836013793945
2012-11-30,17.660964965820312,12.602499961853027,47.71553039550781,28.361982345581055,24.812204360961914,21.302417755126953,111.81513214111328,18.31736946105957,51.02993392944336
2012-12-03,17.688430786132812,12.516500473022461,47.66077423095703,28.175569534301758,24.458860397338867,21.150367736816406,111.26447296142578,18.144412994384766,50.72307205200195
2012-12-04,17.37641143798828,12.624500274658203,47.804481506347656,28.00988006591797,24.30836296081543,21.102357864379883,111.10716247558594,18.342798233032227,50.47993469238281
2012-12-05,16.25811767578125,12.697999954223633,47.879756927490234,28.444822311401367,24.41306495666504,21.342432022094727,111.30384063720703,18.32438850402832,50.792564392089844
2012-12-06,16.51309585571289,12.668499946594238,47.934505462646484,28.631237030029297,24.458860397338867,21.390438079833984,111.68138885498047,18.30904769897461,50.94887924194336
2012-12-07,16.090953826904297,12.66349983215332,48.20820999145508,29.3837947845459,24.674787521362305,21.17437171936035,112.01964569091797,18.48806381225586,51.296268463134766
2012-12-10,15.987451553344727,12.388500213623047,48.31084442138672,29.211191177368164,24.628995895385742,21.55849266052246,112.06684112548828,18.45226287841797,51.186256408691406
2012-12-11,16.336576461791992,12.534500122070312,48.65300750732422,29.43901252746582,24.772947311401367,21.86258888244629,112.82982635498047,18.13001251220703,51.52205276489258
2012-12-12,16.264453887939453,12.588000297546387,48.55720138549805,29.528772354125977,24.628995895385742,21.798564910888672,112.88488006591797,17.631311416625977,51.78837585449219
2012-12-13,15.983519554138184,12.5625,48.41349792480469,29.53568458557129,24.602827072143555,21.69453239440918,112.19266510009766,17.656883239746094,51.284664154052734
2012-12-14,15.383041381835938,12.459500312805176,48.37245178222656,29.556394577026367,24.64207649230957,21.45446014404297,111.77578735351562,17.582725524902344,50.995201110839844
2012-12-17,15.655820846557617,12.692999839782715,48.54350662231445,30.01896095275879,24.53738021850586,21.686532974243164,113.08942413330078,17.69780731201172,51.45259475708008
2012-12-18,16.11056137084961,13.020000457763672,48.55035400390625,30.288217544555664,24.393423080444336,22.054645538330078,114.34796905517578,17.774524688720703,51.8520622253418
2012-12-19,15.881536483764648,12.899499893188477,48.331382751464844,30.05348777770996,24.06626319885254,21.854581832885742,113.49842834472656,17.523893356323242,51.20363235473633
2012-12-20,15.743338584899902,13.074999809265137,48.41349792480469,30.74388313293457,24.242931365966797,22.150671005249023,114.15129089355469,17.646656036376953,51.46415710449219
2012-12-21,15.670904159545898,12.845999717712402,48.08504104614258,30.37798500061035,24.13824462890625,21.966617584228516,113.11514282226562,17.55714225769043,50.503074645996094
2012-12-24,15.69625473022461,12.930999755859375,47.91395568847656,30.322734832763672,24.033554077148438,21.654523849487305,112.7666015625,17.53668212890625,50.3235969543457
2012-12-26,15.479899406433105,12.431500434875488,48.01661682128906,30.350353240966797,23.830703735351562,21.494468688964844,112.29129791259766,17.388351440429688,50.41044998168945
2012-12-27,15.542058944702148,12.415499687194824,47.96187210083008,30.122529983520508,23.830703735351562,21.574491500854492,112.1407470703125,17.439498901367188,50.28886032104492
2012-12-28,15.377001762390137,12.258999824523926,47.54446029663086,29.853269577026367,23.536264419555664,21.246389389038086,110.9287338256836,17.29115867614746,49.26987838745117
2012-12-31,16.05836296081543,12.543499946594238,47.96870803833008,30.357269287109375,23.71946907043457,21.374441146850586,112.81412506103516,17.449731826782227,50.1093864440918
2013-01-02,16.56711196899414,12.865500450134277,48.47507858276367,31.045448303222656,24.602827072143555,22.102663040161133,115.70557403564453,17.708032608032227,51.35995101928711
2013-01-03,16.35799789428711,12.923999786376953,48.40665817260742,30.982898712158203,24.602827072143555,21.806562423706055,115.44416809082031,17.595508575439453,51.26731491088867
2013-01-04,15.902350425720215,12.957500457763672,48.96094512939453,31.532062530517578,24.64207649230957,21.398448944091797,115.951171875,17.662004470825195,51.504676818847656
2013-01-07,15.808812141418457,13.42300033569336,48.85828399658203,31.566822052001953,24.406526565551758,21.35843276977539,115.63426971435547,17.493202209472656,50.90835952758789
2013-01-08,15.851350784301758,13.319000244140625,48.865142822265625,31.629398345947266,24.236387252807617,21.246389389038086,115.30154418945312,17.541799545288086,51.226776123046875
2013-01-09,15.603619575500488,13.317500114440918,49.084110260009766,31.608522415161133,24.22985076904297,21.366436004638672,115.59467315673828,17.53668212890625,51.02993392944336
2013-01-10,15.797038078308105,13.267000198364258,49.39887237548828,32.08123016357422,24.18404197692871,21.17437171936035,116.51359558105469,17.482973098754883,51.585750579833984
2013-01-11,15.700181007385254,13.397000312805176,49.50835037231445,32.074283599853516,24.151323318481445,21.470460891723633,116.50570678710938,17.552024841308594,51.88101577758789
2013-01-14,15.140425682067871,13.636500358581543,49.652061462402344,31.893552780151367,24.20368003845215,21.518484115600586,116.42644500732422,17.467628479003906,51.8636474609375
2013-01-15,14.662755012512207,13.595000267028809,49.52205276489258,32.22026824951172,24.419599533081055,21.774560928344727,116.50570678710938,17.64153480529785,51.834693908691406
2013-01-16,15.27138900756836,13.446499824523926,49.6657600402832,32.54698944091797,24.419599533081055,21.638513565063477,116.4898681640625,17.700368881225586,51.79996871948242
2013-01-17,15.168495178222656,13.52400016784668,49.88471984863281,32.2828369140625,24.54391860961914,21.806562423706055,117.24238586425781,17.60828971862793,52.22258377075195
2013-01-18,15.087629318237305,13.605999946594238,50.110538482666016,32.29673385620117,24.668251037597656,21.806562423706055,117.50382232666016,17.69780731201172,52.569984436035156
2013-01-22,15.231557846069336,13.509499549865723,49.74100875854492,32.35234832763672,24.29527473449707,21.726545333862305,118.13760375976562,17.794986724853516,52.63946533203125
2013-01-23,15.510374069213867,13.405500411987305,49.85051345825195,32.13684844970703,24.29527473449707,22.09465789794922,118.32769775390625,17.771968841552734,52.51209259033203
2013-01-24,13.593953132629395,13.67300033569336,50.02159118652344,32.23417282104492,24.28219223022461,22.110660552978516,118.3593978881836,17.84869384765625,52.88840103149414
2013-01-25,13.27348804473877,14.19950008392334,50.582698822021484,32.78333282470703,24.242931365966797,22.310718536376953,119.02482604980469,17.646656036376953,53.10840606689453
2013-01-28,13.57373046875,13.802000045776367,50.37739944458008,32.421852111816406,24.21676254272461,22.334720611572266,118.88219451904297,17.736164093017578,52.74947738647461
2013-01-29,13.82840633392334,13.017499923706055,50.91801071166992,32.755531311035156,24.485027313232422,22.414749145507812,119.34954833984375,17.8742733001709,53.125789642333984
2013-01-30,13.784958839416504,13.637999534606934,50.69902801513672,32.762481689453125,24.53738021850586,22.286714553833008,118.88219451904297,17.838464736938477,52.49472427368164
2013-01-31,13.744523048400879,13.274999618530273,50.582698822021484,32.70686721801758,24.367258071899414,21.966617584228516,118.58910369873047,17.889616012573242,52.08945083618164
2013-02-01,13.688094139099121,13.25,50.7606201171875,33.26299285888672,24.56355857849121,22.350727081298828,119.80905151367188,18.027721405029297,52.12997817993164
2013-02-04,13.347111701965332,12.99899959564209,50.71273422241211,33.144813537597656,24.43922996520996,21.958608627319336,118.46238708496094,17.807777404785156,51.61470031738281
2013-02-05,13.815434455871582,13.344499588012695,51.08907699584961,33.916439056396484,24.95615005493164,22.00662612915039,119.65858459472656,18.099328994750977,51.956275939941406
2013-02-06,13.800644874572754,13.111000061035156,51.58860397338867,33.79130172729492,25.067384719848633,21.87859344482422,119.74569702148438,18.23743438720703,51.98522186279297
2013-02-07,14.210988998413086,13.011500358581543,51.362770080566406,33.527156829833984,25.45999526977539,21.830583572387695,119.58724212646484,18.21697425842285,51.420047760009766
2013-02-08,14.416170120239258,13.09749984741211,51.65019989013672,33.805206298828125,25.368385314941406,22.0466365814209,120.2527084350586,18.280912399291992,51.62978744506836
2013-02-11,14.566407203674316,12.86050033569336,51.602294921875,33.82605743408203,25.263690948486328,22.29471206665039,120.22888946533203,18.260452270507812,51.43751907348633
2013-02-12,14.201282501220703,12.9350004196167,51.869171142578125,34.15973663330078,24.576648712158203,22.310718536376953,120.42691802978516,18.260452270507812,51.54240417480469
2013-02-13,14.17426586151123,13.47350025177002,51.77338409423828,33.8399772644043,24.34761619567871,22.430761337280273,120.52992248535156,18.257898330688477,51.66474914550781
2013-02-14,14.161523818969727,13.461999893188477,51.87601089477539,34.21535873413086,24.105520248413086,22.43876075744629,120.6408462524414,18.11211585998535,51.57737731933594
2013-02-15,13.966363906860352,13.254500389099121,52.11552047729492,33.979007720947266,24.485027313232422,22.414749145507812,120.49827575683594,17.723379135131836,51.48412322998047
2013-02-19,13.961204528808594,13.487500190734863,52.66294860839844,34.375244140625,24.64861488342285,22.63260841369629,121.40132904052734,17.585275650024414,52.04349136352539
2013-02-20,13.623096466064453,13.320500373840332,52.450809478759766,33.79130172729492,24.68787384033203,22.48737144470215,119.88825988769531,17.700368881225586,51.83956527709961
2013-02-21,13.538414001464844,13.29699993133545,52.601348876953125,33.54106521606445,24.674787521362305,22.180761337280273,119.15943145751953,17.968900680541992,51.61813735961914
2013-02-22,13.68258285522461,13.270999908447266,52.59446716308594,33.99987030029297,25.204790115356445,22.39860725402832,120.32398986816406,18.00470542907715,51.97357177734375
2013-02-25,13.439471244812012,12.993499755859375,52.12544631958008,33.15871810913086,24.68133544921875,22.083942413330078,118.03458404541016,18.014934539794922,51.09956359863281
2013-02-26,13.626736640930176,12.968000411987305,52.24958038330078,33.08919143676758,24.936527252197266,22.083942413330078,118.84258270263672,18.1862850189209,51.5715446472168
2013-02-27,13.49319076538086,13.162500381469727,52.642723083496094,34.25706481933594,25.158994674682617,22.4389591217041,120.33982849121094,18.326946258544922,52.16585159301758
2013-02-28,13.396977424621582,13.213500022888184,52.49790954589844,34.006813049316406,25.335662841796875,22.430891036987305,120.1021499633789,18.10188102722168,52.177513122558594
2013-03-01,13.065240859985352,13.286999702453613,52.904842376708984,33.99987030029297,25.322580337524414,22.551921844482422,120.49827575683594,18.347412109375,52.107574462890625
2013-03-04,12.748981475830078,13.655500411987305,53.24971389770508,34.13193130493164,25.40110206604004,22.713294982910156,121.13993835449219,18.73613929748535,51.82790756225586
2013-03-05,13.085575103759766,13.779500007629395,53.567012786865234,34.40304183959961,25.30949592590332,22.87466812133789,122.22518157958984,18.853782653808594,52.21247482299805
2013-03-06,12.919251441955566,13.689499855041504,53.38080596923828,34.77842712402344,25.53195571899414,22.66487693786621,122.39159393310547,18.76683235168457,52.18333053588867
2013-03-07,13.06857967376709,13.694000244140625,53.62910079956055,35.19552993774414,25.597389221191406,22.705223083496094,122.61338806152344,18.751497268676758,51.68806838989258
2013-03-08,13.103182792663574,13.709500312805176,53.9326057434082,34.89659881591797,25.66283416748047,22.592260360717773,123.13618469238281,18.797821044921875,51.83956527709961
2013-03-11,13.289838790893555,13.562000274658203,54.10503387451172,35.091243743896484,25.721723556518555,22.48737144470215,123.60356903076172,18.78495216369629,51.95026397705078
2013-03-12,13.003321647644043,13.706500053405762,54.187801361083984,34.952213287353516,25.49270248413086,22.519638061523438,123.3262939453125,18.944538116455078,51.95026397705078
2013-03-13,13.000894546508789,13.755000114440918,54.1809196472168,34.868804931640625,25.433382034301758,22.527713775634766,123.50057983398438,18.957408905029297,52.008541107177734
2013-03-14,13.12685489654541,13.286999702453613,54.56027603149414,35.45273208618164,25.716777801513672,22.705223083496094,124.1581039428711,18.846725463867188,52.34065628051758
2013-03-15,13.465570449829102,13.090999603271484,54.622352600097656,34.7714729309082,25.591562271118164,22.62453842163086,123.9941635131836,18.661396026611328,52.07263946533203
2013-03-18,13.831609725952148,12.894499778747559,54.360252380371094,34.41694641113281,25.54543113708496,22.672948837280273,123.30992126464844,18.597049713134766,51.723045349121094
2013-03-19,13.794272422790527,12.820500373840332,54.39472579956055,34.20145797729492,25.921100616455078,22.73750114440918,123.02347564697266,18.64853286743164,51.612308502197266
2013-03-20,13.721124649047852,12.86400032043457,54.80170822143555,34.145843505859375,26.276994705200195,22.850460052490234,123.88284301757812,18.787525177001953,51.641441345214844
2013-03-21,13.740859031677246,12.669500350952148,54.49821472167969,33.61057662963867,26.408811569213867,22.68101692199707,122.82457733154297,18.823558807373047,51.3734245300293
2013-03-22,14.019479751586914,12.887499809265137,55.001739501953125,33.90949249267578,26.3890380859375,22.793977737426758,123.81118774414062,19.11956787109375,52.0260009765625
2013-03-25,14.070167541503906,12.800999641418457,54.96033477783203,33.72874450683594,26.44175910949707,22.721363067626953,123.29399108886719,19.266286849975586,51.86868667602539
2013-03-26,13.996109008789062,13.01550006866455,55.76734924316406,33.81216812133789,26.81743049621582,22.721363067626953,124.28067016601562,19.245691299438477,52.515445709228516
2013-03-27,13.721124649047852,13.265000343322754,56.05707550048828,33.207393646240234,26.507667541503906,22.890804290771484,124.28067016601562,19.248268127441406,52.77763748168945
2013-03-28,13.435221672058105,13.32450008392334,56.23639678955078,32.991878509521484,26.65266990661621,23.084457397460938,124.66259765625,19.261138916015625,52.503814697265625
2013-04-01,13.017890930175781,13.080499649047852,56.51229476928711,33.24909973144531,26.659255981445312,23.084457397460938,124.16927337646484,19.415576934814453,52.88835525512695
2013-04-02,13.044604301452637,13.166000366210938,57.036537170410156,33.56191635131836,26.837202072143555,23.237751007080078,124.7819595336914,19.567441940307617,52.77763748168945
2013-04-03,13.111371040344238,12.951499938964844,56.60886001586914,32.77146911621094,26.47471046447754,23.04410743713379,123.51673889160156,19.562292098999023,52.39892578125
2013-04-04,12.98177433013916,12.954000473022461,56.84341049194336,33.219154357910156,26.718570709228516,23.07638168334961,124.01807403564453,19.613767623901367,52.30569076538086
2013-04-05,12.84459114074707,12.77400016784668,56.588191986083984,33.5129508972168,26.415390014648438,23.157072067260742,123.4610824584961,19.662694931030273,51.86286926269531
2013-04-08,12.935941696166992,12.947500228881836,55.94668960571289,33.98161315917969,26.929471969604492,23.068315505981445,124.29654693603516,19.89433479309082,51.62398910522461
2013-04-09,12.959319114685059,13.057000160217285,56.229515075683594,34.05156326293945,26.830602645874023,23.891324996948242,124.7262191772461,20.107980728149414,51.723045349121094
2013-04-10,13.22367000579834,13.238499641418457,56.57437515258789,34.45027542114258,27.06787109375,24.431921005249023,126.25397491455078,19.914926528930664,51.670589447021484
2013-04-11,13.182394981384277,13.492500305175781,56.78133773803711,34.492244720458984,27.140377044677734,23.350717544555664,126.66778564453125,20.023040771484375,51.98521423339844
2013-04-12,13.044904708862305,13.643500328063965,57.07101821899414,34.28240203857422,27.074466705322266,23.229686737060547,126.35746765136719,20.221240997314453,51.85122299194336
2013-04-15,12.742913246154785,13.38599967956543,56.360565185546875,33.52692413330078,26.42198371887207,23.149002075195312,123.42923736572266,20.198068618774414,50.39455032348633
2013-04-16,12.936853408813477,13.616999626159668,57.55386734008789,33.91865158081055,27.924654006958008,23.374923706054688,125.25138854980469,20.252120971679688,50.4644775390625
2013-04-17,12.225424766540527,13.369999885559082,57.871150970458984,32.7295036315918,28.043292999267578,23.2619571685791,123.42134857177734,20.208362579345703,50.15565872192383
2013-04-18,11.899151802062988,12.970999717712402,57.37449645996094,32.62458419799805,27.746702194213867,23.229686737060547,122.64946746826172,19.860876083374023,50.47030258178711
2013-04-19,11.853017807006836,13.015999794006348,58.278099060058594,33.03728485107422,28.115795135498047,24.020418167114258,123.71568298339844,20.151744842529297,50.953914642333984
2013-04-22,12.100076675415039,13.177499771118164,58.51262664794922,33.12122344970703,28.155330657958984,24.875694274902344,124.26475524902344,20.06937599182129,51.326812744140625
2013-04-23,12.326497077941895,13.444999694824219,58.940277099609375,33.6948127746582,28.14214324951172,24.69011688232422,125.54582214355469,20.35765838623047,52.03186798095703
2013-04-24,12.306159019470215,13.439000129699707,58.20914077758789,34.07954788208008,27.779672622680664,25.62608528137207,125.62538146972656,20.08481788635254,52.107574462890625
2013-04-25,12.394783020019531,13.734999656677246,58.78163146972656,34.275413513183594,27.91147232055664,25.771320343017578,126.1346435546875,20.244403839111328,51.31517028808594
2013-04-26,12.662483215332031,12.740500450134277,58.71265411376953,34.19146728515625,27.746702194213867,25.650287628173828,125.91182708740234,20.344785690307617,51.274383544921875
2013-04-29,13.054617881774902,12.487000465393066,59.029945373535156,34.21943283081055,27.83897590637207,26.311914443969727,126.75532531738281,20.177471160888672,51.396732330322266
2013-04-30,13.438862800598145,12.690500259399414,58.78853225708008,34.28240203857422,27.89830207824707,26.70728302001953,127.0576400756836,20.005023956298828,51.85122299194336
2013-05-01,13.332938194274902,12.411499977111816,58.09877014160156,33.58290481567383,27.819198608398438,26.400672912597656,125.94367218017578,20.09253692626953,50.9888916015625
2013-05-02,13.522024154663086,12.6274995803833,58.740257263183594,33.63186264038086,27.65444564819336,26.75569725036621,127.11329650878906,20.195491790771484,51.641441345214844
2013-05-03,13.657393455505371,12.90250015258789,59.147212982177734,33.275115966796875,27.83897590637207,27.021957397460938,128.40240478515625,20.398834228515625,52.45137023925781
2013-05-06,13.98305892944336,12.78600025177002,58.409156799316406,33.70179748535156,27.733535766601562,27.231754302978516,128.72866821289062,20.29073143005371,52.77763748168945
2013-05-07,13.92083740234375,12.886500358581543,58.995479583740234,34.373321533203125,28.14214324951172,26.87672996520996,129.381103515625,20.29073143005371,53.109764099121094
2013-05-08,14.078058242797852,12.934000015258789,58.947174072265625,34.807029724121094,27.983983993530273,26.618526458740234,129.96986389160156,20.262245178222656,53.430233001708984
2013-05-09,13.955241203308105,13.008000373840332,58.733341217041016,34.30339050292969,27.759885787963867,26.35225486755371,129.60394287109375,20.301088333129883,53.406761169433594
2013-05-10,13.839141845703125,13.181500434875488,59.15410232543945,34.24742889404297,27.779672622680664,26.376462936401367,130.02560424804688,20.427978515625,52.88461685180664
2013-05-13,13.893216133117676,13.225500106811523,59.21617126464844,34.74406051635742,27.806026458740234,26.650806427001953,130.1291046142578,20.326990127563477,52.86113357543945
2013-05-14,13.560811996459961,13.416500091552734,59.988677978515625,35.135772705078125,28.023523330688477,27.24395179748535,131.47378540039062,20.399486541748047,53.45370864868164
2013-05-15,13.102228164672852,13.32800006866455,60.450862884521484,35.73735427856445,28.287141799926758,27.503948211669922,132.1820068359375,20.679136276245117,53.529972076416016
2013-05-16,13.277288436889648,13.206000328063965,60.3198127746582,35.65341567993164,28.39919090270996,27.690834045410156,131.56134033203125,20.326990127563477,53.213157653808594
2013-05-17,13.236959457397461,13.494999885559082,60.76124954223633,36.583744049072266,28.320106506347656,28.33272361755371,132.83447265625,20.16385269165039,53.835044860839844
2013-05-20,13.53239917755127,13.381500244140625,60.70607376098633,36.576744079589844,27.93124771118164,28.50335121154785,132.82647705078125,20.042152404785156,54.28095245361328
2013-05-21,13.432493209838867,13.442999839782715,61.10614776611328,37.08737564086914,27.90488624572754,28.316476821899414,133.01747131347656,20.03955841064453,54.44520950317383
2013-05-22,13.484130859375,13.14799976348877,61.01646041870117,37.514076232910156,27.845579147338867,28.1214656829834,132.03079223632812,19.94633674621582,54.08733367919922
2013-05-23,13.50826644897461,13.09000015258789,60.6064338684082,37.318214416503906,27.634675979614258,27.747703552246094,131.6488037109375,19.765087127685547,53.85264205932617
2013-05-24,13.600224494934082,13.086999893188477,60.33539962768555,37.5350456237793,27.83897590637207,27.84521484375,131.5374298095703,20.01884651184082,53.70009994506836
2013-05-28,13.486876487731934,13.364500045776367,60.884437561035156,38.192596435546875,28.043292999267578,28.454599380493164,132.32521057128906,20.02142906188965,54.19880676269531
2013-05-29,13.594111442565918,13.27649974822998,59.52232360839844,38.24155044555664,27.28536605834961,28.34086036682129,131.46583557128906,19.73918342590332,54.02277374267578
2013-05-30,13.79667854309082,13.341500282287598,59.758609771728516,38.90605545043945,26.870155334472656,28.462718963623047,131.9512481689453,19.58381462097168,54.02867889404297
2013-05-31,13.740153312683105,13.460000038146973,58.500755310058594,38.18559265136719,26.356075286865234,28.357114791870117,130.0574493408203,19.379262924194336,53.07820510864258
2013-06-03,13.770401000976562,13.343999862670898,58.869083404541016,38.115638732910156,26.89650535583496,28.917739868164062,130.7735595703125,19.599353790283203,53.65904998779297
2013-06-04,13.72731876373291,13.28499984741211,58.445167541503906,37.80086898803711,27.29854393005371,28.430227279663086,130.14495849609375,19.664098739624023,53.2659797668457
2013-06-05,13.599004745483398,13.358499526977539,58.153297424316406,37.094390869140625,26.79107093811035,28.25959587097168,128.3228302001953,19.485416412353516,52.59713363647461
2013-06-06,13.395832061767578,13.391500473022461,58.69533157348633,37.42313766479492,26.883331298828125,28.405853271484375,129.48455810546875,19.58381462097168,52.93740463256836
2013-06-07,13.498183250427246,13.843500137329102,59.00807571411133,37.96176528930664,27.29195785522461,28.98274040222168,131.13160705566406,19.765087127685547,53.65319061279297
2013-06-10,13.408966064453125,14.053500175476074,59.16789245605469,38.02471160888672,27.140377044677734,28.820249557495117,131.13160705566406,19.614891052246094,53.45957946777344
2013-06-11,13.369556427001953,13.73900032043457,58.85517501831055,37.4161491394043,26.883331298828125,28.308349609375,129.77894592285156,19.485416412353516,53.072330474853516
2013-06-12,13.20427131652832,13.583499908447266,58.194984436035156,37.19928741455078,26.803693771362305,28.43836212158203,128.70474243164062,19.379262924194336,52.649925231933594
2013-06-13,13.319454193115234,13.78950023651123,59.00807571411133,37.89179611206055,26.816974639892578,28.210847854614258,130.66217041015625,19.420682907104492,53.582767486572266
2013-06-14,13.138888359069824,13.69950008392334,59.00807571411133,37.16432571411133,26.770519256591797,27.950834274291992,129.84262084960938,19.387025833129883,53.142738342285156
2013-06-17,13.198468208312988,13.902999877929688,59.50844192504883,37.667945861816406,26.996145248413086,28.43836212158203,130.84519958496094,19.407730102539062,53.68837356567383
2013-06-18,13.19144058227539,14.088000297546387,60.015743255615234,37.84983825683594,27.162065505981445,28.42209815979004,131.879638671875,19.60971450805664,53.934810638427734
2013-06-19,12.923495292663574,13.907999992370605,58.97333526611328,37.45812225341797,26.816974639892578,28.1052188873291,130.0574493408203,19.280853271484375,53.389163970947266
2013-06-20,12.735296249389648,13.67199993133545,57.41663360595703,36.70964431762695,25.967538833618164,27.211441040039062,126.83480072021484,18.91057014465332,52.24510192871094
2013-06-21,12.633255958557129,13.668000221252441,57.8197135925293,36.345916748046875,26.385618209838867,27.03269386291504,127.24198150634766,19.03485870361328,52.497379302978516
2013-06-24,12.2984037399292,13.530500411987305,58.79956817626953,35.618431091308594,26.23297882080078,27.3983211517334,125.63417053222656,19.21353530883789,51.910682678222656
2013-06-25,12.301155090332031,13.604499816894531,59.313846588134766,36.42985534667969,26.359073638916016,27.35769271850586,126.84207153320312,19.25754737854004,52.28030776977539
2013-06-26,12.161835670471191,13.878499984741211,60.45356750488281,36.7236442565918,26.763887405395508,27.91021156311035,128.09791564941406,19.42327308654785,52.685123443603516
2013-06-27,12.030766487121582,13.8774995803833,60.25897216796875,37.17831802368164,26.71742057800293,28.129594802856445,128.84982299804688,19.488014221191406,52.8259391784668
2013-06-28,12.114791870117188,13.884499549865723,59.66828536987305,36.9265022277832,26.61789321899414,28.06458854675293,128.3218536376953,19.28862762451172,53.007816314697266
2013-07-01,12.50249195098877,14.104999542236328,60.203372955322266,36.716644287109375,26.85014533996582,27.9183292388916,129.0737762451172,19.31452178955078,52.97848892211914
2013-07-02,12.785710334777832,14.18649959564209,60.161678314208984,37.20280838012695,26.790422439575195,27.577077865600586,128.95382690429688,19.345596313476562,53.17795181274414
2013-07-03,12.856281280517578,14.201499938964844,60.30764389038086,37.18168258666992,26.87006187438965,27.633953094482422,129.0098114013672,19.358537673950195,53.2072868347168
2013-07-05,12.753018379211426,14.293999671936035,61.065120697021484,38.04128646850586,26.889978408813477,27.796451568603516,130.4016876220703,19.475067138671875,53.72357940673828
2013-07-08,12.680609703063965,14.529500007629395,61.56549072265625,38.54155731201172,26.90324592590332,27.893972396850586,131.14552307128906,19.863475799560547,54.1225471496582
2013-07-09,12.903641700744629,14.576499938964844,61.76700210571289,38.67544174194336,27.09569549560547,27.91021156311035,132.0894775390625,19.94633674621582,54.76201629638672
2013-07-10,12.854143142700195,14.616499900817871,62.017189025878906,38.633148193359375,26.996145248413086,28.194604873657227,132.1374969482422,19.879005432128906,54.456947326660156
2013-07-11,13.054564476013184,14.982999801635742,62.31600570678711,38.85158920288086,27.228425979614258,28.999000549316406,133.93727111816406,20.101703643798828,54.720977783203125
2013-07-12,13.030734062194824,15.3774995803833,62.53843307495117,38.73178482055664,27.228425979614258,28.98274040222168,133.99327087402344,20.101703643798828,54.79722595214844
2013-07-15,13.059144020080566,15.328499794006348,62.82332229614258,38.67544174194336,27.215137481689453,29.389005661010742,134.50514221191406,19.94633674621582,54.709205627441406
2013-07-16,13.143471717834473,15.343500137329102,62.82332229614258,38.75999450683594,26.697521209716797,29.470264434814453,134.00123596191406,20.034385681152344,54.738548278808594
2013-07-17,13.146836280822754,15.434499740600586,62.63570785522461,38.94318771362305,27.102331161499023,29.039621353149414,134.34524536132812,19.990360260009766,54.83243942260742
2013-07-18,13.191133499145508,15.205499649047852,62.66350173950195,39.71823501586914,27.08241844177246,28.795869827270508,135.0811309814453,20.026615142822266,55.37220764160156
2013-07-19,12.983076095581055,15.261500358581543,64.09510040283203,39.570274353027344,27.268226623535156,25.51327133178711,135.3210906982422,20.218231201171875,55.83566665649414
2013-07-22,13.024622917175293,15.173999786376953,64.12980651855469,39.85211944580078,27.102331161499023,26.008901596069336,135.58511352539062,20.16385269165039,55.63618087768555
2013-07-23,12.800984382629395,15.053000450134277,64.22715759277344,39.92961502075195,27.18196678161621,25.85452651977539,135.29713439941406,20.33992576599121,55.85326385498047
2013-07-24,13.458464622497559,14.946999549865723,64.18540954589844,39.90144348144531,27.1156005859375,25.968278884887695,134.80117797851562,20.25707244873047,55.730072021484375
2013-07-25,13.397050857543945,15.170000076293945,64.33136749267578,39.80982971191406,27.102331161499023,25.50514030456543,135.12908935546875,20.200103759765625,55.71834945678711
2013-07-26,13.473129272460938,15.600500106811523,64.51207733154297,39.49276351928711,26.969608306884766,25.692026138305664,135.2731170654297,20.197511672973633,55.61273956298828
2013-07-29,13.680883407592773,15.305000305175781,64.77613067626953,39.239105224609375,26.730697631835938,25.62702178955078,134.857177734375,20.19492530822754,55.166847229003906
2013-07-30,13.849836349487305,15.120499610900879,64.74834442138672,38.98545455932617,26.757253646850586,25.878910064697266,134.857177734375,20.169023513793945,55.03777313232422
2013-07-31,13.82569694519043,15.060999870300293,64.9776840209961,39.26729202270508,26.597972869873047,25.87077522277832,134.95318603515625,20.181974411010742,55.00257873535156
2013-08-01,13.952489852905273,15.278499603271484,65.16529846191406,39.8380241394043,26.92314910888672,25.732650756835938,136.51300048828125,20.254478454589844,54.404144287109375
2013-08-02,14.131526947021484,15.21049976348877,65.59618377685547,39.80279541015625,26.690893173217773,25.91140365600586,136.74493408203125,20.391719818115234,53.946533203125
2013-08-05,14.342636108398438,15.049500465393066,65.1861572265625,39.52799606323242,26.737340927124023,25.757015228271484,136.5449676513672,20.39689826965332,53.735294342041016
2013-08-06,14.214316368103027,15.037500381469727,65.19310760498047,39.09819030761719,26.790422439575195,25.659523010253906,135.7690887451172,20.16385269165039,53.66489791870117
2013-08-07,14.206067085266113,14.845499992370605,65.0888671875,38.96431350708008,26.644424438476562,26.049531936645508,135.32907104492188,20.156034469604492,53.588626861572266
2013-08-08,14.177776336669922,14.786999702453613,64.86650085449219,38.633148193359375,26.6776123046875,26.72393798828125,135.82505798339844,20.124778747558594,53.84678268432617
2013-08-09,13.976031303405762,14.86299991607666,64.18540954589844,38.41471481323242,26.65106964111328,26.56955337524414,135.43312072753906,20.033594131469727,53.59275436401367
2013-08-12,14.373065948486328,14.834500312805176,63.93524932861328,38.11174392700195,26.432069778442383,26.70767593383789,135.2731170654297,20.080482482910156,53.102455139160156
2013-08-13,15.056103706359863,14.69849967956543,64.63715362548828,38.25266647338867,26.3126163482666,26.372201919555664,135.67308044433594,20.02317237854004,52.81298065185547
2013-08-14,15.330734252929688,14.567000389099121,63.03181457519531,38.15402603149414,26.23297882080078,26.470382690429688,134.9770965576172,19.903331756591797,52.5471305847168
2013-08-15,15.312588691711426,14.32349967956543,62.23264694213867,37.54807662963867,25.94098472595215,26.012165069580078,133.0894012451172,19.38491439819336,52.08043670654297
2013-08-16,15.448522567749023,14.241000175476074,62.107547760009766,37.54807662963867,25.914443969726562,26.020353317260742,132.64939880371094,19.3067569732666,51.93275833129883
2013-08-19,15.61489486694336,14.278499603271484,62.85808181762695,36.51936721801758,25.735267639160156,25.68486213684082,131.80149841308594,19.168691635131836,51.3479118347168
2013-08-20,15.409774780273438,14.354499816894531,62.357704162597656,36.72368240356445,25.648996353149414,25.873069763183594,132.449462890625,19.077512741088867,51.29474639892578
2013-08-21,15.449446678161621,14.228500366210938,61.71139907836914,36.37844467163086,25.403461456298828,25.86488914489746,131.63352966308594,19.160871505737305,51.05255126953125
2013-08-22,15.467896461486816,14.486499786376953,61.33614730834961,36.787113189697266,25.423362731933594,26.503114700317383,132.83335876464844,19.13742446899414,51.38336181640625
2013-08-23,15.408235549926758,14.500499725341797,61.903297424316406,36.86461639404297,25.56272315979004,28.434186935424805,133.28135681152344,19.132211685180664,51.702362060546875
2013-08-26,15.4682035446167,14.310500144958496,61.287147521972656,36.49821090698242,25.297277450561523,27.9432373046875,132.78541564941406,19.02539825439453,51.44833755493164
2013-08-27,15.025961875915527,14.046500205993652,60.33488082885742,35.652706146240234,25.317182540893555,27.21499252319336,130.64962768554688,18.98111343383789,51.288841247558594
2013-08-28,15.09700870513916,14.079000473022461,60.58693313598633,35.63861083984375,25.449899673461914,27.018611907958984,131.11358642578125,18.85606575012207,52.48215103149414
2013-08-29,15.12160873413086,14.199000358581543,60.614952087402344,35.723167419433594,25.28399658203125,27.452281951904297,131.32159423828125,18.869096755981445,51.554691314697266
2013-08-30,14.983831405639648,14.048999786376953,60.50294494628906,35.6033821105957,25.337095260620117,27.329547882080078,130.9055938720703,19.012378692626953,51.48969268798828
2013-09-03,15.025657653808594,14.4399995803833,60.509918212890625,36.02614212036133,25.151288986206055,26.085796356201172,131.49752807617188,18.934215545654297,51.4837760925293
2013-09-04,15.336577415466309,14.682000160217285,60.84599304199219,36.54753875732422,25.576000213623047,25.52940559387207,132.58543395996094,18.99413299560547,51.84415054321289
2013-09-05,15.231399536132812,14.704999923706055,60.94404983520508,36.71664810180664,25.376914978027344,25.5539493560791,132.75344848632812,18.931615829467773,51.6019287109375
2013-09-06,15.322121620178223,14.793000221252441,61.028079986572266,37.03371047973633,25.449899673461914,25.488487243652344,132.81739807128906,18.910770416259766,51.54286575317383
2013-09-09,15.566620826721191,14.98550033569336,61.30810546875,37.24510192871094,25.56272315979004,25.905790328979492,134.0893096923828,19.150447845458984,52.00955581665039
2013-09-10,15.212029457092285,15.017999649047852,61.9873046875,37.815826416015625,25.635726928710938,26.503114700317383,135.0811309814453,19.267681121826172,51.87959289550781
2013-09-11,14.383830070495605,14.982000350952148,62.4774169921875,37.52693557739258,25.735267639160156,26.78950309753418,135.50509643554688,19.291126251220703,52.48215103149414
2013-09-12,14.536983489990234,14.942999839782715,62.323429107666016,36.80823516845703,25.695159912109375,26.748584747314453,135.14517211914062,19.254650115966797,51.974117279052734
2013-09-13,14.297405242919922,14.895999908447266,62.01531982421875,37.05485153198242,25.86228370666504,27.026792526245117,135.44911193847656,19.37188148498535,52.22224426269531
2013-09-16,13.842865943908691,14.803000450134277,62.337406158447266,37.4423713684082,25.975906372070312,26.838594436645508,136.23300170898438,19.481298446655273,52.381717681884766
2013-09-17,14.002788543701172,15.208499908447266,62.3584098815918,37.40715026855469,25.929119110107422,26.94497299194336,136.84100341796875,19.577693939208984,52.541236877441406
2013-09-18,14.290645599365234,15.601499557495117,62.953575134277344,37.63263702392578,26.463878631591797,27.264083862304688,138.4248504638672,19.908546447753906,52.919307708740234
2013-09-19,14.52498722076416,15.602999687194824,63.06562042236328,37.167598724365234,26.27671241760254,27.525928497314453,138.19281005859375,19.853836059570312,52.7420654296875
2013-09-20,14.37459945678711,15.817000389099121,62.79251480102539,37.20280838012695,26.336872100830078,26.83042335510254,137.2266082763672,19.754840850830078,52.375816345214844
2013-09-23,15.089011192321777,15.57450008392334,62.37943649291992,36.2586555480957,25.82216453552246,26.78950309753418,136.59161376953125,19.908546447753906,51.83824920654297
2013-09-24,15.041650772094727,15.706500053405762,61.7702751159668,35.455421447753906,25.75532341003418,26.552207946777344,136.27001953125,19.733999252319336,51.60783386230469
2013-09-25,14.808839797973633,15.632499694824219,60.97205352783203,36.42774963378906,25.62162971496582,26.60130500793457,135.87625122070312,19.44743537902832,51.47788619995117
2013-09-26,14.953070640563965,15.906000137329102,60.96506118774414,36.56163024902344,25.89569664001465,26.81405258178711,136.39871215820312,19.439620971679688,51.4365348815918
2013-09-27,14.846369743347168,15.80049991607666,60.726993560791016,36.80823516845703,25.66842269897461,27.22317886352539,135.771728515625,19.37188148498535,51.33610916137695
2013-09-30,14.66184139251709,15.631999969482422,60.698974609375,36.420719146728516,25.32083511352539,27.231359481811523,135.04832458496094,19.267681121826172,50.82805252075195
2013-10-01,15.006587982177734,16.047500610351562,61.245121002197266,36.610958099365234,25.36762046813965,27.476823806762695,136.11741638183594,19.171289443969727,50.80442810058594
2013-10-02,15.055794715881348,16.02549934387207,61.11909103393555,36.97294998168945,25.020030975341797,27.755046844482422,135.98873901367188,19.205156326293945,50.8516845703125
2013-10-03,14.866659164428711,15.73799991607666,60.621944427490234,36.86648178100586,24.839550018310547,27.705949783325195,134.7347869873047,19.059268951416016,50.50906753540039
2013-10-04,14.854970932006836,15.95199966430664,61.13309860229492,37.38462448120117,24.866287231445312,27.722307205200195,135.7556915283203,18.96548080444336,50.99347686767578
2013-10-07,15.000133514404297,15.501500129699707,60.62894058227539,36.78840637207031,24.766016006469727,27.247724533081055,134.5821075439453,18.72319984436035,50.74534225463867
2013-10-08,14.790696144104004,15.161499977111816,59.94276428222656,36.10701370239258,24.91976547241211,27.010427474975586,133.01461791992188,18.991527557373047,50.51497268676758
2013-10-09,14.964459419250488,14.911499977111816,60.18785095214844,36.02183532714844,24.78607940673828,27.059528350830078,133.11111450195312,19.0175838470459,50.30818557739258
2013-10-10,15.05825424194336,15.258500099182129,61.46217727661133,37.278160095214844,25.25398063659668,27.62411880493164,135.980712890625,19.483909606933594,50.82805252075195
2013-10-11,15.155744552612305,15.544500350952148,62.63147735595703,37.27106475830078,25.247303009033203,27.9268741607666,136.8568878173828,19.491718292236328,51.36565399169922
2013-10-14,15.255083084106445,15.53499984741211,62.87653350830078,37.413028717041016,25.340879440307617,28.188716888427734,137.40345764160156,19.455249786376953,51.749610900878906
2013-10-15,15.336268424987793,15.319999694824219,62.96756362915039,37.12910842895508,25.17376708984375,28.2214412689209,136.40670776367188,19.374486923217773,51.27112579345703
2013-10-16,15.41099739074707,15.524499893188477,63.79379653930664,38.32863998413086,25.401046752929688,28.344175338745117,138.3118133544922,19.694923400878906,51.578311920166016
2013-10-17,15.515250205993652,15.53849983215332,64.39591979980469,38.47770309448242,25.7686767578125,28.573287963867188,139.23617553710938,19.741817474365234,51.67873764038086
2013-10-18,15.650260925292969,16.446500778198242,64.15789031982422,38.54158020019531,25.92243003845215,28.606019973754883,140.1766815185547,19.723583221435547,51.7200927734375
2013-10-21,16.03376579284668,16.32200050354004,63.8568229675293,38.52030563354492,25.94917106628418,28.630563735961914,140.18467712402344,19.577693939208984,51.53105545043945
2013-10-22,15.987942695617676,16.62700080871582,64.66899871826172,38.05892562866211,26.12964630126953,28.295080184936523,140.99652099609375,19.882488250732422,51.974117279052734
2013-10-23,16.144481658935547,16.33799934387207,64.48696899414062,37.4414176940918,26.12964630126953,27.62411880493164,140.32130432128906,19.773075103759766,51.755523681640625
2013-10-24,16.35821533203125,16.61050033569336,64.66201782226562,37.249759674072266,25.935802459716797,27.591388702392578,140.78756713867188,19.908546447753906,52.23404312133789
2013-10-25,16.175230026245117,18.16950035095215,64.47996520996094,37.45560836791992,26.08954620361328,29.236068725585938,141.43057250976562,19.81997299194336,51.96823501586914
2013-10-28,16.29578399658203,17.908000946044922,64.69002532958984,37.391727447509766,26.477237701416016,29.105154037475586,141.65562438964844,20.096111297607422,52.121822357177734
2013-10-29,15.889835357666016,18.135000228881836,65.21516418457031,37.427207946777344,26.604246139526367,29.064231872558594,142.4112091064453,20.075273513793945,52.535335540771484
2013-10-30,16.142637252807617,18.054000854492188,64.9700927734375,37.33494567871094,26.483928680419922,29.08060073852539,141.70384216308594,20.03620147705078,52.464439392089844
2013-10-31,16.074975967407227,18.201499938964844,64.84403991699219,36.58256912231445,26.45050811767578,28.974227905273438,141.3019256591797,19.99451446533203,52.942970275878906
2013-11-01,15.99285888671875,17.950000762939453,65.376220703125,37.27106475830078,26.477237701416016,29.072423934936523,141.63949584960938,20.077880859375,53.06108474731445
2013-11-04,16.19952392578125,17.937000274658203,65.13816833496094,36.937461853027344,26.410400390625,29.407907485961914,142.13790893554688,20.145618438720703,54.407997131347656
2013-11-05,16.1595458984375,17.944499969482422,64.98410034179688,36.87358093261719,26.403717041015625,29.980680465698242,141.68775939941406,20.169055938720703,54.342987060546875
2013-11-06,16.11376953125,17.80900001525879,65.14515686035156,36.98005294799805,26.771364212036133,31.240785598754883,142.4112091064453,20.36183738708496,55.06964874267578
2013-11-07,15.852997779846191,17.17799949645996,64.90007781982422,36.660640716552734,26.624298095703125,30.684368133544922,140.61065673828125,20.192502975463867,54.69493103027344
2013-11-08,16.102630615234375,17.515499114990234,65.85234832763672,38.30025863647461,26.771364212036133,30.913475036621094,142.50762939453125,20.309738159179688,55.152915954589844
2013-11-11,16.05591583251953,17.7189998626709,66.0203628540039,38.39962387084961,26.651044845581055,30.758012771606445,142.53175354003906,20.58327865600586,55.289695739746094
2013-11-12,16.08562469482422,17.476499557495117,65.50922393798828,38.307350158691406,26.657724380493164,30.5698184967041,142.24240112304688,20.5051212310791,55.11722946166992
2013-11-13,16.10479736328125,17.81100082397461,65.35519409179688,38.428016662597656,26.818145751953125,31.22442626953125,143.38381958007812,20.55461883544922,55.06962585449219
2013-11-14,16.33772850036621,18.3700008392334,65.76131439208984,38.612579345703125,26.87831687927246,31.109865188598633,144.09921264648438,20.601516723632812,55.44435119628906
2013-11-15,16.23966407775879,18.458499908447266,66.09039306640625,38.946163177490234,26.885009765625,30.96258544921875,144.72616577148438,20.637990951538086,56.66362380981445
2013-11-18,16.042922973632812,18.30900001525879,66.02737426757812,39.56367492675781,26.851577758789062,30.43888282775879,144.2197723388672,20.637990951538086,56.770694732666016
2013-11-19,16.07138442993164,18.246999740600586,66.41947174072266,39.85469436645508,26.831531524658203,30.290496826171875,143.9062957763672,20.645801544189453,56.75283432006836
2013-11-20,15.930642127990723,18.12849998474121,66.62255096435547,39.81920623779297,26.778038024902344,30.570812225341797,143.45616149902344,20.55461883544922,56.31270980834961
2013-11-21,16.12057113647461,18.445999145507812,66.65752410888672,40.61416244506836,27.025373458862305,30.83464241027832,144.61366271972656,20.54420280456543,56.318668365478516
2013-11-22,16.079124450683594,18.61549949645996,67.15814208984375,40.784515380859375,27.025373458862305,30.974775314331055,145.33709716796875,20.791698455810547,56.509010314941406
2013-11-25,16.200998306274414,18.832000732421875,67.42605590820312,40.91939163208008,26.985260009765625,31.03250503540039,145.19239807128906,20.95320701599121,56.55657196044922
2013-11-26,16.49981117248535,19.068500518798828,67.02418518066406,40.578678131103516,26.905052185058594,30.793413162231445,145.23255920410156,21.018341064453125,56.06886291503906
2013-11-27,16.88832664489746,19.335500717163086,66.96778106689453,40.7987174987793,27.053136825561523,30.999526977539062,145.58619689941406,21.083471298217773,55.789306640625
2013-11-29,17.201080322265625,19.680999755859375,66.74217224121094,40.61416244506836,27.053136825561523,31.436492919921875,145.48976135253906,21.10430908203125,55.5989875793457
2013-12-02,17.051349639892578,19.614999771118164,66.47423553466797,40.443817138671875,26.979095458984375,31.700313568115234,145.1120147705078,21.130361557006836,55.62277603149414
2013-12-03,17.518138885498047,19.232999801635742,66.2556381225586,40.358646392822266,27.160842895507812,31.584896087646484,144.48507690429688,21.156417846679688,56.14022445678711
2013-12-04,17.47730827331543,19.29800033569336,66.01590728759766,40.592872619628906,27.174301147460938,32.10429763793945,144.4689483642578,21.020158767700195,56.3067626953125
2013-12-05,17.5670108795166,19.22450065612793,65.55056762695312,39.62046813964844,26.810806274414062,31.329303741455078,143.83395385742188,20.81576919555664,55.98556900024414
2013-12-06,17.323265075683594,19.34749984741211,66.58702850341797,39.790809631347656,27.234886169433594,31.626115798950195,145.44154357910156,20.946788787841797,56.88962173461914
2013-12-09,17.52154541015625,19.24449920654297,66.58702850341797,40.110206604003906,27.19449806213379,31.91466522216797,145.8113250732422,20.94940948486328,57.00263595581055
2013-12-10,17.494312286376953,19.388999938964844,66.3755111694336,40.24507522583008,26.824281692504883,31.420001983642578,145.28883361816406,20.7214412689209,56.92531967163086
2013-12-11,17.36470603942871,19.109500885009766,65.64929962158203,39.797908782958984,27.012752532958984,31.007766723632812,143.6571044921875,20.724061965942383,56.06290817260742
2013-12-12,17.339345932006836,19.0625,64.27440643310547,39.968257904052734,26.39348030090332,30.686235427856445,143.1828155517578,20.56946563720703,56.717124938964844
2013-12-13,17.150346755981445,19.211999893188477,64.40837860107422,39.868892669677734,26.406930923461914,30.249279022216797,143.1668243408203,20.459409713745117,56.68738555908203
2013-12-16,17.245304107666016,19.44849967956543,64.42244720458984,40.04633712768555,26.43385887145996,30.414155960083008,144.0590362548828,20.370325088500977,57.823421478271484
2013-12-17,17.16766357421875,19.38249969482422,63.92189407348633,39.54948425292969,26.31943702697754,30.109115600585938,143.60086059570312,20.241928100585938,57.54387664794922
2013-12-18,17.037124633789062,19.79800033569336,65.31790924072266,40.62836456298828,26.93870735168457,30.158588409423828,146.0525360107422,20.42272186279297,59.20328903198242
2013-12-19,16.841934204101562,19.75950050354004,64.85254669189453,40.621253967285156,26.83100700378418,29.88651466369629,145.88369750976562,20.239301681518555,59.13785171508789
2013-12-20,16.982990264892578,20.110000610351562,64.93009948730469,40.95486068725586,26.95216941833496,30.33995819091797,146.73220825195312,20.28908920288086,58.6917839050293
2013-12-23,17.634761810302734,20.145999908447266,64.88778686523438,41.338157653808594,27.032949447631836,30.191572189331055,147.51614379882812,20.404380798339844,58.59067916870117
2013-12-24,17.559898376464844,19.959999084472656,64.90896606445312,41.345252990722656,27.053136825561523,30.570812225341797,147.8394775390625,20.44106674194336,59.01294708251953
2013-12-26,17.443279266357422,20.219499588012695,65.24738311767578,41.30976486206055,27.255084991455078,30.867612838745117,148.59104919433594,20.540632247924805,60.012168884277344
2013-12-27,17.325422286987305,19.90399932861328,65.11343383789062,41.26717758178711,27.3695068359375,30.743946075439453,148.58294677734375,20.561603546142578,60.37498092651367
2013-12-30,17.15312385559082,19.668500900268555,65.07816314697266,41.13231658935547,27.65895652770996,30.743946075439453,148.5587615966797,20.603519439697266,59.6612548828125
2013-12-31,17.354190826416016,19.93950080871582,64.57758331298828,41.508487701416016,27.807048797607422,30.84288787841797,149.26185607910156,20.619245529174805,60.19060516357422
2014-01-02,17.110130310058594,19.898500442504883,64.1827392578125,41.58708953857422,27.3695068359375,30.63677215576172,147.8313751220703,20.676895141601562,59.328182220458984
2014-01-03,16.73428726196289,19.82200050354004,64.76089477539062,41.90858840942383,27.234886169433594,30.430660247802734,147.8071746826172,20.608768463134766,59.18544387817383
2014-01-06,16.825542449951172,19.681499481201172,65.09933471679688,42.15149688720703,27.106990814208984,29.78757095336914,147.37879943847656,20.493471145629883,59.27463150024414
2014-01-07,16.705215454101562,19.901500701904297,66.48128509521484,41.66567611694336,27.187761306762695,30.01842498779297,148.2839813232422,20.55636215209961,60.113285064697266
2014-01-08,16.81100082397461,20.09600067138672,66.3896255493164,42.05862045288086,26.884864807128906,29.48253059387207,148.31625366210938,20.39389419555664,59.916996002197266
2014-01-09,16.596330642700195,20.050500869750977,66.79151916503906,41.98002243041992,26.74350357055664,29.29291534423828,148.41317749023438,20.4620304107666,59.33412551879883
2014-01-10,16.485580444335938,19.882999420166016,66.79854583740234,41.78713607788086,27.012752532958984,29.713380813598633,148.81739807128906,20.44892120361328,59.7861442565918
2014-01-13,16.571895599365234,19.548999786376953,66.62934875488281,41.22272491455078,26.608871459960938,28.839447021484375,146.8373260498047,20.3048152923584,58.61445236206055
2014-01-14,16.901639938354492,19.87700080871582,66.7844467163086,41.251319885253906,26.716575622558594,29.4990177154541,148.43748474121094,20.427967071533203,58.953495025634766
2014-01-15,17.240976333618164,19.793500900268555,66.84086608886719,42.501564025878906,26.763696670532227,30.306989669799805,149.23760986328125,20.349353790283203,58.751251220703125
2014-01-16,17.144777297973633,19.790000915527344,66.72803497314453,42.144344329833984,26.73003387451172,30.414155960083008,149.04364013671875,20.113529205322266,58.846412658691406
2014-01-17,16.72470474243164,19.980499267578125,67.02418518066406,41.515655517578125,26.44059181213379,29.993688583374023,148.41317749023438,19.964174270629883,58.97724533081055
2014-01-21,16.984540939331055,20.352500915527344,66.29795837402344,41.558494567871094,26.871387481689453,29.82054901123047,148.84967041015625,19.87245750427246,58.58472442626953
2014-01-22,17.06001853942871,20.226999282836914,66.50241088867188,41.14414978027344,26.857942581176758,29.62268829345703,148.94667053222656,19.744064331054688,58.21598434448242
2014-01-23,17.204483032226562,19.993499755859375,65.38843536376953,40.34397506713867,26.413663864135742,29.72986602783203,147.72625732421875,19.641883850097656,57.67472839355469
2014-01-24,16.891742706298828,19.3799991607666,63.88661193847656,39.358062744140625,26.14442253112793,30.34819793701172,144.57440185546875,19.50037384033203,56.413814544677734
2014-01-27,17.028772354125977,19.31399917602539,63.414215087890625,39.358062744140625,26.070369720458984,29.70513916015625,143.8632354736328,19.42962646484375,56.455440521240234
2014-01-28,15.66771411895752,19.721500396728516,63.52702331542969,39.82244110107422,26.164602279663086,29.90300178527832,144.71995544433594,19.565881729125977,56.88962173461914
2014-01-29,15.48984146118164,19.209999084472656,62.68093490600586,39.67240905761719,25.511680603027344,30.224546432495117,143.32984924316406,19.416522979736328,56.56846237182617
2014-01-30,15.45984172821045,20.15049934387207,63.10398864746094,40.00819778442383,25.693408966064453,30.389432907104492,144.84922790527344,19.586849212646484,55.90229797363281
2014-01-31,15.485203742980957,17.934499740600586,62.37776565551758,39.55095291137695,25.457820892333984,31.19740867614746,144.0006103515625,19.568504333496094,54.81386947631836
2014-02-03,15.513965606689453,17.3075008392334,61.18617248535156,38.800804138183594,25.04047966003418,30.076147079467773,140.75982666015625,19.039199829101562,53.55893325805664
2014-02-04,15.738547325134277,17.397499084472656,61.073360443115234,39.25804138183594,25.22895050048828,29.968955993652344,141.7458038330078,19.057537078857422,53.541080474853516
2014-02-05,15.856094360351562,17.322500228881836,61.53871154785156,39.443790435791016,25.31646728515625,29.531997680664062,141.56800842285156,19.094228744506836,53.27938461303711
2014-02-06,15.948515892028809,17.72949981689453,62.57517623901367,40.35112762451172,25.599180221557617,29.82880210876465,143.4348907470703,19.08112144470215,53.788516998291016
2014-02-07,16.17164421081543,18.054000854492188,63.484710693359375,40.451141357421875,25.54532814025879,30.14208984375,145.21286010742188,19.32481575012207,54.2557373046875
2014-02-10,16.461345672607422,18.043500900268555,64.21092987060547,40.53689193725586,25.962663650512695,30.33995819091797,145.47958374023438,19.32743263244629,53.620792388916016
2014-02-11,16.678245544433594,18.089500427246094,65.55056762695312,41.02982711791992,26.00979232788086,30.645008087158203,147.0717010498047,19.599946975708008,54.41144943237305
2014-02-12,16.677003860473633,17.462499618530273,65.16279602050781,41.09413528442383,25.922285079956055,30.892351150512695,147.1444549560547,19.641883850097656,54.55522537231445
2014-02-13,16.94182014465332,17.860000610351562,65.26146697998047,41.458492279052734,26.016523361206055,31.007766723632812,147.9040985107422,19.746681213378906,54.76485061645508
2014-02-14,16.928125381469727,17.86750030517578,65.40252685546875,41.544227600097656,26.204998016357422,31.01602554321289,148.72035217285156,19.859359741210938,56.370121002197266
2014-02-18,16.9903621673584,17.6825008392334,64.98653411865234,41.78713607788086,25.222227096557617,31.08246421813965,148.89813232421875,19.738821029663086,56.34617614746094
2014-02-19,16.722118377685547,17.368999481201172,64.61286163330078,40.90837860107422,24.97315216064453,31.1572208404541,147.91221618652344,19.613040924072266,56.27428436279297
2014-02-20,16.528566360473633,17.489999771118164,65.13458251953125,41.13699722290039,25.107791900634766,31.356584548950195,148.78501892089844,19.264545440673828,57.12482833862305
2014-02-21,16.34496307373047,17.33799934387207,64.99254608154297,41.1584358215332,25.02701759338379,31.547616958618164,148.6153564453125,19.15973472595215,56.92118453979492
2014-02-24,16.416528701782227,17.589000701904297,64.70140838623047,41.458492279052734,25.242422103881836,31.30673599243164,149.43963623046875,19.220001220703125,57.765750885009766
2014-02-25,16.245698928833008,17.916000366210938,64.70140838623047,40.744049072265625,25.42416763305664,31.182144165039062,149.38304138183594,19.220001220703125,57.68788146972656
2014-02-26,16.099132537841797,17.989999771118164,64.70140838623047,40.54401779174805,25.49147605895996,31.124000549316406,149.3911895751953,19.594703674316406,57.37641525268555
2014-02-27,16.42026710510254,18.006500244140625,64.87893676757812,40.501163482666016,25.626110076904297,31.447933197021484,150.1751251220703,19.53706169128418,57.4063720703125
2014-02-28,16.375770568847656,18.104999542236328,65.41864776611328,40.59403610229492,25.71361541748047,31.821739196777344,150.554931640625,19.573747634887695,57.663917541503906
2014-03-03,16.42307472229004,17.98900032043457,65.02096557617188,40.158226013183594,25.659757614135742,31.38150405883789,149.4962158203125,19.421756744384766,57.20270538330078
2014-03-04,16.531362533569336,18.19499969482422,66.28501892089844,40.90837860107422,25.78765869140625,31.904787063598633,151.59744262695312,19.686416625976562,57.81365203857422
2014-03-05,16.566221237182617,18.618499755859375,65.75244140625,41.55136489868164,25.814565658569336,31.655609130859375,151.73492431640625,19.599946975708008,56.18443298339844
2014-03-06,16.516115188598633,18.607999801635742,65.96546173095703,42.08005142211914,25.89535903930664,31.688817977905273,152.08236694335938,19.620908737182617,56.16048049926758
2014-03-07,16.506465911865234,18.60300064086914,66.27081298828125,42.437259674072266,25.949193954467773,31.481168746948242,152.1470184326172,19.668386459350586,56.8972282409668
2014-03-10,16.521406173706055,18.526500701904297,66.36312103271484,42.294376373291016,26.016523361206055,31.414722442626953,152.06619262695312,19.628820419311523,57.20270538330078
2014-03-11,16.68228530883789,18.44099998474121,66.39154052734375,41.57279968261719,26.117488861083984,31.580854415893555,151.31463623046875,19.758045196533203,56.310218811035156
2014-03-12,16.69846534729004,18.531999588012695,66.4696273803711,41.379905700683594,26.10053062438965,31.78851318359375,151.35501098632812,19.918912887573242,56.43003845214844
2014-03-13,16.51300811767578,18.57550048828125,66.04357147216797,41.02267837524414,25.76129722595215,31.472862243652344,149.6578369140625,19.760679244995117,56.0886116027832
2014-03-14,16.327543258666992,18.687000274658203,65.90864562988281,40.579750061035156,25.896991729736328,31.31505012512207,149.23760986328125,19.58926010131836,55.98676681518555
2014-03-17,16.391332626342773,18.75200080871582,66.70402526855469,41.13699722290039,25.964834213256836,31.60576820373535,150.58718872070312,19.694751739501953,56.495914459228516
2014-03-18,16.536338806152344,18.938499450683594,66.71110534667969,41.479923248291016,26.05303382873535,32.85172653198242,151.66217041015625,19.71848487854004,56.72951889038086
2014-03-19,16.531982421875,18.661500930786133,66.46256256103516,41.651390075683594,25.87663459777832,32.619163513183594,150.8539581298828,19.615631103515625,56.14253234863281
2014-03-20,16.452322006225586,18.44849967956543,66.83892822265625,42.944522857666016,26.086963653564453,33.49961853027344,151.73492431640625,19.87935447692871,56.651668548583984
2014-03-21,16.582082748413086,18.0310001373291,68.12430572509766,42.98737716674805,26.080169677734375,33.35841369628906,151.1463623046875,20.069236755371094,56.48991394042969
2014-03-24,16.77875518798828,17.592500686645508,67.60592651367188,43.6303596496582,26.05303382873535,33.64083480834961,150.52130126953125,20.243295669555664,56.687583923339844
2014-03-25,16.959245681762695,17.73550033569336,69.15402221679688,43.53035354614258,26.202293395996094,33.50794219970703,151.23565673828125,20.272300720214844,56.849300384521484
2014-03-26,16.7971134185791,17.170499801635742,68.91964721679688,42.79448318481445,26.195514678955078,33.051082611083984,150.1479034423828,20.103525161743164,56.7235107421875
2014-03-27,16.724918365478516,16.923500061035156,69.0830078125,42.80876159667969,26.337987899780273,32.69390106201172,149.8313446044922,20.07978057861328,57.64595413208008
2014-03-28,16.70625114440918,16.914499282836914,69.19660949707031,42.89449691772461,26.426198959350586,33.474708557128906,150.57000732421875,20.04549789428711,58.52046585083008
2014-03-31,16.702518463134766,16.818500518798828,69.75762939453125,43.3731689453125,26.229433059692383,34.04784393310547,151.8038787841797,20.156261444091797,58.50849914550781
2014-04-01,16.855304718017578,17.149499893188477,69.55169677734375,43.34458923339844,26.059823989868164,34.40502166748047,152.81045532226562,20.24593162536621,58.53843688964844
2014-04-02,16.883319854736328,17.097999572753906,69.75762939453125,43.481178283691406,26.00554847717285,34.34687423706055,153.32180786132812,20.35405921936035,58.670223236083984
2014-04-03,16.766307830810547,16.680999755859375,69.77896118164062,43.61058807373047,25.829143524169922,34.0644416809082,153.11883544921875,20.42789649963379,58.658241271972656
2014-04-04,16.54941749572754,16.149999618530273,69.89254760742188,42.999507904052734,25.930908203125,33.117530822753906,151.30868530273438,20.388343811035156,58.316829681396484
2014-04-07,16.289573669433594,15.887999534606934,69.51618957519531,42.417171478271484,26.202293395996094,33.05938720703125,149.63650512695312,20.388343811035156,57.96940994262695
2014-04-08,16.288639068603516,16.353500366210938,69.63691711425781,42.309326171875,26.39227294921875,33.075992584228516,150.25340270996094,20.617769241333008,58.3707275390625
2014-04-09,16.502735137939453,16.590499877929688,70.2689437866211,42.611289978027344,26.453332901000977,33.61591720581055,151.86883544921875,20.56239128112793,58.29884719848633
2014-04-10,16.289886474609375,15.855500221252441,68.5574722290039,41.26687240600586,26.38547706604004,32.69390106201172,148.6786346435547,20.277572631835938,57.96940994262695
2014-04-11,16.169452667236328,15.58650016784668,68.79183959960938,39.757102966308594,26.209095001220703,32.569305419921875,147.33929443359375,20.174718856811523,57.93345642089844
2014-04-14,16.233871459960938,15.795499801635742,68.98358917236328,39.51266860961914,26.276926040649414,32.54439163208008,148.50010681152344,20.406801223754883,58.61629104614258
2014-04-15,16.11810874938965,15.803999900817871,70.44646453857422,39.39762878417969,27.26070213317871,33.017845153808594,149.52288818359375,20.274932861328125,59.10747146606445
2014-04-16,16.15078353881836,16.18400001525879,70.12690734863281,39.72834777832031,27.53887176513672,33.55776596069336,151.0894775390625,20.36461067199707,59.8621711730957
2014-04-17,16.33531951904297,16.245500564575195,70.27603149414062,39.69959259033203,27.627077102661133,33.23380661010742,151.3005828857422,20.48063850402832,60.149696350097656
2014-04-21,16.529184341430664,16.543500900268555,71.01461029052734,39.562992095947266,27.647430419921875,33.17567443847656,151.82823181152344,20.46481704711914,60.45517349243164
2014-04-22,16.545673370361328,16.465999603271484,71.1424331665039,40.12376022338867,27.620290756225586,33.217220306396484,152.5181884765625,20.454275131225586,60.11975860595703
2014-04-23,16.329402923583984,16.229000091552734,71.17081451416016,40.29630661010742,27.633865356445312,32.968013763427734,152.16104125976562,20.580854415893555,60.197608947753906
2014-04-24,17.668123245239258,16.857500076293945,70.98619842529297,40.39695739746094,27.613508224487305,33.109222412109375,152.46951293945312,20.652061462402344,59.904117584228516
2014-04-25,17.797887802124023,15.191499710083008,70.86544799804688,40.044677734375,27.823827743530273,33.1507568359375,151.21942138671875,20.733816146850586,60.143714904785156
2014-04-28,18.48715591430664,14.829000473022461,71.96617126464844,39.89371109008789,27.83740234375,33.94816970825195,151.6983184814453,21.034456253051758,60.598941802978516
2014-04-29,18.432390213012695,15.019000053405762,71.74605560302734,40.33225631713867,27.525304794311523,33.64913558959961,152.4045867919922,21.010723114013672,60.766639709472656
2014-04-30,18.36268424987793,15.206500053405762,71.93070220947266,40.24597930908203,27.674571990966797,33.55776596069336,152.85911560058594,21.021272659301758,61.341670989990234
2014-05-01,18.40593719482422,15.394499778747559,71.39096069335938,40.05906295776367,27.66777992248535,33.22550964355469,152.87538146972656,21.018632888793945,60.74268341064453
2014-05-02,18.44016456604004,15.400500297546387,70.52458190917969,39.95840835571289,27.783111572265625,32.968013763427734,152.65615844726562,20.86568260192871,61.10207748413086
2014-05-05,18.700942993164062,15.5024995803833,71.01461029052734,38.98066329956055,27.654207229614258,32.75203323364258,152.94837951660156,20.733816146850586,61.641151428222656
2014-05-06,18.497116088867188,14.869000434875488,70.6666259765625,38.34799575805664,27.471019744873047,32.4447021484375,151.6171875,20.57294273376465,61.49740219116211
2014-05-07,18.432390213012695,14.635499954223633,71.66081237792969,38.858436584472656,27.75597381591797,32.74375534057617,152.51002502441406,20.687047958374023,61.760963439941406
2014-05-08,18.399532318115234,14.416000366210938,71.3696517944336,39.0813102722168,27.633865356445312,32.92648696899414,152.3477325439453,20.88075828552246,61.28776550292969
2014-05-09,18.32286834716797,14.612000465393066,71.66081237792969,38.829681396484375,27.72884750366211,32.843414306640625,152.57504272460938,21.016080856323242,61.4807243347168
2014-05-12,18.55099105834961,15.142999649047852,71.38384246826172,39.28980255126953,27.69491195678711,33.20059585571289,154.0604705810547,21.002822875976562,61.64958190917969
2014-05-13,18.580095291137695,15.232000350952148,71.73896026611328,39.268218994140625,27.891666412353516,33.811241149902344,154.19850158691406,21.000158309936523,61.72798538208008
2014-05-14,18.583520889282227,14.880999565124512,71.63243103027344,39.0813102722168,27.74240493774414,33.66067123413086,153.46792602539062,20.894027709960938,61.6857795715332
2014-05-15,18.42551612854004,14.759499549865723,71.50457000732422,38.470211029052734,27.49138069152832,33.125308990478516,152.12045288085938,20.38719367980957,60.775150299072266
2014-05-16,18.697431564331055,14.885000228881836,71.42646789550781,38.32642364501953,27.74240493774414,33.31771469116211,152.64810180664062,20.434967041015625,60.75102615356445
2014-05-19,18.91898536682129,14.838000297546387,71.46905517578125,38.70027542114258,27.620290756225586,33.25078201293945,153.20816040039062,20.32881736755371,60.829444885253906
2014-05-20,18.922739028930664,15.059499740600586,71.19214630126953,38.621177673339844,27.532079696655273,33.19221496582031,152.2421875,20.084692001342773,60.70884704589844
2014-05-21,18.972808837890625,15.250499725341797,71.82415771484375,38.908756256103516,27.72884750366211,33.75267791748047,153.52481079101562,20.076732635498047,61.528961181640625
2014-05-22,19.002843856811523,15.245499610900879,72.19600677490234,39.2178955078125,27.532079696655273,33.54356002807617,153.89813232421875,20.00509262084961,61.20935821533203
2014-05-23,19.21751594543457,15.612000465393066,72.2103042602539,39.203521728515625,27.532079696655273,33.560279846191406,154.51504516601562,20.06346321105957,61.100833892822266
2014-05-27,19.577375411987305,15.541000366210938,72.08872985839844,39.642086029052734,27.66100311279297,33.61884307861328,155.46481323242188,20.058151245117188,61.12493133544922
2014-05-28,19.526676177978516,15.508000373840332,71.72404479980469,39.86494445800781,27.532079696655273,33.468265533447266,155.35118103027344,20.04222869873047,60.944007873535156
2014-05-29,19.882474899291992,15.689000129699707,72.0530014038086,40.05906295776367,27.586368560791016,33.74433517456055,156.1547088623047,20.161645889282227,61.070682525634766
2014-05-30,19.80799674987793,15.6274995803833,72.5535659790039,39.95121765136719,27.75597381591797,34.2462043762207,156.4064178466797,20.371278762817383,60.62441635131836
2014-06-02,19.6718807220459,15.442000389099121,73.061279296875,39.793067932128906,27.722064971923828,34.120750427246094,156.5850372314453,20.368623733520508,60.268619537353516
2014-06-03,19.950069427490234,15.35949993133545,73.26866149902344,39.97278594970703,27.735628128051758,33.702491760253906,156.5038299560547,20.35535430908203,60.53999328613281
2014-06-04,20.17786979675293,15.33899974822998,73.42597961425781,40.030303955078125,27.674571990966797,33.72759246826172,156.82044982910156,20.466798782348633,60.32890319824219
2014-06-05,20.257043838500977,16.178499221801758,73.8121109008789,40.71329879760742,27.74240493774414,34.47207260131836,157.8432159423828,20.5172176361084,60.63648986816406
2014-06-06,20.201339721679688,16.48349952697754,73.7835464477539,40.957725524902344,27.81025505065918,34.69792175292969,158.59808349609375,20.48802947998047,61.26966094970703
2014-06-09,20.524587631225586,16.375,73.8121109008789,41.2812385559082,27.75597381591797,34.52225875854492,158.760498046875,20.434967041015625,61.2214241027832
2014-06-10,20.645061492919922,16.620500564575195,74.44141387939453,41.6263542175293,27.86454200744629,34.38842010498047,158.77670288085938,20.331470489501953,61.18522644042969
2014-06-11,20.559629440307617,16.760000228881836,73.88362121582031,41.17341232299805,27.722064971923828,34.17930221557617,158.22474670410156,20.209407806396484,61.4807243347168
2014-06-12,20.215744018554688,16.295499801635742,73.3187026977539,41.008052825927734,27.62978172302246,33.94508743286133,157.10450744628906,20.095312118530273,61.305877685546875
2014-06-13,19.994497299194336,16.313499450683594,73.3187026977539,41.008052825927734,27.59560203552246,34.48880386352539,157.5834503173828,19.97589683532715,61.90287780761719
2014-06-16,20.196016311645508,16.381000518798828,73.26150512695312,40.88584899902344,27.793825149536133,34.71465301513672,157.71337890625,19.9918155670166,62.06568145751953
2014-06-17,20.16973876953125,16.2810001373291,72.88964080810547,41.2812385559082,27.971567153930664,34.865230560302734,158.15164184570312,19.898948669433594,61.76416015625
2014-06-18,20.19163703918457,16.7189998626709,73.5189437866211,41.540061950683594,28.409042358398438,34.840126037597656,159.31248474121094,20.08734893798828,61.951133728027344
2014-06-19,20.121551513671875,16.350000381469727,74.23404693603516,41.194976806640625,28.566259384155273,34.7230110168457,159.49105834960938,20.132457733154297,61.89082717895508
2014-06-20,19.913454055786133,16.209999084472656,75.278076171875,41.37470626831055,28.497907638549805,34.865230560302734,159.81488037109375,20.08203125,62.61445999145508
2014-06-23,19.895931243896484,16.36199951171875,74.90620422363281,41.8348274230957,28.52524757385254,35.124542236328125,159.7659149169922,20.111228942871094,62.94611358642578
2014-06-24,19.775455474853516,16.20800018310547,74.79179382324219,41.2812385559082,28.607275009155273,34.923797607421875,158.80348205566406,20.15899085998535,61.951133728027344
2014-06-25,19.792985916137695,16.371999740600586,75.62847900390625,41.36033630371094,28.682458877563477,35.157997131347656,159.52125549316406,20.066120147705078,61.59531784057617
2014-06-26,19.9112606048584,16.284500122070312,75.54979705810547,41.25968551635742,28.730316162109375,34.89868927001953,159.40704345703125,19.877710342407227,61.528961181640625
2014-06-27,20.147829055786133,16.228500366210938,75.07783508300781,41.36033630371094,28.83968162536621,35.342041015625,159.71694946289062,19.9918155670166,61.034488677978516
2014-06-30,20.355926513671875,16.23900032043457,74.81326293945312,41.425052642822266,28.955902099609375,34.881961822509766,159.63540649414062,19.920177459716797,60.71485900878906
2014-07-01,20.485164642333984,16.61949920654297,75.70711517333984,41.67841339111328,28.908048629760742,35.0241584777832,160.70391845703125,19.97589683532715,61.12493133544922
2014-07-02,20.47640037536621,16.642499923706055,75.69998931884766,41.244041442871094,28.908048629760742,35.04926300048828,160.86703491210938,20.066120147705078,61.25157928466797
2014-07-03,20.596872329711914,16.874500274658203,75.38533782958984,41.30195999145508,28.86703109741211,34.96561050415039,161.6581573486328,20.100610733032227,61.86669158935547
2014-07-07,21.02182388305664,16.677499771118164,76.13617706298828,41.02685546875,28.805503845214844,35.124542236328125,161.0954132080078,20.185527801513672,61.90287780761719
2014-07-08,20.886018753051758,16.190500259399414,75.599853515625,40.36805725097656,28.668787002563477,34.94887161254883,160.05953979492188,20.339426040649414,62.01142883300781
2014-07-09,20.894777297973633,16.49850082397461,75.82868194580078,40.55628204345703,28.67563247680664,34.85686492919922,160.7772979736328,20.48802947998047,62.44562911987305
2014-07-10,20.818115234375,16.395999908447266,75.65707397460938,40.22325897216797,28.88753318786621,34.87359619140625,160.14109802246094,20.448219299316406,61.85462951660156
2014-07-11,20.85753631591797,17.309999465942383,75.15650177001953,40.397003173828125,28.68931007385254,35.208187103271484,160.36134338378906,20.38454246520996,61.35408020019531
2014-07-14,21.126964569091797,17.766000747680664,75.35670471191406,40.751747131347656,28.96957015991211,35.25001907348633,161.16879272460938,20.31289291381836,61.92094039916992
2014-07-15,20.879438400268555,17.722000122070312,73.85503387451172,42.185203552246094,28.77817153930664,35.50932693481445,160.86703491210938,20.38984489440918,61.74608612060547
2014-07-16,20.76116180419922,17.795000076293945,73.09703826904297,42.50373840332031,28.791841506958008,36.872833251953125,161.4624481201172,20.395160675048828,62.57827377319336
2014-07-17,20.390972137451172,17.622499465942383,71.77410125732422,41.888362884521484,28.72347640991211,37.249244689941406,159.6272430419922,20.32881736755371,61.69783401489258
2014-07-18,20.68449592590332,17.933000564575195,72.79669189453125,42.156246185302734,29.003738403320312,37.38308334350586,161.25852966308594,20.456192016601562,61.951133728027344
2014-07-21,20.57715606689453,17.988000869750977,72.41767883300781,42.163482666015625,28.983234405517578,37.508548736572266,160.9567413330078,20.371278762817383,62.16217041015625
2014-07-22,20.74802017211914,18.04199981689453,73.27583312988281,42.47478103637695,28.1561279296875,37.50019836425781,161.6581573486328,20.33677864074707,62.43959045410156
2014-07-23,21.2890625,17.906999588012695,73.07557678222656,42.71369552612305,27.896371841430664,37.53364944458008,162.0170135498047,20.429649353027344,62.86774826049805
2014-07-24,21.254016876220703,17.930500030517578,73.08273315429688,42.836761474609375,28.005735397338867,37.140506744384766,162.0252227783203,20.259828567504883,62.88584518432617
2014-07-25,21.394210815429688,16.20050048828125,73.01838684082031,42.72092819213867,28.026235580444336,37.22414779663086,161.2666473388672,20.15899085998535,62.222476959228516
2014-07-28,21.689910888671875,16.02050018310547,73.01838684082031,42.851234436035156,27.807506561279297,36.78080749511719,161.3319091796875,20.089994430541992,62.94011306762695
2014-07-29,21.549718856811523,16.0,72.91109466552734,42.45304870605469,27.581920623779297,36.713890075683594,160.6386260986328,20.018348693847656,62.44562911987305
2014-07-30,21.49933433532715,16.125499725341797,73.15424346923828,42.648521423339844,27.08292579650879,36.45456314086914,160.66310119628906,19.843219757080078,62.264713287353516
2014-07-31,20.94077491760254,15.649499893188477,71.5738754272461,41.750823974609375,26.85734748840332,36.10322952270508,157.4902801513672,19.52479362487793,59.66557693481445
2014-08-01,21.056865692138672,15.352999687194824,71.43801879882812,40.88930892944336,26.85734748840332,35.85228729248047,157.0090789794922,19.514183044433594,59.58113479614258
2014-08-04,20.938581466674805,15.682499885559082,71.62393951416016,41.01238250732422,26.932540893554688,36.27890396118164,158.142822265625,19.514183044433594,60.38319396972656
2014-08-05,20.835634231567383,15.616000175476074,71.38081359863281,40.585243225097656,26.782154083251953,36.03633117675781,156.60943603515625,19.46111297607422,59.21931076049805
2014-08-06,20.800594329833984,15.694499969482422,72.0172348022461,40.708316802978516,27.287992477416992,35.75191879272461,156.65834045410156,19.81902503967285,59.689693450927734
2014-08-07,20.798385620117188,15.572500228881836,71.45946502685547,40.47665023803711,26.898357391357422,36.16179275512695,155.81015014648438,19.752246856689453,59.261512756347656
2014-08-08,20.855627059936523,15.84000015258789,72.28182983398438,40.78794479370117,26.966733932495117,36.1367073059082,157.61265563964844,19.94456672668457,60.147987365722656
2014-08-11,21.130796432495117,15.916500091552734,72.33901977539062,40.77348327636719,27.048734664916992,36.1367073059082,158.0693817138672,19.86176109313965,59.95368957519531
2014-08-12,21.12639045715332,15.965999603271484,71.96003723144531,40.795188903808594,27.12393569946289,36.40438461303711,157.84918212890625,19.824369430541992,59.80794143676758
2014-08-13,21.405961990356445,16.31399917602539,72.7537841796875,41.063045501708984,27.30165672302246,36.872833251953125,158.9176788330078,19.77361488342285,60.17229080200195
2014-08-14,21.46319007873535,16.660499572753906,72.9540023803711,41.25129318237305,27.465721130371094,37.03176498413086,159.66802978515625,19.869773864746094,60.17229080200195
2014-08-15,21.56886863708496,16.681499481201172,72.3461685180664,41.084774017333984,27.944215774536133,37.46674728393555,159.63540649414062,19.738895416259766,60.135833740234375
2014-08-18,21.828615188598633,16.726499557495117,73.44029235839844,41.43227767944336,28.26548957824707,37.734405517578125,160.97305297851562,19.896486282348633,60.433406829833984
2014-08-19,22.130205154418945,16.756500244140625,73.62617492675781,41.67117691040039,28.20397186279297,38.15528106689453,161.8131561279297,20.000661849975586,60.415184020996094
2014-08-20,22.139007568359375,16.788999557495117,73.80496978759766,41.729103088378906,28.19713020324707,37.83542251586914,162.24542236328125,20.022029876708984,60.5427131652832
2014-08-21,22.141216278076172,16.64550018310547,74.50579833984375,42.35169982910156,28.306503295898438,38.06269454956055,162.7184600830078,20.17961311340332,60.287654876708984
2014-08-22,22.304105758666992,16.579500198364258,74.22499084472656,42.34446334838867,28.108266830444336,38.00376510620117,162.46563720703125,20.227693557739258,59.81400680541992
2014-08-25,22.352542877197266,16.701000213623047,74.31861877441406,42.9598388671875,28.306503295898438,38.02060317993164,163.2894287109375,20.21700668334961,59.965824127197266
2014-08-26,22.209457397460938,17.09149932861328,74.46978759765625,43.249412536621094,28.43638038635254,37.88590621948242,163.39547729492188,20.171598434448242,60.50628662109375
2014-08-27,22.482421875,17.159000396728516,74.31137084960938,43.14081573486328,28.43638038635254,37.76807403564453,163.3302001953125,20.259746551513672,60.43949508666992
2014-08-28,22.50883674621582,17.000999450683594,74.11701965332031,42.82951736450195,28.456892013549805,37.776493072509766,163.24050903320312,20.27309799194336,60.463775634765625
2014-08-29,22.563867568969727,16.95199966430664,74.67855834960938,43.03947067260742,28.518415451049805,38.23944854736328,163.70542907714844,20.166259765625,60.39695358276367
2014-09-02,22.739974975585938,17.118999481201172,74.41217803955078,43.198734283447266,28.463726043701172,37.9532470703125,163.62384033203125,20.23303985595703,59.80794143676758
2014-09-03,21.780189514160156,16.950000762939453,74.70014953613281,43.220462799072266,28.55942726135254,37.843833923339844,163.5341339111328,20.302488327026367,60.18442916870117
2014-09-04,21.599681854248047,17.297500610351562,74.75774383544922,43.22769546508789,28.620946884155273,38.096351623535156,163.297607421875,20.449390411376953,59.728981018066406
2014-09-05,21.786792755126953,17.319000244140625,75.17530822753906,43.372493743896484,28.600440979003906,38.64346694946289,164.0316925048828,20.703134536743164,60.27552032470703
2014-09-08,21.652507781982422,17.117000579833984,74.90892028808594,43.35801315307617,28.55942726135254,39.11482620239258,163.60751342773438,20.44137191772461,59.370723724365234
2014-09-09,21.571060180664062,16.487499237060547,74.72895812988281,42.75712203979492,28.668787002563477,39.35894775390625,162.57171630859375,20.49747085571289,59.139957427978516
2014-09-10,22.233667373657227,16.566499710083008,75.58564758300781,42.872962951660156,28.826021194458008,39.4262809753418,163.18338012695312,20.436031341552734,58.78776168823242
2014-09-11,22.32832908630371,16.525999069213867,75.26893615722656,43.26389694213867,28.88454246520996,39.56094741821289,163.37100219726562,20.326522827148438,58.921348571777344
2014-09-12,22.378955841064453,16.559499740600586,75.2905044555664,43.45936584472656,28.54716682434082,39.308441162109375,162.4167022705078,20.23837661743164,58.16230010986328
2014-09-15,22.372356414794922,16.194499969482422,75.39128875732422,43.39421081542969,28.574697494506836,38.921241760253906,162.29434204101562,20.24906349182129,58.47199630737305
2014-09-16,22.202850341796875,16.38800048828125,76.22640228271484,43.43041229248047,28.67108726501465,39.35894775390625,163.51783752441406,20.385278701782227,59.164268493652344
2014-09-17,22.361339569091797,16.200000762939453,76.44956970214844,43.662078857421875,28.650442123413086,39.15692901611328,163.7380828857422,20.363914489746094,58.95174026489258
2014-09-18,22.407577514648438,16.25,77.28470611572266,44.39326858520508,28.774372100830078,39.291603088378906,164.61085510253906,20.35857391357422,58.66630554199219
2014-09-19,22.224863052368164,16.56599998474121,77.74546813964844,44.241249084472656,28.95339584350586,39.99863815307617,164.46243286132812,20.524171829223633,58.97601318359375
2014-09-22,22.24687385559082,16.225000381469727,77.66624450683594,44.09645080566406,29.070449829101562,39.611446380615234,163.1923370361328,20.382612228393555,58.62379455566406
2014-09-23,22.594690322875977,16.181499481201172,77.3638916015625,44.11817932128906,28.84322738647461,39.19058609008789,162.2582244873047,20.192974090576172,58.314109802246094
2014-09-24,22.398771286010742,16.410499572753906,78.21344757080078,44.61771774291992,29.104873657226562,39.6282844543457,163.52825927734375,20.588275909423828,58.18659210205078
2014-09-25,21.54464340209961,16.096500396728516,77.104736328125,43.54624938964844,28.767494201660156,38.75289535522461,160.88966369628906,20.33186912536621,57.23320388793945
2014-09-26,22.178634643554688,16.160499572753906,77.104736328125,43.84306335449219,29.05668067932129,39.06432342529297,162.16799926757812,20.43068504333496,57.949737548828125
2014-09-29,22.03775405883789,16.090999603271484,76.70158386230469,43.67656326293945,29.091094970703125,39.089595794677734,161.87294006347656,20.321182250976562,57.3425178527832
2014-09-30,22.178634643554688,16.121999740600586,76.73755645751953,43.61140060424805,29.373411178588867,39.022247314453125,161.4468994140625,20.425352096557617,57.11174392700195
2014-10-01,21.83302879333496,15.873000144958496,75.08892059326172,43.27113723754883,29.428491592407227,38.635066986083984,159.25901794433594,20.33186912536621,56.38912582397461
2014-10-02,21.991519927978516,15.920499801635742,74.76493072509766,42.88485336303711,29.373411178588867,38.51720428466797,159.2835693359375,20.361249923706055,56.656307220458984
2014-10-03,21.92987632751465,16.136999130249023,75.68644714355469,43.94895553588867,29.607526779174805,38.79499435424805,161.03712463378906,20.652385711669922,57.03281784057617
2014-10-06,21.92987632751465,16.110000610351562,75.49208068847656,43.86149597167969,30.020647048950195,38.79499435424805,160.84872436523438,20.66040802001953,57.39716339111328
2014-10-07,21.738367080688477,15.848999977111816,73.7138442993164,43.1982536315918,30.2409725189209,38.3236198425293,158.3657684326172,20.647045135498047,56.698814392089844
2014-10-08,22.18964195251465,16.135000228881836,75.52806854248047,44.021846771240234,30.674766540527344,39.37575912475586,161.13555908203125,20.89811897277832,57.45182800292969
2014-10-09,22.238075256347656,15.768500328063965,73.49066925048828,43.059776306152344,30.206546783447266,38.59297180175781,157.93968200683594,20.796627044677734,55.757591247558594
2014-10-10,22.17423439025879,15.569499969482422,72.87871551513672,42.65162658691406,30.619686126708984,37.06103515625,156.1368865966797,20.91147232055664,55.62398910522461
2014-10-13,21.971704483032227,15.322500228881836,71.35967254638672,42.38923645019531,30.344257354736328,36.741172790527344,153.57208251953125,20.716495513916016,55.16249084472656
2014-10-14,21.738367080688477,15.415499687194824,69.8405990600586,42.265342712402344,30.048175811767578,36.808528900146484,153.80966186523438,20.82868003845215,54.98638153076172
2014-10-15,21.472002029418945,15.298500061035156,70.70453643798828,40.4724006652832,29.765884399414062,36.37923049926758,152.7689971923828,20.086130142211914,54.78599548339844
2014-10-16,21.190229415893555,15.142999649047852,69.67503356933594,40.14442825317383,29.30455780029297,35.9752082824707,152.63783264160156,19.717527389526367,55.016754150390625
2014-10-17,21.500621795654297,15.182000160217285,71.05725860595703,40.96072006225586,29.524900436401367,36.72434616088867,154.44065856933594,19.792316436767578,55.38717269897461
2014-10-20,21.960695266723633,15.310500144958496,71.41724395751953,41.27411651611328,29.807191848754883,37.103118896484375,155.94021606445312,20.07010269165039,55.72722244262695
2014-10-21,22.55726432800293,15.766500473022461,72.25239562988281,42.22160339355469,28.01009178161621,37.776493072509766,159.029541015625,20.30515480041504,56.86884689331055
2014-10-22,22.671737670898438,15.648500442504883,72.87153625488281,41.871768951416016,27.968765258789062,37.355648040771484,157.89866638183594,20.307823181152344,56.5531005859375
2014-10-23,23.0767879486084,15.659000396728516,73.88665008544922,42.31636428833008,28.1340389251709,37.89434814453125,159.7342529296875,20.366588592529297,57.1482048034668
2014-10-24,23.162643432617188,14.352999687194824,74.24659729003906,42.811973571777344,28.251081466674805,38.82865524291992,160.96339416503906,20.401308059692383,57.37895584106445
2014-10-27,23.138429641723633,14.498499870300293,74.92333984375,42.73907470703125,28.065168380737305,38.64346694946289,160.7421875,20.4574031829834,56.90530014038086
2014-10-28,23.49724769592285,14.779500007629395,75.44168090820312,43.46064758300781,27.927461624145508,39.13167190551758,162.58592224121094,20.393306732177734,57.7493896484375
2014-10-29,23.629329681396484,14.706000328063965,75.99600219726562,43.21283721923828,28.202878952026367,39.2410888671875,162.34007263183594,20.40398597717285,57.4396858215332
2014-10-30,23.550081253051758,14.953499794006348,77.06153106689453,43.28571319580078,28.50583839416504,38.761329650878906,163.38079833984375,20.42000389099121,57.354644775390625
2014-10-31,23.774616241455078,15.27299976348877,77.59429168701172,44.080142974853516,28.836347579956055,39.518863677978516,165.2490997314453,20.371925354003906,58.727054595947266
2014-11-03,24.082807540893555,15.28600025177002,77.3638916015625,44.371673583984375,28.78815269470215,39.93130874633789,165.33924865722656,20.37459945678711,57.84653854370117
2014-11-04,23.906700134277344,15.14050006866455,78.19902801513672,43.912513732910156,28.795024871826172,40.04072570800781,164.765625,20.636367797851562,57.39716339111328
2014-11-05,23.96393394470215,14.826000213623047,78.343017578125,44.56846618652344,29.132429122924805,40.284828186035156,165.8063201904297,20.753887176513672,57.731136322021484
2014-11-06,24.032472610473633,14.831999778747559,78.47977447509766,44.62678527832031,29.118656158447266,40.99188232421875,166.47007751464844,20.783260345458984,58.45378494262695
2014-11-07,24.101015090942383,14.993000030517578,77.89664459228516,44.801700592041016,29.139312744140625,40.97504806518555,166.62574768066406,21.039684295654297,59.07762908935547
2014-11-10,24.061216354370117,15.255499839782715,78.343017578125,45.13697052001953,29.18750762939453,41.15179443359375,167.15023803710938,21.218647003173828,58.88803482055664
2014-11-11,24.25356101989746,15.600500106811523,78.40779876708984,44.72880172729492,29.2701358795166,41.13497543334961,167.31405639648438,21.10379409790039,58.96755599975586
2014-11-12,24.59625244140625,15.575499534606934,78.29261016845703,44.13845443725586,29.407840728759766,41.059207916259766,167.13388061523438,21.154542922973633,58.33757781982422
2014-11-13,24.943355560302734,15.824000358581543,78.52299499511719,43.89793395996094,29.462926864624023,41.75784683227539,167.32232666015625,22.15350341796875,57.8972053527832
2014-11-14,25.244047164916992,16.391000747680664,77.86786651611328,43.93437576293945,29.421619415283203,41.73258590698242,167.36328125,22.158849716186523,58.16019821166992
2014-11-17,25.202028274536133,16.15250015258789,77.9686508178711,44.007259368896484,29.55243682861328,41.63157653808594,167.4698486328125,22.321779251098633,58.17243194580078
2014-11-18,25.52924346923828,16.24650001525879,78.3501968383789,44.1165771484375,29.97244644165039,41.284305572509766,168.43673706054688,22.380538940429688,58.0256462097168
2014-11-19,25.352373123168945,16.32699966430664,78.29979705810547,44.167606353759766,30.447542190551758,40.84384536743164,168.16636657714844,22.701061248779297,58.47823715209961
2014-11-20,25.7149658203125,16.527000427246094,77.88226318359375,43.81776428222656,30.468196868896484,41.25041580200195,168.46133422851562,22.591548919677734,58.606689453125
2014-11-21,25.750341415405273,16.631500244140625,78.1575927734375,44.05827331542969,30.640338897705078,40.640567779541016,169.3627166748047,22.610254287719727,59.21220016479492
2014-11-24,26.22789192199707,16.781999588012695,77.4474868774414,44.42998123168945,30.481975555419922,40.31021499633789,169.83798217773438,22.810579299926758,58.54554748535156
2014-11-25,26.00016975402832,16.75200080871582,77.31706237792969,43.94895553588867,30.592138290405273,40.20857238769531,169.71511840820312,22.690383911132812,57.97059631347656
2014-11-26,26.3096923828125,16.678499221801758,77.68659210205078,43.978118896484375,30.706541061401367,40.44572830200195,170.14939880371094,22.698394775390625,57.7870979309082
2014-11-28,26.29421615600586,16.93199920654297,78.4402084350586,43.84693145751953,31.080917358398438,40.4965705871582,169.788818359375,23.382177352905273,55.37725067138672
2014-12-01,25.44081687927246,16.299999237060547,78.28079986572266,43.73030090332031,30.886795043945312,41.182655334472656,168.60885620117188,23.02960205078125,56.48434066772461
2014-12-02,25.343538284301758,16.315500259399414,78.62860870361328,44.517459869384766,30.879863739013672,41.047122955322266,169.69871520996094,23.077678680419922,57.6097297668457
2014-12-03,25.63094139099121,15.824999809265137,78.05615234375,44.852718353271484,30.36681365966797,40.72526168823242,170.3542938232422,22.8144588470459,58.07457733154297
2014-12-04,25.533666610717773,15.846500396728516,77.94022369384766,44.73609924316406,30.158823013305664,41.369014739990234,170.16578674316406,22.766109466552734,57.719818115234375
2014-12-05,25.425338745117188,15.631500244140625,78.62860870361328,45.69816207885742,30.17962074279785,41.013240814208984,170.4443817138672,22.594207763671875,57.38343048095703
2014-12-08,24.850507736206055,15.331999778747559,78.63584899902344,45.67630386352539,29.90923500061035,40.40338897705078,169.30535888671875,22.62375831604004,56.086761474609375
2014-12-09,25.230777740478516,15.625,78.29527282714844,45.515960693359375,29.1466007232666,40.31021499633789,169.19064331054688,22.44379425048828,55.89104461669922
2014-12-10,24.751014709472656,15.291999816894531,76.98372650146484,44.22591781616211,28.841556549072266,39.72576904296875,166.47824096679688,22.288013458251953,54.233516693115234
2014-12-11,24.678054809570312,15.368000030517578,77.33155059814453,44.56117248535156,28.79301643371582,39.9544563293457,167.32232666015625,22.51631736755371,54.55766296386719
2014-12-12,24.26019287109375,15.366000175476074,75.67215728759766,43.759456634521484,28.3631649017334,39.76811599731445,164.6181182861328,22.510950088500977,52.967430114746094
2014-12-15,23.92856788635254,15.303500175476074,75.33158874511719,43.11808395385742,28.127439498901367,39.53093719482422,163.48724365234375,22.545862197875977,53.15092468261719
2014-12-16,23.601346969604492,14.753000259399414,74.46202850341797,42.586021423339844,28.002649307250977,38.25192642211914,162.17623901367188,22.282644271850586,52.851226806640625
2014-12-17,24.189441680908203,14.944000244140625,75.41131591796875,43.56266403198242,28.806882858276367,38.743194580078125,165.3556671142578,22.62375831604004,54.44758224487305
2014-12-18,24.905778884887695,14.886500358581543,77.39674377441406,44.80898666381836,29.389245986938477,40.25093460083008,169.4446563720703,23.08305549621582,55.7564811706543
2014-12-19,24.713430404663086,14.994999885559082,76.4837417602539,45.13697052001953,29.084186553955078,40.369503021240234,170.16567993164062,22.87354850769043,57.2733268737793
2014-12-22,24.969890594482422,15.32699966430664,77.34601593017578,45.14425277709961,29.361528396606445,40.640567779541016,170.9484100341797,23.20123291015625,57.08372497558594
2014-12-23,24.881450653076172,15.314499855041504,75.5634765625,45.53783416748047,29.7913761138916,41.03866958618164,171.1791229248047,23.276443481445312,57.85438537597656
2014-12-24,24.764280319213867,15.15149974822998,75.78809356689453,45.53783416748047,29.770566940307617,40.77610397338867,171.19564819335938,23.214662551879883,57.35894775390625
2014-12-26,25.202028274536133,15.454500198364258,76.128662109375,45.58884811401367,29.784435272216797,40.55584716796875,171.7476348876953,23.343589782714844,57.010311126708984
2014-12-29,25.18434715270996,15.60200023651123,76.32431030273438,45.887664794921875,29.715103149414062,40.19163513183594,171.9783477783203,23.271066665649414,56.924713134765625
2014-12-30,24.87703514099121,15.515000343322754,76.34606170654297,46.02614974975586,29.645769119262695,39.82740783691406,171.0555419921875,23.311359405517578,56.89410400390625
2014-12-31,24.40390396118164,15.517499923706055,75.77359771728516,45.6107063293457,29.271398544311523,39.34458923339844,169.35813903808594,23.066940307617188,56.545467376708984
2015-01-02,24.171751022338867,15.425999641418457,75.73735046386719,45.838111877441406,29.21591567993164,39.60719299316406,169.2675323486328,23.07231330871582,56.77791213989258
2015-01-05,23.49079704284668,15.10949993133545,75.20840454101562,44.415061950683594,29.21591567993164,39.24295425415039,166.21060180664062,23.005159378051758,55.2243766784668
2015-01-06,23.493009567260742,14.76449966430664,74.83883666992188,43.263423919677734,29.437786102294922,38.666988372802734,164.64508056640625,23.18243408203125,54.93075180053711
2015-01-07,23.82243537902832,14.920999526977539,76.49097442626953,43.32944107055664,29.805240631103516,39.158260345458984,166.69668579101562,23.797517776489258,55.48735809326172
2015-01-08,24.737741470336914,15.02299976348877,77.09241485595703,44.29769515991211,30.16576385498047,40.31021499633789,169.65476989746094,24.299789428710938,56.410926818847656
2015-01-09,24.764280319213867,14.846500396728516,76.0417251586914,43.527496337890625,29.83296775817871,39.97140884399414,168.29525756835938,23.998958587646484,56.3314094543457
2015-01-12,24.154069900512695,14.570500373840332,75.7808609008789,43.153385162353516,29.56257438659668,39.47166061401367,166.9768829345703,24.178924560546875,55.24885940551758
2015-01-13,24.3685302734375,14.737000465393066,75.91127014160156,43.16072082519531,29.555644989013672,39.268375396728516,166.5072021484375,23.98822593688965,55.046993255615234
2015-01-14,24.275667190551758,14.66349983215332,75.36058044433594,41.671669006347656,29.50712013244629,38.9295539855957,165.50201416015625,23.263010025024414,54.88795471191406
2015-01-15,23.616823196411133,14.34749984741211,74.26639556884766,40.3366584777832,29.3823184967041,38.52299118041992,163.98585510253906,23.469831466674805,54.410888671875
2015-01-16,23.433313369750977,14.536999702453613,75.38955688476562,41.02616882324219,29.48631477355957,39.16672134399414,166.13648986816406,23.30599594116211,55.73202896118164
2015-01-20,24.036897659301758,14.472000122070312,73.39685821533203,40.86478805541992,29.923097610473633,39.293785095214844,166.49075317382812,23.284496307373047,55.713653564453125
2015-01-21,24.22039222717285,14.862500190734863,73.83885192871094,40.9968376159668,30.061765670776367,38.895660400390625,167.3311767578125,23.271066665649414,56.190757751464844
2015-01-22,24.850507736206055,15.515999794006348,75.18666076660156,42.24381637573242,30.352937698364258,39.92060089111328,169.81961059570312,23.716938018798828,56.802371978759766
2015-01-23,24.978736877441406,15.619500160217285,74.05625915527344,41.5763053894043,30.027099609375,39.96293640136719,168.88853454589844,23.773340225219727,55.59132385253906
2015-01-26,25.005271911621094,15.482999801635742,74.09973907470703,41.642333984375,29.812171936035156,39.818931579589844,169.2839813232422,23.805578231811523,56.12346267700195
2015-01-27,24.129743576049805,15.337499618530273,73.97654724121094,41.22421646118164,29.389245986938477,36.13434600830078,167.05108642578125,23.510120391845703,55.628028869628906
2015-01-28,25.493877410888672,15.195500373840332,73.53451538085938,40.160606384277344,29.063398361206055,34.889217376708984,164.9087371826172,23.319414138793945,53.79314041137695
2015-01-29,26.28758430480957,15.58899974822998,74.18668365478516,40.83544921875,29.188194274902344,35.58378601074219,166.43307495117188,23.5611515045166,53.56684494018555
2015-01-30,25.902889251708984,17.726499557495117,72.56352996826172,39.88920211791992,28.54343032836914,34.22006607055664,164.3402099609375,22.825199127197266,53.46895980834961
2015-02-02,26.22789192199707,18.223499298095703,73.06352996826172,40.68874740600586,28.834611892700195,34.965457916259766,166.3754425048828,23.021278381347656,54.790096282958984
2015-02-03,26.232316970825195,18.177499771118164,74.2446517944336,41.60565185546875,28.862340927124023,35.23649215698242,168.78140258789062,23.15019989013672,56.42315673828125
2015-02-04,26.433502197265625,18.237499237060547,73.44757080078125,41.356266021728516,28.897005081176758,35.43977737426758,168.138671875,23.273757934570312,55.93994903564453
2015-02-05,26.62217140197754,18.694499969482422,74.2446517944336,41.642333984375,28.9732723236084,35.956478118896484,169.8360595703125,23.442974090576172,56.49043273925781
2015-02-06,26.398000717163086,18.714000701904297,73.2591323852539,42.463871002197266,28.737550735473633,35.92259979248047,169.3663787841797,23.45640754699707,56.38567352294922
2015-02-09,26.573345184326172,18.527999877929688,72.30267333984375,42.41253662109375,28.585023880004883,35.880245208740234,168.60833740234375,23.074989318847656,56.42265319824219
2015-02-10,27.08384895324707,18.649999618530273,72.71570587158203,42.88197708129883,29.396188735961914,36.08353042602539,170.40460205078125,23.445650100708008,56.08372497558594
2015-02-11,27.71866226196289,18.756999969482422,72.7374267578125,42.81597137451172,29.37538719177246,35.89717483520508,170.5034637451172,23.190492630004883,55.83106231689453
2015-02-12,28.069368362426758,18.85849952697754,71.33169555664062,43.69621658325195,29.23672866821289,36.49857711791992,172.1431427001953,23.069623947143555,56.921817779541016
2015-02-13,28.20699119567871,19.09149932861328,72.18672943115234,43.769561767578125,29.1119327545166,37.15925598144531,172.85174560546875,23.048137664794922,57.53802490234375
2015-02-17,28.373456954956055,18.771499633789062,72.78093719482422,44.0849723815918,28.987133026123047,37.17631912231445,173.1236572265625,23.08842658996582,57.34083938598633
2015-02-18,28.57099723815918,18.668500900268555,72.43310546875,43.54949951171875,28.93166732788086,37.133670806884766,173.14024353027344,23.177059173583984,56.08372497558594
2015-02-19,28.511083602905273,18.950000762939453,72.96930694580078,43.446807861328125,29.195127487182617,37.10808181762695,173.01658630371094,22.43305015563965,55.11623001098633
2015-02-20,28.744138717651367,19.183000564575195,73.15904998779297,43.86490249633789,29.098072052001953,37.41517639160156,174.05477905273438,22.642562866210938,55.41203689575195
2015-02-23,29.52100372314453,19.006999969482422,73.10065460205078,43.53483200073242,29.014867782592773,37.662559509277344,174.030029296875,22.723134994506836,54.85123825073242
2015-02-24,29.33677864074707,18.929500579833984,73.4801025390625,44.613121032714844,29.208999633789062,37.611392974853516,174.5244140625,22.71507453918457,55.103919982910156
2015-02-25,28.586538314819336,19.26849937438965,73.85225677490234,44.84783935546875,29.153520584106445,37.526065826416016,174.37612915039062,22.446487426757812,55.21481704711914
2015-02-26,28.948339462280273,19.239999771118164,75.01248168945312,45.170597076416016,29.437786102294922,37.58578872680664,174.1701202392578,22.508258819580078,54.6294059753418
2015-02-27,28.5132999420166,19.007999420166016,74.80087280273438,44.950531005859375,30.02016258239746,37.40663528442383,173.5768585205078,22.543174743652344,54.561622619628906
2015-03-02,28.65312957763672,19.283000946044922,75.31892395019531,45.309959411621094,29.950830459594727,37.43224334716797,174.6727294921875,22.551237106323242,54.25349807739258
2015-03-03,28.713064193725586,19.230499267578125,74.67679595947266,45.456661224365234,29.777507781982422,36.9203987121582,173.9558868408203,22.39276695251465,53.99467849731445
2015-03-04,28.531049728393555,19.13599967956543,74.1733169555664,45.57404708862305,29.46552848815918,36.732723236083984,173.22254943847656,22.180572509765625,53.723533630371094
2015-03-05,28.058273315429688,19.39150047302246,74.80815124511719,45.47867965698242,29.396188735961914,36.775390625,173.4120635986328,22.446487426757812,53.452392578125
2015-03-06,28.100446701049805,19.004499435424805,73.0495834350586,44.66444778442383,28.786083221435547,36.13560104370117,170.97320556640625,22.18326187133789,52.76837158203125
2015-03-09,28.220304489135742,18.92799949645996,73.450927734375,45.111907958984375,28.69594955444336,36.5535774230957,171.68173217773438,22.261154174804688,52.47871780395508
2015-03-10,27.63654327392578,18.475500106811523,72.62632751464844,43.98228073120117,28.210628509521484,35.854068756103516,168.89671325683594,22.0435848236084,51.92412567138672
2015-03-11,27.132688522338867,18.318500518798828,71.74341583251953,44.18766784667969,27.80158233642578,35.811431884765625,168.50123596191406,21.803104400634766,51.776214599609375
2015-03-12,27.62322235107422,18.711999893188477,72.84527587890625,45.01655197143555,28.3608341217041,34.99250411987305,170.64356994628906,22.13005256652832,51.89945983886719
2015-03-13,27.432336807250977,18.52899932861328,72.39286804199219,44.74515151977539,27.89945411682129,35.299591064453125,169.59710693359375,22.13005256652832,51.68378829956055
2015-03-16,27.73420524597168,18.667499542236328,73.74279022216797,45.368648529052734,28.165102005004883,35.453128814697266,171.86302185058594,22.505632400512695,52.23225021362305
2015-03-17,28.198110580444336,18.59600067138672,72.88904571533203,45.192596435546875,28.318885803222656,35.57255935668945,171.3521728515625,22.324604034423828,51.813201904296875
2015-03-18,28.51551055908203,18.756999969482422,74.03467559814453,45.2952995300293,28.38180923461914,36.25502014160156,173.4120635986328,22.3002872467041,53.039512634277344
2015-03-19,28.300209045410156,18.66200065612793,74.20250701904297,44.8918571472168,27.976343154907227,36.075870513916016,172.62107849121094,22.027374267578125,52.01656723022461
2015-03-20,27.945072174072266,18.92449951171875,74.7206039428711,45.2952995300293,28.416759490966797,36.57917785644531,174.1448211669922,22.492136001586914,52.096656799316406
2015-03-23,28.235841751098633,18.75550079345703,75.14379119873047,44.84783935546875,28.395788192749023,36.56212615966797,173.80543518066406,22.511049270629883,52.64512634277344
2015-03-24,28.120420455932617,18.704500198364258,74.39952850341797,44.34904098510742,28.290929794311523,36.596256256103516,172.82876586914062,22.440797805786133,52.084346771240234
2015-03-25,27.38572883605957,18.54800033569336,73.21742248535156,43.72554397583008,28.27694320678711,35.367820739746094,170.29627990722656,21.973331451416016,52.29386520385742
2015-03-26,27.576614379882812,18.36750030517578,73.07149505615234,43.674190521240234,28.20704460144043,35.154563903808594,169.8906707763672,22.12735939025879,51.961097717285156
2015-03-27,27.356868743896484,18.527999877929688,73.21742248535156,43.68153381347656,28.018293380737305,34.94984436035156,170.27963256835938,21.981443405151367,51.50508117675781
2015-03-30,28.04939842224121,18.72949981689453,74.10037231445312,44.71580505371094,28.318885803222656,34.94129943847656,172.3570556640625,22.3002872467041,52.76837158203125
2015-03-31,27.618791580200195,18.604999542236328,73.40714263916016,44.43706512451172,28.346843719482422,34.685386657714844,170.85073852539062,22.22463607788086,52.38014221191406
2015-04-01,27.578832626342773,18.51300048828125,72.34907531738281,44.26723098754883,28.437728881835938,34.73656463623047,170.2465362548828,21.808507919311523,52.047367095947266
2015-04-02,27.816333770751953,18.612499237060547,72.70662689208984,44.68813705444336,28.437728881835938,34.369754791259766,170.8590087890625,21.81390953063965,51.948760986328125
2015-04-06,28.266921997070312,18.851999282836914,72.35637664794922,44.65121078491211,28.780277252197266,35.444618225097656,172.0094451904297,21.884166717529297,52.460243225097656
2015-04-07,27.969484329223633,18.720500946044922,73.04228973388672,44.931800842285156,28.66840362548828,35.42755889892578,171.5542449951172,21.751760482788086,52.842315673828125
2015-04-08,27.878480911254883,19.059999465942383,73.0860824584961,45.079463958740234,28.58452796936035,35.333709716796875,172.13357543945312,21.894975662231445,51.80088424682617
2015-04-09,28.091567993164062,19.177000045776367,73.93982696533203,45.38960647583008,28.696378707885742,35.38489532470703,172.89501953125,21.8436279296875,52.164459228515625
2015-04-10,28.211427688598633,19.13249969482422,74.47249603271484,45.559444427490234,28.577539443969727,35.589637756347656,173.8385467529297,21.792295455932617,52.725215911865234
2015-04-13,28.155935287475586,19.118000030517578,73.37063598632812,45.8326530456543,28.45170783996582,35.623756408691406,173.05224609375,21.695018768310547,52.589664459228516
2015-04-14,28.03385353088379,19.25550079345703,73.34876251220703,46.548892974853516,28.318885803222656,35.52992248535156,173.3833465576172,21.65718650817871,53.384605407714844
2015-04-15,28.140396118164062,19.172500610351562,73.40714263916016,47.41282653808594,28.241989135742188,36.05027770996094,174.1613006591797,21.546405792236328,54.27814865112305
2015-04-16,28.004995346069336,19.302000045776367,72.81609344482422,47.11747741699219,28.38180923461914,35.964988708496094,174.1116485595703,21.411298751831055,54.062461853027344
2015-04-17,27.68981170654297,18.777999877929688,72.66285705566406,46.40122604370117,28.17208480834961,35.50431823730469,172.10877990722656,21.0438175201416,53.5694694519043
2015-04-20,28.32240104675293,19.475500106811523,73.1225357055664,46.69657516479492,28.423744201660156,36.604766845703125,173.68128967285156,21.11407470703125,53.7605094909668
2015-04-21,28.16925621032715,19.55900001525879,73.188232421875,46.00986862182617,28.507627487182617,36.37443542480469,173.4744110107422,21.0843448638916,53.538658142089844
2015-04-22,28.548805236816406,19.489999771118164,73.2831039428711,46.475059509277344,28.878131866455078,36.67302322387695,174.32687377929688,21.192428588867188,53.89608383178711
2015-04-23,28.78186798095703,19.499500274658203,73.30496978759766,46.371673583984375,28.626474380493164,36.971580505371094,174.76551818847656,21.395090103149414,53.94537353515625
2015-04-24,28.917272567749023,22.2549991607666,73.75740051269531,46.22399139404297,28.58452796936035,40.8359375,175.17103576660156,21.573429107666016,53.594120025634766
2015-04-27,29.443309783935547,21.92799949645996,73.39253234863281,46.03202438354492,28.542577743530273,40.9724235534668,174.44271850585938,21.446430206298828,53.618770599365234
2015-04-28,28.979419708251953,21.465499877929688,73.50926208496094,46.342140197753906,28.500646591186523,41.9363899230957,174.99725341796875,21.37347412109375,54.105613708496094
2015-04-29,28.55324363708496,21.4685001373291,73.25390625,46.962406158447266,28.30490493774414,41.85107421875,174.2772216796875,21.0438175201416,54.148746490478516
2015-04-30,27.778602600097656,21.089000701904297,72.38557434082031,46.71133041381836,28.35383415222168,41.4927978515625,172.53086853027344,21.089763641357422,53.84061813354492
2015-05-01,28.62204933166504,21.14349937438965,73.06415557861328,46.96979904174805,28.5985107421875,41.50986099243164,174.40133666992188,21.23836326599121,54.75265121459961
2015-05-04,28.566564559936523,21.152000427246094,73.22471618652344,47.78942108154297,28.633451461791992,41.151588439941406,174.89784240722656,21.395090103149414,54.91288375854492
2015-05-05,27.922880172729492,21.059499740600586,72.60448455810547,47.55312728881836,28.486658096313477,40.60562515258789,172.89501953125,21.11137580871582,54.604759216308594
2015-05-06,27.747516632080078,20.954999923706055,72.36367797851562,47.198699951171875,28.423744201660156,39.479576110839844,172.18321228027344,21.114091873168945,54.34592056274414
2015-05-07,27.919153213500977,21.3439998626709,72.72123718261719,47.62697219848633,28.45170783996582,39.83787155151367,172.8702392578125,21.217416763305664,53.98235321044922
2015-05-08,28.445167541503906,21.684499740600586,74.04197692871094,48.357967376708984,28.64745330810547,40.733558654785156,175.146240234375,21.353370666503906,54.83892822265625
2015-05-11,28.155414581298828,21.642499923706055,73.72090911865234,48.328460693359375,28.619487762451172,40.4094123840332,174.31028747558594,21.2364559173584,53.919342041015625
2015-05-12,28.055116653442383,21.551000595092773,73.31228637695312,48.26198959350586,28.4447078704834,40.39235305786133,173.7888641357422,21.47028923034668,54.068477630615234
2015-05-13,28.08631706237793,21.3435001373291,73.37063598632812,48.38014602661133,28.696378707885742,40.631221771240234,173.82199096679688,21.252771377563477,53.78265380859375
2015-05-14,28.741601943969727,21.61400032043457,74.30465698242188,48.77150344848633,29.01095199584961,41.561031341552734,175.63455200195312,21.405044555664062,54.03740692138672
2015-05-15,28.701492309570312,21.299999237060547,74.6476058959961,48.64596176147461,29.02494239807129,41.2027587890625,175.82489013671875,21.546428680419922,54.273521423339844
2015-05-18,29.017988204956055,21.261999130249023,75.46487426757812,49.04469680786133,28.88512420654297,40.95536804199219,176.37112426757812,21.731340408325195,53.96283721923828
2015-05-19,28.991249084472656,21.085500717163086,75.85891723632812,49.48033905029297,28.878131866455078,40.85234451293945,176.31320190429688,20.782352447509766,54.04982376098633
2015-05-20,28.989017486572266,21.19300079345703,75.59622192382812,49.08900833129883,28.90609359741211,40.85234451293945,176.18905639648438,20.63823699951172,54.13681411743164
2015-05-21,29.28546142578125,21.581499099731445,75.28013610839844,49.21453094482422,28.82221221923828,40.71497344970703,176.70220947265625,20.69534683227539,54.1865348815918
2015-05-22,29.54178237915039,21.381500244140625,74.4936752319336,49.08161163330078,28.8082218170166,40.26849365234375,176.2801055908203,20.627361297607422,53.757781982421875
2015-05-26,28.89095115661621,21.273500442504883,74.10416412353516,48.53519821166992,28.654434204101562,40.00230407714844,174.38475036621094,20.3663272857666,53.03083419799805
2015-05-27,29.43033790588379,21.570999145507812,74.33199310302734,49.08161163330078,28.74531364440918,40.87809371948242,176.04005432128906,20.44517707824707,52.8817253112793
2015-05-28,29.372385025024414,21.328500747680664,74.34669494628906,48.88225173950195,28.759294509887695,40.7407341003418,175.84146118164062,20.350013732910156,52.8817253112793
2015-05-29,29.038061141967773,21.46150016784668,73.60433197021484,48.572120666503906,28.633451461791992,40.23414993286133,174.7489776611328,20.195018768310547,52.93764877319336
2015-06-01,29.096004486083984,21.54599952697754,73.53083801269531,48.793643951416016,28.619487762451172,40.551815032958984,175.10491943359375,20.320098876953125,52.89413833618164
2015-06-02,28.966732025146484,21.54949951171875,73.48674774169922,48.749324798583984,28.654434204101562,40.2856559753418,174.9310302734375,20.26572036743164,52.90036392211914
2015-06-03,29.002391815185547,21.829500198364258,73.56757354736328,49.251441955566406,28.570547103881836,40.22556686401367,175.39450073242188,20.363603591918945,52.78230285644531
2015-06-04,28.8330020904541,21.538999557495117,72.93549346923828,48.97824478149414,28.374813079833984,39.804832458496094,173.91307067871094,20.162395477294922,52.32872772216797
2015-06-05,28.67474365234375,21.34749984741211,72.46507263183594,49.783111572265625,28.032272338867188,39.61595153808594,173.61508178710938,19.86600112915039,52.36601638793945
2015-06-08,28.48529052734375,21.174999237060547,72.00200653076172,49.39173889160156,28.07421875,39.26393127441406,172.54745483398438,19.7436466217041,52.72018051147461
2015-06-09,28.400590896606445,21.27400016784668,72.18575286865234,49.60587692260742,28.1021785736084,39.19524002075195,172.5225372314453,19.705575942993164,52.55242919921875
2015-06-10,28.72601318359375,21.53849983215332,72.67819213867188,50.403350830078125,28.193050384521484,40.019500732421875,174.59170532226562,19.830657958984375,52.9438591003418
2015-06-11,28.661375045776367,21.648500442504883,72.94281005859375,50.5953369140625,28.263538360595703,39.87353515625,175.1544952392578,19.833383560180664,52.869300842285156
2015-06-12,28.344871520996094,21.496000289916992,72.2886962890625,50.395965576171875,28.16486167907715,39.469993591308594,173.81375122070312,19.694705963134766,52.204463958740234
2015-06-15,28.289148330688477,21.183500289916992,71.65656280517578,50.204002380371094,27.904075622558594,39.04927444458008,173.06886291503906,19.558744430541992,52.0180549621582
2015-06-16,28.44070816040039,21.363000869750977,72.29598236083984,50.484588623046875,28.24944305419922,39.34977340698242,174.01234436035156,19.672948837280273,52.61453628540039
2015-06-17,28.373844146728516,21.390499114990234,72.5679702758789,50.31474685668945,28.38335609436035,39.469993591308594,174.29371643066406,19.776273727416992,52.64563751220703
2015-06-18,28.503116607666016,21.969499588012695,73.76604461669922,50.787330627441406,28.65119743347168,40.11394119262695,176.1062469482422,19.844255447387695,53.11161804199219
2015-06-19,28.21782684326172,21.746000289916992,73.39855194091797,50.270450592041016,28.47498321533203,39.581607818603516,175.32449340820312,19.778995513916016,52.9438591003418
2015-06-22,28.442941665649414,21.81450080871582,73.56757354736328,50.92024230957031,28.531373977661133,39.6932258605957,176.2227325439453,19.792591094970703,52.91898727416992
2015-06-23,28.313663482666016,22.29949951171875,73.3397216796875,51.50357437133789,28.460887908935547,39.418479919433594,176.34747314453125,19.732765197753906,52.856868743896484
2015-06-24,28.55438804626465,22.04199981689453,73.00897216796875,50.96453857421875,28.326967239379883,39.18663787841797,175.066650390625,19.68110466003418,52.61453628540039
2015-06-25,28.418424606323242,22.0049991607666,72.85459899902344,50.69133758544922,28.2071475982666,39.19524002075195,174.5344696044922,19.539709091186523,52.1485481262207
2015-06-26,28.25125503540039,21.905000686645508,73.23683166503906,50.912841796875,28.19304847717285,38.860374450683594,174.5011749267578,19.61041259765625,52.10506057739258
2015-06-29,27.756441116333008,21.493000030517578,71.79621124267578,49.620643615722656,27.770160675048828,38.096229553222656,170.84178161621094,19.420068740844727,51.45884704589844
2015-06-30,27.957042694091797,21.704500198364258,71.6344985961914,50.03416061401367,27.65033531188965,37.9073371887207,171.199462890625,19.286819458007812,51.69496154785156
2015-07-01,28.21782684326172,21.86949920654297,72.37687683105469,50.591583251953125,27.840641021728516,38.1649169921875,172.57168579101562,19.545150756835938,51.17927932739258
2015-07-02,28.182161331176758,21.885499954223633,72.35478973388672,50.18281173706055,27.83359146118164,38.12197494506836,172.41363525390625,19.539709091186523,51.65769577026367
2015-07-06,28.08408546447754,21.802000045776367,72.17839050292969,50.04158020019531,27.78426170349121,38.11339569091797,171.92300415039062,19.721887588500977,51.27867889404297
2015-07-07,28.014989852905273,21.836000442504883,72.70760345458984,49.647674560546875,28.369258880615234,38.03612518310547,173.0041961669922,20.06450080871582,51.489933013916016
2015-07-08,27.319580078125,21.485000610351562,71.86235046386719,48.629459381103516,28.094379425048828,37.98460388183594,170.10165405273438,19.86600112915039,50.930728912353516
2015-07-09,26.76235008239746,21.719499588012695,72.32540893554688,49.13484573364258,28.136667251586914,38.22501754760742,170.4093475341797,19.78987693786621,50.70083999633789
2015-07-10,27.477828979492188,22.175500869750977,73.15596008300781,49.83348846435547,28.46794319152832,38.30228805541992,172.5550079345703,19.882320404052734,51.086063385009766
2015-07-13,28.008312225341797,22.778499603271484,73.69988250732422,50.60643768310547,28.65823745727539,39.10078430175781,174.4595947265625,20.08897590637207,51.21034622192383
2015-07-14,27.997156143188477,23.278499603271484,73.3397216796875,51.31251525878906,29.01771354675293,39.16948318481445,175.2163848876953,20.06450080871582,51.63905334472656
2015-07-15,28.266855239868164,23.059499740600586,73.81011962890625,51.42399215698242,28.98951530456543,39.2896728515625,175.15817260742188,20.02643394470215,51.42159652709961
2015-07-16,28.643535614013672,23.77400016784668,74.31729125976562,51.69898986816406,29.236202239990234,40.06241989135742,176.5636749267578,20.075380325317383,51.514801025390625
2015-07-17,28.89095115661621,24.15049934387207,73.56023406982422,51.43886947631836,29.074094772338867,40.0280876159668,176.71337890625,19.955739974975586,51.32838821411133
2015-07-20,29.437034606933594,24.405000686645508,73.77339935302734,51.47602844238281,29.16571044921875,40.2856559753418,176.80491638183594,19.87688446044922,50.80023956298828
2015-07-21,29.14281463623047,24.399999618530273,73.7513427734375,51.35710906982422,29.031801223754883,40.59474563598633,176.1062774658203,19.778995513916016,50.73810958862305
2015-07-22,27.910240173339844,24.41349983215332,73.63372802734375,52.08547592163086,28.827402114868164,39.10078430175781,175.7902374267578,19.893199920654297,50.81889343261719
2015-07-23,27.896860122680664,24.108999252319336,73.6484603881836,51.75843048095703,28.785110473632812,39.59019470214844,174.8006134033203,19.716453552246094,50.41500473022461
2015-07-24,27.749753952026367,26.47100067138672,72.87666320800781,51.21588897705078,28.50318145751953,39.44423294067383,172.987548828125,19.463571548461914,49.6694221496582
2015-07-27,27.364160537719727,26.570499420166016,72.23719024658203,50.546993255615234,28.573665618896484,38.93764114379883,171.98118591308594,19.409191131591797,49.24692153930664
2015-07-28,27.500125885009766,26.30150032043457,72.78108978271484,50.57672119140625,28.580705642700195,38.9290657043457,174.09364318847656,19.604969024658203,51.24760055541992
2015-07-29,27.413192749023438,26.450000762939453,73.30294036865234,51.23819351196289,28.608903884887695,39.7447395324707,175.29122924804688,19.640321731567383,51.65769577026367
2015-07-30,27.275001525878906,26.83799934387207,73.38380432128906,51.31251525878906,28.587753295898438,40.251319885253906,175.33285522460938,19.621286392211914,51.57691192626953
2015-07-31,27.036518096923828,26.8075008392334,73.65576934814453,50.93345642089844,28.954269409179688,40.09675598144531,175.066650390625,19.572336196899414,49.21585464477539
2015-08-03,26.3990421295166,26.75149917602539,73.51614379882812,50.93345642089844,29.27849006652832,40.19120407104492,174.4761962890625,19.626724243164062,48.50132369995117
2015-08-04,25.55206298828125,26.594999313354492,73.35443878173828,50.88143539428711,29.496978759765625,40.8180046081543,174.13525390625,19.6457576751709,47.94833755493164
2015-08-05,25.721458435058594,26.850500106811523,73.88362121582031,51.082115173339844,29.68728256225586,40.85234451293945,174.70912170410156,20.12485122680664,47.94833755493164
2015-08-06,25.77743148803711,26.472999572753906,72.81787109375,50.72535705566406,29.546316146850586,40.0280876159668,173.27859497070312,19.927743911743164,48.519962310791016
2015-08-07,25.8647518157959,26.131000518798828,72.65615844726562,50.57672119140625,29.440595626831055,40.13111877441406,172.94590759277344,19.50613784790039,47.737083435058594
2015-08-10,26.805130004882812,26.200000762939453,73.3470687866211,51.2010383605957,29.37716293334961,40.63768768310547,175.12493896484375,19.569103240966797,48.930023193359375
2015-08-11,25.41023826599121,26.37299919128418,72.77376556396484,50.71049499511719,29.236202239990234,39.84778594970703,173.54473876953125,19.692296981811523,48.59765625
2015-08-12,25.80206298828125,26.295499801635742,72.55325317382812,49.97468566894531,29.081148147583008,40.13111877441406,173.75262451171875,19.8702449798584,49.412933349609375
2015-08-13,25.781909942626953,26.482999801635742,72.38419342041016,50.20511245727539,28.96836280822754,40.12252426147461,173.53646850585938,19.741573333740234,49.325138092041016
2015-08-14,25.96326446533203,26.576000213623047,72.62677764892578,50.45780944824219,29.074094772338867,40.3543586730957,174.1685333251953,19.81549644470215,49.143272399902344
2015-08-17,26.231950759887695,26.76099967956543,73.40583801269531,50.591583251953125,29.144567489624023,40.629112243652344,175.14154052734375,19.686819076538086,49.40039825439453
2015-08-18,26.084171295166016,26.750999450683594,73.03838348388672,50.69563293457031,29.10932159423828,40.85382080078125,174.6342315673828,19.021562576293945,48.85477066040039
2015-08-19,25.75056266784668,26.645999908447266,72.99427032470703,50.24225997924805,28.742815017700195,40.28339767456055,173.25364685058594,18.772436141967773,47.807437896728516
2015-08-20,25.22216796875,25.788999557495117,72.61206817626953,49.00848388671875,28.580705642700195,39.462337493896484,169.63583374023438,18.734102249145508,46.7663688659668
2015-08-21,23.679506301879883,24.723499298095703,70.7752685546875,47.26934814453125,27.86178207397461,37.223899841308594,164.52938842773438,18.216678619384766,45.23613357543945
2015-08-24,23.088409423828125,23.168500900268555,68.74593353271484,44.77952575683594,27.05124282836914,36.022560119628906,157.60159301757812,17.507610321044922,43.09756851196289
2015-08-25,23.22722816467285,23.318500518798828,67.19800567626953,44.52683639526367,26.77635383605957,34.976810455322266,155.7469482421875,17.274900436401367,43.0912971496582
2015-08-26,24.55942726135254,25.03849983215332,70.44198608398438,46.75652313232422,27.29793357849121,36.91276168823242,161.72669982910156,17.748531341552734,45.46818161010742
2015-08-27,25.282615661621094,25.918500900268555,71.26408386230469,47.92338180541992,27.67853355407715,37.94124984741211,165.7270965576172,18.09073829650879,46.94196701049805
2015-08-28,25.365459442138672,25.90049934387207,70.48643493652344,47.66326141357422,27.805404663085938,37.96715545654297,165.7353057861328,17.778640747070312,47.079959869384766
2015-08-31,25.24679183959961,25.644500732421875,69.60508728027344,47.640953063964844,27.713769912719727,37.612823486328125,164.3963623046875,17.721155166625977,47.18657684326172
2015-09-01,24.118343353271484,24.82699966430664,68.20525360107422,45.671417236328125,27.31201934814453,36.1435661315918,159.489501953125,17.47201919555664,45.20478057861328
2015-09-02,25.152759552001953,25.52750015258789,69.13845825195312,46.503822326660156,27.417747497558594,37.47452926635742,162.5167694091797,17.641754150390625,45.926002502441406
2015-09-03,24.7116756439209,25.236000061035156,68.61260223388672,46.58557891845703,27.600996017456055,37.59552764892578,162.63319396972656,17.756738662719727,46.277198791503906
2015-09-04,24.465391159057617,24.950000762939453,67.62755584716797,45.70856475830078,27.149921417236328,36.826351165771484,160.17149353027344,17.491182327270508,45.4431037902832
2015-09-08,25.146045684814453,25.87700080871582,69.5754165649414,46.94232177734375,27.417747497558594,37.932594299316406,164.19674682617188,18.172868728637695,46.0953254699707
2015-09-09,24.662418365478516,25.844499588012695,68.30158233642578,46.21396255493164,26.99485206604004,37.223899841308594,162.0011444091797,17.82792091369629,45.15461730957031
2015-09-10,25.204256057739258,26.11199951171875,68.67188262939453,46.57072830200195,27.079425811767578,37.41404724121094,162.88275146484375,17.554149627685547,45.480712890625
2015-09-11,25.571443557739258,26.472000122070312,68.82740020751953,46.49638366699219,27.10787010192871,37.5782470703125,163.62286376953125,17.699251174926758,45.58734893798828
2015-09-14,25.817733764648438,26.069000244140625,69.11625671386719,46.36261749267578,27.086536407470703,37.19797897338867,163.0157928466797,17.59795379638672,45.461910247802734
2015-09-15,26.034908294677734,26.118499755859375,69.91613006591797,47.25448226928711,27.37091064453125,38.0103759765625,165.05337524414062,17.608898162841797,45.693946838378906
2015-09-16,26.06402015686035,26.36949920654297,70.0716781616211,47.67068862915039,27.833024978637695,38.28694152832031,166.48382568359375,17.710195541381836,46.59706497192383
2015-09-17,25.506515502929688,26.943500518798828,70.24201965332031,46.56327819824219,27.996530532836914,38.24373245239258,166.10958862304688,17.649974822998047,46.6973876953125
2015-09-18,25.401283264160156,27.01300048828125,69.16809844970703,45.292362213134766,27.71216583251953,37.5782470703125,163.39511108398438,17.34061050415039,45.581077575683594
2015-09-21,25.79534339904785,27.41950035095215,68.97554779052734,45.671417236328125,27.8614559173584,38.122737884521484,164.239501953125,17.444643020629883,46.026344299316406
2015-09-22,25.390085220336914,26.920000076293945,69.05699920654297,45.27006149291992,27.57708740234375,37.94124984741211,162.10768127441406,17.4090518951416,45.61870574951172
2015-09-23,25.596073150634766,26.803499221801758,68.87185668945312,45.069400787353516,27.555755615234375,37.915313720703125,161.84852600097656,17.444643020629883,45.34275436401367
2015-09-24,25.74832534790039,26.6875,68.49411010742188,44.757225036621094,27.833024978637695,37.949886322021484,161.26333618164062,17.47475242614746,45.61244201660156
2015-09-25,25.683393478393555,26.212499618530273,67.3979721069336,45.68627166748047,28.167160034179688,37.975807189941406,161.2215576171875,17.461071014404297,45.926002502441406
2015-09-28,25.175153732299805,25.202999114990234,67.67203521728516,44.5788688659668,28.103168487548828,37.41404724121094,157.17532348632812,17.428218841552734,45.53089141845703
2015-09-29,24.418371200561523,24.803499221801758,68.90887451171875,44.47480773925781,28.195587158203125,37.543670654296875,157.26731872558594,17.461071014404297,45.76294708251953
2015-09-30,24.696006774902344,25.594499588012695,69.13845825195312,45.314674377441406,28.522613525390625,38.25236511230469,160.20167541503906,17.75126075744629,46.62840270996094
2015-10-01,24.53479766845703,26.035999298095703,69.00515747070312,45.64912414550781,28.295116424560547,38.554866790771484,160.61962890625,17.595211029052734,46.446537017822266
2015-10-02,24.713911056518555,26.62700080871582,69.56804656982422,45.5218391418457,28.714576721191406,39.38456344604492,163.0189666748047,17.789602279663086,47.58793258666992
2015-10-05,24.8034725189209,27.18400001525879,70.18278503417969,46.42763137817383,29.155344009399414,40.30067825317383,165.9198455810547,18.03324317932129,48.171173095703125
2015-10-06,24.922138214111328,26.874000549316406,69.1903305053711,46.450096130371094,29.11979866027832,40.40438461303711,165.35137939453125,17.981229782104492,48.848506927490234
2015-10-07,24.8034725189209,27.097000122070312,70.34571075439453,46.50999069213867,29.517932891845703,40.44759750366211,166.7056427001953,18.16739845275879,49.67006301879883
2015-10-08,24.516887664794922,26.658000946044922,70.41976928710938,46.50999069213867,29.84496307373047,41.00937271118164,168.2104949951172,18.309762954711914,50.190608978271484
2015-10-09,25.103496551513672,26.989999771118164,70.6345443725586,46.360267639160156,29.873394012451172,40.71553039550781,168.31076049804688,18.257741928100586,49.70771026611328
2015-10-12,24.98707389831543,27.50950050354004,71.09374237060547,46.203067779541016,29.859169006347656,40.62045669555664,168.4696044921875,18.323444366455078,49.7327995300293
2015-10-13,25.02960777282715,27.44499969482422,70.69377899169922,46.0757942199707,29.610349655151367,40.525394439697266,167.4078826904297,18.268693923950195,49.644981384277344
2015-10-14,24.675857543945312,27.241500854492188,70.01243591308594,44.90800094604492,29.631675720214844,40.34388732910156,166.60536193847656,16.434429168701172,50.27213668823242
2015-10-15,25.045284271240234,28.121999740600586,71.952880859375,46.3303337097168,29.80230140686035,40.62910842895508,169.16346740722656,16.242786407470703,51.099971771240234
2015-10-16,24.861684799194336,28.538000106811523,72.76018524169922,46.73457336425781,29.873394012451172,41.06122970581055,169.93260192871094,16.122331619262695,51.72710418701172
2015-10-19,25.01617431640625,28.657499313354492,72.5379867553711,46.577362060546875,29.852062225341797,41.156314849853516,170.01622009277344,16.111379623413086,50.792659759521484
2015-10-20,25.47292709350586,28.04400062561035,72.27877044677734,46.80194091796875,30.065345764160156,41.28593063354492,169.798828125,16.08400535583496,50.69232177734375
2015-10-21,25.470699310302734,27.78849983215332,72.30838775634766,46.457584381103516,29.994251251220703,40.79331970214844,168.74551391601562,16.05388641357422,50.30348587036133
2015-10-22,25.860273361206055,28.195499420166016,73.7155990600586,47.303489685058594,30.740734100341797,41.510650634765625,171.59628295898438,16.12507438659668,51.984249114990234
2015-10-23,26.661828994750977,29.951499938964844,74.29330444335938,47.812530517578125,30.420822143554688,45.69369125366211,173.47726440429688,15.96080493927002,52.04069900512695
2015-10-26,25.81101417541504,30.430500030517578,74.01927947998047,47.834991455078125,30.27863121032715,46.886383056640625,173.0508575439453,15.884151458740234,50.93691635131836
2015-10-27,25.647571563720703,30.550500869750977,74.20441436767578,47.64036560058594,30.292850494384766,46.40239334106445,172.71646118164062,15.736319541931152,50.855369567871094
2015-10-28,26.704374313354492,30.854999542236328,74.41923522949219,49.03274154663086,30.378156661987305,46.65301513671875,174.6810760498047,15.780119895935059,51.601688385009766
2015-10-29,26.986478805541992,31.327499389648438,75.07837677001953,48.81565856933594,30.420822143554688,46.1171875,174.5807647705078,15.86772346496582,51.57032775878906
2015-10-30,26.7558650970459,31.295000076293945,74.82656860351562,48.09700393676758,30.108007431030273,45.494930267333984,173.8283233642578,15.670615196228027,51.89017868041992
2015-11-02,27.13201904296875,31.417499542236328,75.67090606689453,49.06269073486328,30.02979850769043,46.01347351074219,175.8848876953125,15.771907806396484,53.483116149902344
2015-11-03,27.4432373046875,31.265499114990234,75.51533508300781,49.24233627319336,29.972932815551758,46.799957275390625,176.39480590820312,15.908792495727539,54.46774673461914
2015-11-04,27.315616607666016,32.04750061035156,75.50057220458984,49.294742584228516,29.837852478027344,47.016021728515625,175.85980224609375,15.979969024658203,53.922142028808594
2015-11-05,27.1896915435791,32.782501220703125,75.78939819335938,49.736412048339844,30.093780517578125,46.998748779296875,175.6842041015625,16.04567527770996,53.1883659362793
2015-11-06,27.221174240112305,32.96849822998047,75.48574829101562,51.24856948852539,29.830738067626953,47.46542739868164,175.59226989746094,16.09221649169922,52.97514343261719
2015-11-09,27.11098861694336,32.77450180053711,74.6858139038086,50.44758987426758,29.532154083251953,46.808597564697266,173.95370483398438,16.012826919555664,51.84275817871094
2015-11-10,26.256540298461914,32.98400115966797,75.13760375976562,50.664676666259766,29.695653915405273,46.246826171875,174.35501098632812,16.064836502075195,52.095802307128906
2015-11-11,26.108129501342773,33.662498474121094,75.44129180908203,50.41763687133789,29.887624740600586,46.367820739746094,173.66954040527344,15.763689994812012,51.634010314941406
2015-11-12,26.020437240600586,33.279998779296875,74.26368713378906,49.40704345703125,29.56058692932129,46.082611083984375,171.2451171875,15.591217994689941,50.235923767089844
2015-11-13,25.26042366027832,32.11750030517578,73.97480773925781,49.07765579223633,29.41840171813965,45.66778564453125,169.3223419189453,15.446120262145996,49.407188415527344
2015-11-16,25.674161911010742,32.390499114990234,74.9673080444336,49.788814544677734,29.830738067626953,46.47153854370117,171.89720153808594,15.843090057373047,51.17851638793945
2015-11-17,25.563982009887695,32.165000915527344,75.17467498779297,49.50436019897461,29.624576568603516,46.08870315551758,171.77183532714844,16.404315948486328,50.58384323120117
2015-11-18,26.373462677001953,33.176998138427734,76.04120635986328,50.49250411987305,30.05824089050293,46.85437774658203,174.49708557128906,16.68082046508789,51.07729721069336
2015-11-19,26.70849609375,33.063499450683594,75.90789794921875,50.64970397949219,30.648300170898438,46.93268966674805,174.34666442871094,16.617860794067383,50.798946380615234
2015-11-20,26.82542610168457,33.42250061035156,76.46000671386719,50.55986022949219,30.164880752563477,47.15019607543945,174.98199462890625,16.44538116455078,50.476314544677734
2015-11-23,26.476896286010742,33.949501037597656,76.67636108398438,50.06581115722656,30.541669845581055,47.15019607543945,174.7813720703125,16.49739646911621,50.786293029785156
2015-11-24,26.73098373413086,33.557498931884766,76.13170623779297,49.990943908691406,30.8260498046875,47.202415466308594,175.01548767089844,16.404315948486328,51.7984619140625
2015-11-25,26.53986358642578,33.766998291015625,76.07203674316406,50.050819396972656,30.8260498046875,46.71516036987305,174.9904022216797,16.491918563842773,51.39992904663086
2015-11-27,26.490388870239258,33.66299819946289,76.3779525756836,50.282875061035156,30.912004470825195,46.923988342285156,175.1909942626953,16.396106719970703,51.38727951049805
2015-11-30,26.60057830810547,33.2400016784668,75.53485107421875,49.916072845458984,30.53232192993164,47.28942108154297,174.4636688232422,16.108642578125,51.659297943115234
2015-12-01,26.38470458984375,33.952999114990234,76.37047576904297,50.61227035522461,30.72574806213379,48.046382904052734,176.1273193359375,16.149709701538086,51.804805755615234
2015-12-02,26.146360397338867,33.800498962402344,76.13917541503906,49.9011116027832,30.63977813720703,48.037696838378906,174.32989501953125,16.10829734802246,50.32449722290039
2015-12-03,25.903512954711914,33.3125,75.19911193847656,49.257328033447266,30.41770362854004,47.15890121459961,171.8887939453125,16.29878044128418,49.603302001953125
2015-12-04,26.76471710205078,33.63199996948242,76.81066131591797,50.82188034057617,31.012304306030273,48.64676284790039,175.2412109375,16.46994400024414,49.887977600097656
2015-12-07,26.596071243286133,33.49150085449219,77.08673095703125,50.1556282043457,30.94782257080078,48.55974197387695,174.17947387695312,16.70183753967285,48.58479690551758
2015-12-08,26.584829330444336,33.86650085449219,76.41522216796875,49.37709426879883,30.811710357666016,48.542354583740234,173.00906372070312,16.456140518188477,47.21201705932617
2015-12-09,25.997955322265625,33.239498138427734,76.21377563476562,49.002803802490234,30.560977935791016,47.83758544921875,171.66311645507812,16.32362937927246,47.84463882446289
2015-12-10,26.121620178222656,33.11600112915039,76.5793685913086,49.11508560180664,30.63260841369629,48.08989715576172,172.10618591308594,16.442331314086914,47.88259506225586
2015-12-11,25.449304580688477,32.00749969482422,75.86312103271484,47.96225357055664,30.281593322753906,47.03709411621094,168.7705841064453,16.387126922607422,47.028564453125
2015-12-14,25.29190444946289,32.89550018310547,76.21377563476562,48.111961364746094,30.410537719726562,47.97678756713867,169.62326049804688,16.67146873474121,48.097679138183594
2015-12-15,24.844440460205078,32.93199920654297,77.6910400390625,49.481895446777344,30.854703903198242,48.02900314331055,171.40396118164062,16.464418411254883,50.24856948852539
2015-12-16,25.03556251525879,33.78850173950195,78.52667999267578,50.5523796081543,31.40631675720215,48.83817672729492,173.91195678710938,16.646629333496094,50.07145690917969
2015-12-17,24.504905700683594,33.532501220703125,77.32546997070312,49.61664962768555,31.15557861328125,48.46403884887695,171.2618408203125,16.282222747802734,49.31863021850586
2015-12-18,23.84157371520996,33.207000732421875,76.06456756591797,48.209293365478516,30.446367263793945,47.097999572753906,168.2108154296875,16.24633026123047,48.888450622558594
2015-12-21,24.133886337280273,33.22549819946289,75.78850555419922,49.06269073486328,30.64694595336914,47.707069396972656,169.59837341308594,16.439577102661133,48.87580871582031
2015-12-22,24.111408233642578,33.157501220703125,76.63162231445312,49.16748809814453,31.012304306030273,48.15950012207031,171.1373291015625,16.712875366210938,49.122520446777344
2015-12-23,24.421707153320312,33.185001373291016,77.21354675292969,49.953521728515625,31.284530639648438,48.56843948364258,173.25657653808594,16.86471939086914,50.7293701171875
2015-12-24,24.291290283203125,33.13949966430664,77.38516235351562,49.8561897277832,31.191410064697266,48.43793487548828,172.97067260742188,16.792938232421875,50.185302734375
2015-12-28,24.01921844482422,33.7599983215332,77.01211547851562,49.6915168762207,31.15557861328125,48.68156433105469,172.57537841796875,16.77085304260254,49.81206130981445
2015-12-29,24.450937271118164,34.69850158691406,77.616455078125,50.208030700683594,31.313182830810547,49.20362091064453,174.41717529296875,17.00826644897461,50.0777702331543
2015-12-30,24.131635665893555,34.45349884033203,77.42991638183594,49.848697662353516,31.21288299560547,48.994808197021484,173.18092346191406,17.0275821685791,49.413536071777344
2015-12-31,23.668434143066406,33.794498443603516,76.63904571533203,49.429500579833984,30.775894165039062,48.27263259887695,171.4485626220703,16.922685623168945,49.31229019165039
2016-01-04,23.688671112060547,31.84950065612793,74.96781158447266,47.94488525390625,30.37471580505371,47.68095779418945,169.0518035888672,16.966859817504883,49.0023307800293
2016-01-05,23.095048904418945,31.68950080871582,75.2811508178711,48.02777099609375,30.48218536376953,47.89848709106445,169.3377227783203,17.36990737915039,49.41984939575195
2016-01-06,22.643085479736328,31.63249969482422,74.90066528320312,47.334442138671875,30.317407608032227,47.02840042114258,167.20159912109375,17.543827056884766,49.00864028930664
2016-01-07,21.687450408935547,30.39699935913086,74.02772521972656,45.42026901245117,29.81594467163086,45.392635345458984,163.19020080566406,17.952404022216797,48.22419357299805
2016-01-08,21.8021297454834,30.352500915527344,73.23687744140625,44.40289306640625,29.737136840820312,45.531837463378906,161.3989715576172,17.541074752807617,47.24997329711914
2016-01-11,22.1551513671875,30.886999130249023,72.79666137695312,44.33506774902344,29.787288665771484,45.505733489990234,161.55870056152344,17.72879409790039,46.61736297607422
2016-01-12,22.47669792175293,30.894500732421875,73.29655456542969,44.433040618896484,30.17413330078125,45.923370361328125,162.8622283935547,17.563161849975586,47.572608947753906
2016-01-13,21.898815155029297,29.090499877929688,72.38632202148438,43.212181091308594,29.98070526123047,44.93147277832031,158.8003387451172,17.093839645385742,47.8572998046875
2016-01-14,22.377756118774414,29.649999618530273,73.78152465820312,43.860294342041016,30.002199172973633,46.21050262451172,161.40731811523438,17.408557891845703,50.052467346191406
2016-01-15,21.84035301208496,28.509000778198242,72.37138366699219,42.98609924316406,29.729963302612305,44.36592102050781,157.9425811767578,17.09661293029785,49.0782356262207
2016-01-19,21.73466682434082,28.724000930786133,72.74444580078125,42.963478088378906,30.030855178833008,43.991783142089844,158.15283203125,17.270524978637695,48.33173370361328
2016-01-20,21.763896942138672,28.588499069213867,71.43878173828125,41.833065032958984,29.644010543823242,44.191890716552734,156.1260528564453,16.795703887939453,46.29474639892578
2016-01-21,21.653717041015625,28.750999450683594,71.58053588867188,41.63713836669922,29.65117835998535,43.922176361083984,157.00067138671875,17.08279800415039,46.87672424316406
2016-01-22,22.804977416992188,29.819000244140625,72.18487548828125,42.91828536987305,30.131155014038086,45.497039794921875,160.2215576171875,17.306415557861328,48.43928909301758
2016-01-25,22.359771728515625,29.826499938964844,71.92374420166016,41.94611358642578,30.20279312133789,45.061981201171875,157.79957580566406,17.516212463378906,46.80083465576172
2016-01-26,22.483442306518555,30.0625,75.49006652832031,43.01624298095703,30.14548683166504,45.392635345458984,159.95248413085938,17.668060302734375,48.52153015136719
2016-01-27,21.006128311157227,29.167499542236328,76.22124481201172,42.98609924316406,30.152637481689453,44.566036224365234,158.21168518066406,17.65425682067871,47.62955093383789
2016-01-28,21.156780242919922,31.767499923706055,76.30332946777344,43.16696548461914,30.49651527404785,45.29692459106445,159.0358123779297,17.72879409790039,48.70498275756836
2016-01-29,21.887571334838867,29.350000381469727,77.92234802246094,44.839988708496094,30.74723243713379,47.93328857421875,162.9127197265625,18.319568634033203,49.24903869628906
2016-02-01,21.682945251464844,28.74049949645996,77.87012481689453,44.35768508911133,30.804546356201172,47.6026611328125,162.85382080078125,18.6342830657959,48.262176513671875
2016-02-02,21.24448013305664,27.604999542236328,77.15387725830078,42.97856521606445,30.40337562561035,46.11479949951172,159.9188232421875,18.457599639892578,47.186702728271484
2016-02-03,21.664960861206055,26.553499221801758,77.6985092163086,43.264930725097656,30.603973388671875,45.38392639160156,160.87754821777344,18.294719696044922,49.6475944519043
2016-02-04,21.839038848876953,26.812999725341797,77.51946258544922,44.011009216308594,30.467845916748047,45.24470901489258,161.12986755371094,18.33612823486328,50.50161361694336
2016-02-05,21.25576400756836,25.10650062561035,75.01258087158203,43.52116394042969,30.40337562561035,43.64374923706055,158.060302734375,18.496248245239258,50.65976333618164
2016-02-08,21.479583740234375,24.405000686645508,76.10188293457031,42.60929870605469,30.5538272857666,42.99117660522461,155.93270874023438,18.468631744384766,51.342994689941406
2016-02-09,21.475051879882812,24.103500366210938,76.07950592041016,42.35306930541992,31.019468307495117,42.87805938720703,155.94105529785156,18.16773796081543,51.119564056396484
2016-02-10,21.312278747558594,24.52400016784668,75.90042877197266,41.84061050415039,30.48218536376953,43.252197265625,155.80650329589844,18.162216186523438,50.65357208251953
2016-02-11,21.18341064453125,25.19099998474121,75.87804412841797,39.994258880615234,30.381885528564453,43.23480224609375,153.7797393798828,18.03246307373047,50.813167572021484
2016-02-12,21.248971939086914,25.354000091552734,75.96757507324219,43.325218200683594,30.883342742919922,43.9395751953125,156.95025634765625,18.269874572753906,51.725982666015625
2016-02-16,21.84807777404785,26.05500030517578,76.34062194824219,43.97332763671875,31.06245231628418,44.7720947265625,159.5992431640625,18.192584991455078,51.847293853759766
2016-02-17,22.182676315307617,26.704999923706055,76.47492218017578,44.289852142333984,31.15557861328125,45.93761444091797,162.20626831054688,18.25055503845215,52.34519958496094
2016-02-18,21.762178421020508,26.25,77.77312469482422,43.56638717651367,31.241540908813477,45.73606491088867,161.54190063476562,17.701187133789062,52.632469177246094
2016-02-19,21.71243667602539,26.7450008392334,78.27664184570312,43.57392120361328,31.356168746948242,45.41183090209961,161.46620178222656,17.850261688232422,52.664405822753906
2016-02-22,21.902345657348633,27.975000381469727,78.72000122070312,44.13912582397461,31.477943420410156,46.13918685913086,163.80410766601562,18.1180362701416,52.594173431396484
2016-02-23,21.40723419189453,27.64699935913086,78.21652221679688,42.29277801513672,31.298851013183594,44.85096740722656,161.73532104492188,18.35269546508789,51.85368347167969
2016-02-24,21.725994110107422,27.70199966430664,78.87783813476562,42.30784225463867,31.45646858215332,45.008705139160156,162.4754180908203,18.529375076293945,52.0388069152832
2016-02-25,21.875213623046875,27.75749969482422,79.94495391845703,42.963478088378906,31.635557174682617,45.657196044921875,164.44325256347656,18.78335189819336,52.35161590576172
2016-02-26,21.90911865234375,27.761499404907227,79.49407958984375,43.36290740966797,30.90484619140625,44.956111907958984,164.06483459472656,18.36097526550293,52.18561553955078
2016-02-29,21.859394073486328,27.625999450683594,79.06570434570312,42.428436279296875,30.897686004638672,44.588069915771484,162.7781524658203,18.314041137695312,51.16426086425781
2016-03-01,22.72751808166504,28.95199966430664,80.57626342773438,44.61389923095703,31.298851013183594,46.077842712402344,166.6045379638672,18.3471736907959,51.88560104370117
2016-03-02,22.777257919311523,29.010499954223633,80.44096374511719,45.03594207763672,31.356168746948242,46.40208435058594,167.35296630859375,18.278162002563477,52.79206466674805
2016-03-03,22.946815490722656,28.874500274658203,80.14790344238281,45.186649322509766,31.492294311523438,45.87627410888672,168.00897216796875,18.258834838867188,52.60054397583008
2016-03-04,23.288196563720703,28.756999969482422,80.03514862060547,45.25447082519531,31.599746704101562,45.59585952758789,168.55557250976562,18.435518264770508,52.530338287353516
2016-03-07,23.03046989440918,28.139999389648438,80.21551513671875,45.17157745361328,31.528100967407227,44.71950149536133,168.690185546875,18.7419490814209,53.91557693481445
2016-03-08,22.84056282043457,28.01300048828125,79.82473754882812,44.29737854003906,31.750181198120117,45.26284408569336,166.8484344482422,18.78335189819336,52.74736785888672
2016-03-09,22.860910415649414,27.973499298095703,80.2906723022461,44.553611755371094,32.10121536254883,46.305686950683594,167.67257690429688,18.780569076538086,52.60054397583008
2016-03-10,22.87220573425293,27.946500778198242,80.51612091064453,44.169273376464844,32.40209197998047,45.61336898803711,167.80714416503906,18.747203826904297,52.460113525390625
2016-03-11,23.118637084960938,28.480499267578125,80.9444808959961,44.71941375732422,32.63311767578125,46.50723648071289,170.5150146484375,18.68045997619629,52.46650314331055
2016-03-14,23.17741584777832,28.668500900268555,80.90691375732422,44.553611755371094,32.6981086730957,46.59487533569336,170.29641723632812,18.73330307006836,52.60693359375
2016-03-15,23.64313316345215,28.85099983215332,80.9820785522461,44.61389923095703,32.6619987487793,46.96293640136719,170.01885986328125,18.93631362915039,52.86867141723633
2016-03-16,23.957382202148438,28.713499069213867,80.71903228759766,44.40289306640625,32.52482986450195,47.62895584106445,171.0028533935547,18.908506393432617,52.90058898925781
2016-03-17,23.918947219848633,27.972000122070312,80.21551513671875,44.2747688293457,33.04464340209961,47.900630950927734,172.0877227783203,18.758325576782227,53.685760498046875
2016-03-18,23.946077346801758,27.604000091552734,80.78667449951172,45.57853317260742,32.92190170288086,46.875301361083984,172.76394653320312,18.61927604675293,53.749603271484375
2016-03-21,23.943817138671875,27.698999404907227,80.62134552001953,45.56344985961914,32.97244644165039,47.19955062866211,173.00909423828125,18.902942657470703,53.37936782836914
2016-03-22,24.126937866210938,28.02400016784668,80.69648742675781,45.39767074584961,32.849708557128906,47.38359069824219,172.916015625,18.875125885009766,53.69853210449219
2016-03-23,23.993553161621094,28.48150062561035,81.53816223144531,45.17157745361328,32.820838928222656,47.29594802856445,171.77491760253906,18.7611083984375,53.46232986450195
2016-03-24,23.88956069946289,29.147499084472656,81.3953857421875,44.82491683959961,32.907466888427734,47.50627517700195,171.69882202148438,18.91128158569336,53.609153747558594
2016-03-28,23.781038284301758,28.993499755859375,81.33525848388672,44.76463317871094,33.066307067871094,46.91911697387695,171.80026245117188,18.944656372070312,53.76236343383789
2016-03-29,24.34397315979004,29.69300079345703,82.01911926269531,44.48579788208008,33.55724334716797,47.944427490234375,173.3894500732422,18.91963005065918,53.960243225097656
2016-03-30,24.769001007080078,29.934499740600586,81.8989028930664,44.99824523925781,33.62944412231445,48.24238204956055,174.15017700195312,19.133771896362305,53.9538688659668
2016-03-31,24.6401309967041,29.68199920654297,81.3127212524414,44.62898635864258,33.49226379394531,48.4001350402832,173.72755432128906,19.047557830810547,53.36018753051758
2016-04-01,24.866212844848633,29.924999237060547,82.05669403076172,45.11882400512695,33.809940338134766,48.698097229003906,174.91098022460938,19.206073760986328,52.95802307128906
2016-04-04,25.121685028076172,29.659500122070312,81.60580444335938,44.944210052490234,33.85325622558594,48.57540512084961,174.3446502685547,19.217205047607422,53.08570098876953
2016-04-05,24.825517654418945,29.30699920654297,81.87635803222656,44.30649185180664,33.59334945678711,47.81298828125,172.6033172607422,19.08927345275879,52.47926330566406
2016-04-06,25.08550453186035,30.104000091552734,82.22956085205078,44.64812088012695,33.72330093383789,48.303733825683594,174.4883270263672,19.200515747070312,53.18146896362305
2016-04-07,24.53839874267578,29.571500778198242,82.1168212890625,43.516937255859375,33.470619201660156,47.725337982177734,172.40042114257812,18.97246742248535,52.58140182495117
2016-04-08,24.565528869628906,29.729999542236328,81.98908233642578,43.83578872680664,33.83881378173828,47.69029998779297,172.86532592773438,18.927967071533203,53.117618560791016
2016-04-11,24.64691734313965,29.796499252319336,81.891357421875,44.185020446777344,33.52836227416992,47.59391403198242,172.4595947265625,18.744422912597656,53.187843322753906
2016-04-12,24.96794319152832,30.15850067138672,82.36483764648438,45.00493240356445,33.679988861083984,47.8918571472168,174.06565856933594,19.133771896362305,53.84535217285156
2016-04-13,25.32966423034668,30.740999221801758,82.56773376464844,46.9105224609375,33.23957443237305,48.50529861450195,175.8238983154297,19.231109619140625,54.1517448425293
2016-04-14,25.343231201171875,31.037500381469727,82.54519653320312,47.51786804199219,33.087955474853516,48.51406478881836,175.83238220214844,19.133771896362305,54.53478240966797
2016-04-15,24.83455467224121,31.29450035095215,82.80068969726562,46.97125244140625,33.28288650512695,48.76819610595703,175.63790893554688,19.206073760986328,54.24113464355469
2016-04-18,24.29876136779785,31.767499923706055,83.36433410644531,47.27494430541992,33.36955642700195,49.47802734375,176.87208557128906,19.42856216430664,54.758201599121094
2016-04-19,24.169898986816406,31.395000457763672,84.67945098876953,48.072086334228516,33.643882751464844,49.41668701171875,177.42996215820312,19.40353012084961,55.03267288208008
2016-04-20,24.219629287719727,31.649499893188477,85.35580444335938,48.770545959472656,32.03388595581055,48.715614318847656,177.59910583496094,19.2477970123291,55.4093132019043
2016-04-21,23.957382202148438,31.549999237060547,85.34829711914062,48.2846565246582,31.521282196044922,48.88210678100586,176.64385986328125,19.041994094848633,55.402957916259766
2016-04-22,23.891820907592773,31.024999618530273,85.160400390625,48.56557083129883,32.156612396240234,45.376773834228516,176.64385986328125,19.111522674560547,55.875301361083984
2016-04-25,23.756174087524414,31.309999465942383,85.3031997680664,48.2846565246582,32.279354095458984,45.66596984863281,176.33950805664062,19.320098876953125,55.747657775878906
2016-04-26,23.591135025024414,30.8439998626709,84.852294921875,48.53519821166992,32.14940643310547,45.078800201416016,176.60157775878906,19.2728271484375,55.93913650512695
2016-04-27,22.114850997924805,30.328500747680664,84.74707794189453,48.671844482421875,32.25769805908203,44.640647888183594,176.965087890625,19.306198120117188,56.46900177001953
2016-04-28,21.438886642456055,30.100000381469727,84.52915954589844,48.2846565246582,32.22159194946289,43.729251861572266,175.35897827148438,19.164363861083984,56.194488525390625
2016-04-29,21.19245719909668,32.97949981689453,84.22854614257812,47.98098373413086,32.344329833984375,43.702964782714844,174.41229248046875,18.59702491760254,56.43069076538086
2016-05-02,21.16984748840332,34.192501068115234,84.73206329345703,48.42891311645508,32.47428894042969,44.3514518737793,175.79859924316406,18.797260284423828,56.89668273925781
2016-05-03,21.51801300048828,33.566001892089844,84.68698120117188,47.49509048461914,32.37321090698242,43.624088287353516,174.2685546875,18.633176803588867,56.245574951171875
2016-05-04,21.294187545776367,33.54499816894531,84.33374786376953,46.74349594116211,32.47428894042969,43.702964782714844,173.29647827148438,18.686017990112305,56.137062072753906
2016-05-05,21.207759857177734,32.954498291015625,84.82974243164062,46.49296569824219,32.532047271728516,43.76430130004883,173.2626495361328,18.69158363342285,56.20087432861328
2016-05-06,21.089487075805664,33.6974983215332,84.72454833984375,46.766265869140625,32.71977233886719,44.15866470336914,173.8966522216797,18.98080825805664,56.50092315673828
2016-05-09,21.10540199279785,33.98749923706055,85.46102905273438,46.47018814086914,32.6619987487793,43.87822723388672,174.0403289794922,19.17548942565918,56.539222717285156
2016-05-10,21.248699188232422,35.153499603271484,86.1749496459961,47.100318908691406,33.03019714355469,44.710750579833984,176.20431518554688,19.1309871673584,57.44566345214844
2016-05-11,21.041719436645508,35.6614990234375,85.94951629638672,46.92570495605469,32.820838928222656,44.73705291748047,174.555908203125,18.60432243347168,57.16888427734375
2016-05-12,20.54815101623535,35.89649963378906,85.84426879882812,46.89533996582031,33.087955474853516,45.14015579223633,174.6066436767578,18.727581024169922,57.722469329833984
2016-05-13,20.589088439941406,35.49599838256836,85.34078216552734,46.46259307861328,32.74141311645508,44.76332473754883,173.08511352539062,18.1925106048584,57.07231140136719
2016-05-16,21.35333251953125,35.53300094604492,86.00208282470703,46.81182098388672,32.93635940551758,45.42058181762695,174.79266357421875,18.495065689086914,57.65810775756836
2016-05-17,21.264629364013672,34.76350021362305,85.54368591308594,46.81182098388672,32.308231353759766,44.57341384887695,173.16119384765625,18.237333297729492,57.63236999511719
2016-05-18,21.50800132751465,34.872501373291016,85.36331939697266,48.61869430541992,32.11330032348633,44.838157653808594,173.21185302734375,17.691051483154297,57.51649856567383
2016-05-19,21.426115036010742,34.92599868774414,84.8072280883789,48.12522888183594,31.997791290283203,44.40574264526367,172.61172485351562,19.38591957092285,58.005741119384766
2016-05-20,21.658117294311523,35.13999938964844,85.2537612915039,48.216331481933594,31.73065757751465,44.67049026489258,173.70216369628906,19.57081413269043,57.767539978027344
2016-05-23,21.933345794677734,34.837501525878906,84.89046478271484,48.178375244140625,31.74510383605957,44.14982604980469,173.46546936035156,19.4699649810791,57.67741394042969
2016-05-24,22.26769256591797,35.209999084472656,85.29159545898438,48.998294830322266,32.03388595581055,45.5264892578125,175.7140655517578,19.67726707458496,57.722469329833984
2016-05-25,22.65892219543457,35.41749954223633,85.79114532470703,49.742305755615234,32.04111099243164,45.99419021606445,176.90589904785156,19.7445068359375,58.10228729248047
2016-05-26,22.83860206604004,35.74549865722656,85.4505386352539,49.37031936645508,32.264923095703125,45.79121017456055,176.9566650390625,19.848154067993164,57.806156158447266
2016-05-27,22.8249568939209,35.61199951171875,85.5716323852539,49.67398452758789,32.32988739013672,46.170677185058594,177.71739196777344,19.820138931274414,57.94134521484375
2016-05-31,22.713502883911133,36.13949966430664,85.29159545898438,49.55250930786133,32.1999397277832,46.770755767822266,177.37930297851562,19.82854461669922,57.30405807495117
2016-06-01,22.395071029663086,35.97200012207031,85.3597412109375,49.871376037597656,32.27214050292969,46.63838577270508,177.7427520751953,19.750104904174805,57.44566345214844
2016-06-02,22.226760864257812,36.4119987487793,86.65399169921875,49.962467193603516,32.28657913208008,46.3118782043457,178.2837677001953,19.876169204711914,56.98862838745117
2016-06-03,22.27224349975586,36.277000427246094,86.85833740234375,49.07421112060547,32.51760482788086,45.702980041503906,177.75125122070312,19.853759765625,56.88563919067383
2016-06-06,22.433732986450195,36.33649826049805,87.62275695800781,49.56010818481445,32.75585174560547,46.00300598144531,178.65570068359375,19.90418243408203,57.510074615478516
2016-06-07,22.524715423583984,36.1870002746582,87.59249114990234,49.39307403564453,32.71977233886719,45.976531982421875,178.93466186523438,19.89858055114746,58.39194869995117
2016-06-08,22.50424575805664,36.332000732421875,87.64549255371094,49.53731918334961,32.88581848144531,45.92359161376953,179.51792907714844,19.968624114990234,58.44345474243164
2016-06-09,22.66573143005371,36.38249969482422,88.55371856689453,49.1577262878418,33.03742599487305,45.552955627441406,179.2727508544922,19.915393829345703,58.36620330810547
2016-06-10,22.479225158691406,35.89550018310547,88.561279296875,48.46685791015625,33.203495025634766,45.42940902709961,177.57374572753906,19.92939567565918,57.92203140258789
2016-06-13,22.140321731567383,35.762001037597656,88.394775390625,48.03413772583008,32.82517623901367,44.24690246582031,176.20431518554688,19.75851058959961,58.31470489501953
2016-06-14,22.16761589050293,35.96500015258789,88.6445541381836,47.130672454833984,32.76697540283203,43.97332763671875,175.85772705078125,19.876169204711914,58.21167755126953
2016-06-15,22.094825744628906,35.7130012512207,88.10716247558594,47.04717254638672,32.74513244628906,43.84979248046875,175.61256408691406,19.92379379272461,58.03790283203125
2016-06-16,22.188087463378906,35.8754997253418,88.28123474121094,47.236976623535156,32.963401794433594,44.467525482177734,176.13665771484375,19.974220275878906,58.72023010253906
2016-06-17,21.683135986328125,35.31949996948242,87.40328216552734,47.28251266479492,32.58510208129883,44.23807907104492,175.4807586669922,19.876169204711914,58.39838409423828
2016-06-20,21.630823135375977,35.70050048828125,88.20555114746094,47.3508415222168,32.72332763671875,44.18512725830078,176.61080932617188,19.91819190979004,58.65586853027344
2016-06-21,21.815061569213867,35.79100036621094,87.93309020996094,47.79117965698242,32.832462310791016,45.17350387573242,177.11212158203125,20.019044876098633,58.91980743408203
2016-06-22,21.733179092407227,35.529998779296875,88.14500427246094,47.60897445678711,32.636016845703125,44.99700927734375,176.8232879638672,20.100290298461914,58.68805694580078
2016-06-23,21.858280181884766,36.104000091552734,88.84130859375,48.62629318237305,32.79608917236328,45.808868408203125,179.12594604492188,20.198335647583008,59.093605041503906
2016-06-24,21.244163513183594,34.948001861572266,87.51681518554688,45.24788284301758,31.959449768066406,43.97332763671875,172.69366455078125,20.15911865234375,57.542236328125
2016-06-27,20.93482208251953,34.56800079345703,88.21315002441406,43.73709487915039,31.850305557250977,42.737876892089844,169.60079956054688,20.03024673461914,57.2010612487793
2016-06-28,21.287368774414062,35.397499084472656,89.48468017578125,45.18715286254883,32.14131546020508,43.62918472290039,172.65966796875,20.033052444458008,58.520694732666016
2016-06-29,21.471603393554688,35.779998779296875,90.31723022460938,46.46259307861328,32.330474853515625,44.599884033203125,175.59967041015625,20.29918670654297,59.51845932006836
2016-06-30,21.74454689025879,35.78099822998047,91.80825805664062,47.17622756958008,32.97795104980469,45.155845642089844,177.99578857421875,20.45606803894043,60.34243392944336
2016-07-01,21.81051254272461,36.284000396728516,91.80069732666016,46.87019729614258,32.82517623901367,45.14702224731445,178.3697052001953,20.397239685058594,60.40681457519531
2016-07-05,21.605804443359375,36.404998779296875,92.54242706298828,45.56187438964844,33.05070877075195,45.155845642089844,177.086669921875,20.48967933654785,59.87894821166992
2016-07-06,21.728626251220703,36.88050079345703,92.82247161865234,46.0515251159668,32.934295654296875,45.34115982055664,178.14881896972656,20.6801815032959,60.56772232055664
2016-07-07,21.82189178466797,36.82849884033203,92.72406768798828,46.34992218017578,32.803348541259766,45.34115982055664,178.03834533691406,20.59894371032715,59.84031677246094
2016-07-08,21.990198135375977,37.29050064086914,92.98140716552734,47.306297302246094,33.01432418823242,46.15302276611328,180.68939208984375,20.685781478881836,60.21367645263672
2016-07-11,22.058441162109375,37.68899917602539,93.04193878173828,47.64295196533203,33.152549743652344,46.40895080566406,181.32666015625,20.74741554260254,60.438968658447266
2016-07-12,22.15851593017578,37.410499572753906,93.03437805175781,48.35449981689453,33.15983200073242,46.95608139038086,182.64373779296875,20.52610206604004,61.12133026123047
2016-07-13,22.033418655395508,37.131500244140625,93.09494018554688,48.32389450073242,33.27622985839844,47.2208251953125,182.61822509765625,20.62415313720703,61.076255798339844
2016-07-14,22.470125198364258,37.060001373291016,93.23115539550781,49.058387756347656,33.23984909057617,47.423797607421875,183.63780212402344,20.646570205688477,61.12133026123047
2016-07-15,22.467859268188477,36.77199935913086,93.09494018554688,49.10429382324219,33.19621658325195,47.38847732543945,183.3914794921875,20.63815689086914,61.23077392578125
2016-07-18,22.706682205200195,36.80350112915039,93.20089721679688,48.935970306396484,33.19621658325195,47.617923736572266,183.88424682617188,20.685781478881836,61.037635803222656
2016-07-19,22.71577262878418,36.997501373291016,94.79790496826172,48.85946273803711,33.19621658325195,46.85017776489258,183.69732666015625,20.635358810424805,60.812355041503906
2016-07-20,22.736249923706055,37.2859992980957,94.71463775634766,48.91303253173828,33.108909606933594,49.3387336730957,184.46209716796875,20.671777725219727,60.4647216796875
2016-07-21,22.615699768066406,37.221500396728516,94.72220611572266,48.72937774658203,33.06525802612305,49.24166488647461,183.76536560058594,20.596145629882812,60.413238525390625
2016-07-22,22.440561294555664,37.24300003051758,94.63135528564453,48.9971809387207,33.34169387817383,49.921165466308594,184.58958435058594,20.60453987121582,60.5162353515625
2016-07-25,22.140321731567383,36.980499267578125,94.5254135131836,48.86711120605469,33.152549743652344,50.06236267089844,184.08819580078125,20.660568237304688,59.35109329223633
2016-07-26,21.987934112548828,36.77949905395508,94.72220611572266,49.0660400390625,32.65058135986328,50.088844299316406,184.17318725585938,20.654964447021484,58.91980743408203
2016-07-27,23.416339874267578,36.833499908447266,94.43458557128906,49.21906280517578,31.573850631713867,49.585819244384766,183.97776794433594,20.540109634399414,58.520694732666016
2016-07-28,23.732498168945312,37.63050079345703,94.1999740600586,49.0430793762207,31.755733489990234,49.603477478027344,184.19017028808594,20.5177001953125,58.06364440917969
2016-07-29,23.70292854309082,37.94049835205078,94.78273010253906,48.943634033203125,31.741178512573242,50.01823806762695,184.48753356933594,20.442058563232422,57.25901412963867
2016-08-01,24.121440887451172,38.387001037597656,94.91144561767578,48.81355285644531,31.610233306884766,49.929988861083984,184.3346405029297,20.66897201538086,55.26990509033203
2016-08-02,23.764345169067383,38.02899932861328,94.49512481689453,48.69879913330078,31.66843032836914,49.929988861083984,183.1535186767578,20.486879348754883,56.02949142456055
2016-08-03,24.062305450439453,37.731998443603516,93.77610778808594,49.4715576171875,31.748445510864258,50.27416229248047,183.6887969970703,20.43365478515625,56.319156646728516
2016-08-04,24.210954666137695,38.03850173950195,93.74583435058594,49.39503860473633,31.653888702392578,50.6447868347168,183.88424682617188,20.534502029418945,56.312721252441406
2016-08-05,24.579133987426758,38.29899978637695,94.03345489501953,50.7263298034668,31.63205909729004,51.14779281616211,185.38821411132812,20.663368225097656,56.36422348022461
2016-08-08,24.78266143798828,38.327999114990234,93.58692932128906,50.573299407958984,31.602943420410156,51.23603439331055,185.27781677246094,20.54571533203125,57.02726364135742
2016-08-09,24.883283615112305,38.41550064086914,93.42041778564453,50.397335052490234,31.62479591369629,51.35958480834961,185.38821411132812,20.60174560546875,57.098079681396484
2016-08-10,24.69805145263672,38.428001403808594,93.36738586425781,49.94591522216797,31.726638793945312,51.20075988769531,184.929443359375,20.858417510986328,56.0982780456543
2016-08-11,24.68204116821289,38.5620002746582,93.67772674560547,50.08363723754883,31.828500747680664,51.44783020019531,185.78762817382812,20.816110610961914,56.29954528808594
2016-08-12,24.739208221435547,38.62799835205078,93.26144409179688,49.97651290893555,32.03219223022461,51.130149841308594,185.62615966796875,20.841495513916016,57.033145904541016
2016-08-15,25.036502838134766,38.42449951171875,92.57268524169922,50.282562255859375,32.184974670410156,51.28899002075195,186.16146850585938,20.680721282958984,57.00715637207031
2016-08-16,25.013628005981445,38.20199966430664,91.0740966796875,50.274906158447266,31.886693954467773,51.00484085083008,185.20132446289062,20.559436798095703,57.078582763671875
2016-08-17,24.977039337158203,38.23149871826172,91.81582641601562,50.412628173828125,32.054019927978516,51.11140060424805,185.54971313476562,20.57071304321289,57.201934814453125
2016-08-18,24.945032119750977,38.222999572753906,91.36927032470703,50.458518981933594,32.08311462402344,51.14692306518555,185.96607971191406,20.957136154174805,57.7213249206543
2016-08-19,25.00905990600586,37.865501403808594,91.36927032470703,50.3896598815918,31.952165603637695,51.164669036865234,185.69415283203125,20.536869049072266,57.00069808959961
2016-08-22,24.814680099487305,37.9739990234375,90.76734924316406,50.34376907348633,31.821205139160156,51.209068298339844,185.68563842773438,20.50584602355957,57.1240348815918
2016-08-23,24.892433166503906,38.122501373291016,91.00354766845703,50.320804595947266,31.901229858398438,51.4044303894043,186.0594940185547,20.299936294555664,56.94875717163086
2016-08-24,24.704906463623047,37.86249923706055,90.44734954833984,50.458518981933594,31.901229858398438,51.457698822021484,185.10781860351562,20.37327766418457,57.14350128173828
2016-08-25,24.599712371826172,37.96099853515625,90.34068298339844,50.550331115722656,31.770292282104492,51.65304946899414,184.98037719726562,20.08839225769043,56.77994918823242
2016-08-26,24.455646514892578,38.45000076293945,90.69879150390625,50.665103912353516,31.515657424926758,51.52873229980469,184.63198852539062,20.065828323364258,56.656620025634766
2016-08-29,24.42820167541504,38.56449890136719,91.36927032470703,51.223636627197266,31.675718307495117,51.59089660644531,185.5412139892578,20.139163970947266,57.02666091918945
2016-08-30,24.240673065185547,38.37900161743164,91.02639770507812,51.644439697265625,31.45747184753418,51.4044303894043,185.2353057861328,20.1137752532959,56.818885803222656
2016-08-31,24.2635498046875,38.45800018310547,90.92733001708984,51.644439697265625,31.595687866210938,51.022605895996094,184.70851135253906,20.150447845458984,56.57222366333008
2016-09-01,24.407615661621094,38.53099822998047,90.72925567626953,51.42253875732422,31.53748321533203,51.13803482055664,184.7169952392578,20.54532814025879,56.37744140625
2016-09-02,24.636301040649414,38.62200164794922,90.912109375,51.63677978515625,31.763004302978516,51.209068298339844,185.54971313476562,20.449432373046875,56.753997802734375
2016-09-06,24.62944221496582,39.44350051879883,91.23975372314453,51.59852981567383,31.857593536376953,51.15580368041992,186.11053466796875,20.59046173095703,57.500572204589844
2016-09-07,24.780372619628906,39.2239990234375,91.13304901123047,51.384281158447266,31.748445510864258,51.20018768310547,186.09347534179688,20.3253173828125,57.28636169433594
2016-09-08,24.130908966064453,39.202999114990234,91.02639770507812,51.45317077636719,31.741178512573242,50.99595642089844,185.6686248779297,20.260454177856445,57.81221008300781
2016-09-09,23.5843448638916,38.00699996948242,90.08163452148438,50.99409866333008,30.751771926879883,49.91263961791992,181.22470092773438,19.828893661499023,56.37744140625
2016-09-12,24.112611770629883,38.574501037597656,90.79019165039062,51.30778503417969,31.42107582092285,50.65852355957031,183.82484436035156,20.291473388671875,56.669593811035156
2016-09-13,24.686614990234375,38.050498962402344,89.60926055908203,50.902286529541016,31.010356903076172,50.19678497314453,181.1822509765625,20.156085968017578,55.31923294067383
2016-09-14,25.56019401550293,38.054500579833984,89.79972076416016,50.80284118652344,30.885665893554688,49.95703887939453,181.1142578125,20.173011779785156,54.92322540283203
2016-09-15,26.429197311401367,38.484500885009766,90.38641357421875,50.98645782470703,31.069021224975586,50.78284454345703,182.9241180419922,20.421222686767578,55.2348518371582
2016-09-16,26.280553817749023,38.92599868774414,90.09687042236328,50.35906219482422,30.907665252685547,50.836124420166016,182.21705627441406,20.553791046142578,54.553165435791016
2016-09-19,25.974119186401367,38.755001068115234,89.6473388671875,50.642147064208984,30.878326416015625,50.55198287963867,182.25120544433594,20.333786010742188,54.4233283996582
2016-09-20,25.971824645996094,39.01100158691406,89.86830139160156,50.84873580932617,31.05434799194336,50.4454231262207,182.25965881347656,20.299936294555664,53.5858268737793
2016-09-21,25.967256546020508,39.48699951171875,90.59974670410156,51.139461517333984,31.19370460510254,51.28898620605469,184.30931091308594,20.361989974975586,54.07925033569336
2016-09-22,26.211946487426758,40.23500061035156,91.01879119873047,51.560264587402344,31.509096145629883,51.34228515625,185.47071838378906,20.38455581665039,54.235050201416016
2016-09-23,25.77515411376953,40.287498474121094,90.52352142333984,51.45317077636719,31.347732543945312,50.99595642089844,184.45449829101562,20.407121658325195,54.17660903930664
2016-09-26,25.814027786254883,39.95800018310547,89.73876953125,50.32846450805664,30.84165382385254,50.52532958984375,182.9599609375,20.20121192932129,53.923439025878906
2016-09-27,25.86205291748047,40.80550003051758,90.83592224121094,50.7722282409668,31.237720489501953,51.457698822021484,184.0958251953125,20.401477813720703,54.04029083251953
2016-09-28,26.058731079101562,41.43600082397461,90.9654541015625,51.04001235961914,30.91500473022461,51.52873229980469,185.0095672607422,20.24916648864746,56.4163932800293
2016-09-29,25.653953552246094,41.45249938964844,89.35018157958984,50.2289924621582,30.826988220214844,50.96932601928711,183.3357696533203,19.950180053710938,56.13074493408203
2016-09-30,25.8529109954834,41.865501403808594,90.00543975830078,50.94819259643555,31.039684295654297,51.14692306518555,184.71920776367188,20.34225082397461,56.663082122802734
2016-10-03,25.73170280456543,41.83700180053711,90.52352142333984,50.88697814941406,30.826988220214844,50.987083435058594,184.27511596679688,20.311214447021484,56.5137825012207
2016-10-04,25.84147834777832,41.701499938964844,90.53117370605469,51.326263427734375,30.687639236450195,50.827247619628906,183.3357696533203,20.237892150878906,55.994415283203125
2016-10-05,25.8529109954834,42.21799850463867,90.80545043945312,52.16628646850586,30.66562843322754,51.18244171142578,184.1470184326172,20.215314865112305,56.481319427490234
2016-10-06,26.045011520385742,42.08300018310547,90.47783660888672,52.30501937866211,30.592288970947266,51.27123260498047,184.27511596679688,19.563756942749023,56.507293701171875
2016-10-07,26.083881378173828,41.971500396728516,90.85116577148438,52.489967346191406,30.606952667236328,51.32451629638672,183.64315795898438,19.37759780883789,56.31251525878906
2016-10-10,26.53896713256836,42.08549880981445,91.2778549194336,52.898406982421875,30.606952667236328,51.53762435913086,184.5996856689453,19.174510955810547,57.41618728637695
2016-10-11,26.59613800048828,41.54999923706055,89.6321029663086,52.64409637451172,30.467609405517578,50.78284454345703,182.26820373535156,19.008092880249023,56.961734771728516
2016-10-12,26.833967208862305,41.704498291015625,89.88353729248047,52.50537872314453,30.64362907409668,50.71181869506836,182.50743103027344,19.027843475341797,56.56571578979492
2016-10-13,26.751644134521484,41.4640007019043,90.10447692871094,52.2048225402832,30.628952026367188,50.5430908203125,181.90953063964844,19.245031356811523,56.19565200805664
2016-10-14,26.900287628173828,41.14799880981445,89.57113647460938,52.0352783203125,30.562938690185547,50.987083435058594,182.00343322753906,19.30708122253418,56.18267822265625
2016-10-17,26.881994247436523,40.647499084472656,90.27972412109375,51.76554489135742,30.511594772338867,50.80949783325195,181.3715362548828,19.242212295532227,56.18267822265625
2016-10-18,26.863706588745117,40.88249969482422,87.93303680419922,52.17399597167969,30.782981872558594,51.20018768310547,182.50743103027344,19.4255428314209,56.33200454711914
2016-10-19,26.783660888671875,40.884498596191406,87.30824279785156,52.67491912841797,30.84165382385254,51.08475112915039,182.994140625,19.431194305419922,56.59169387817383
2016-10-20,26.769943237304688,40.51599884033203,87.52159118652344,52.605567932128906,30.75364112854004,50.836124420166016,182.65255737304688,19.38606071472168,56.617645263671875
2016-10-21,26.664749145507812,40.949501037597656,86.43204498291016,52.78281784057617,30.900331497192383,52.976131439208984,182.73789978027344,19.27605438232422,56.23462677001953
2016-10-24,26.904861450195312,41.90449905395508,86.56155395507812,53.07566833496094,31.215723037719727,54.16600799560547,183.5150909423828,19.515804290771484,56.42291259765625
2016-10-25,27.04207420349121,41.75899887084961,86.82823944091797,53.02172088623047,31.20105743408203,54.157127380371094,182.9001922607422,19.563756942749023,56.29954528808594
2016-10-26,26.43376922607422,41.12950134277344,87.28539276123047,53.27605438232422,31.127700805664062,53.83745574951172,182.53298950195312,19.628639221191406,56.53975296020508
2016-10-27,26.179933547973633,40.917999267578125,88.15397644042969,53.353111267089844,30.892995834350586,53.3668327331543,182.0462188720703,19.696327209472656,56.42939376831055
2016-10-28,26.00613784790039,38.816001892089844,87.87206268310547,53.26063537597656,30.973674774169922,53.162593841552734,181.5081329345703,19.741455078125,55.04008483886719
2016-10-31,25.964963912963867,39.49100112915039,88.37492370605469,53.376251220703125,31.098363876342773,53.207008361816406,181.5166778564453,19.749921798706055,54.09223556518555
2016-11-01,25.496164321899414,39.27050018310547,87.87968444824219,53.15275192260742,30.892995834350586,53.10043716430664,180.2016143798828,19.546836853027344,54.30646896362305
2016-11-02,25.51902961730957,38.27799987792969,87.51395416259766,52.92924118041992,30.84165382385254,52.77189254760742,179.11705017089844,19.58913803100586,54.17660903930664
2016-11-03,25.245492935180664,38.35150146484375,87.64349365234375,52.698036193847656,30.826988220214844,52.576534271240234,178.29718017578125,19.639909744262695,54.31296920776367
2016-11-04,25.0179386138916,37.752498626708984,87.70443725585938,52.22023391723633,30.57761001586914,52.132572174072266,178.10073852539062,19.507347106933594,54.2545280456543
2016-11-07,25.378814697265625,39.246498107910156,88.88540649414062,53.854034423828125,31.14237403869629,53.65097427368164,182.02911376953125,19.68222427368164,55.475032806396484
2016-11-08,25.528230667114258,39.38750076293945,89.18254089355469,53.96965026855469,31.450428009033203,53.69539260864258,182.8489532470703,19.68503761291504,55.87456130981445
2016-11-09,25.486848831176758,38.59400177001953,91.6663818359375,56.451175689697266,31.003009796142578,53.428977966308594,184.78753662109375,20.054555892944336,56.490230560302734
2016-11-10,24.77657699584961,37.11899948120117,91.07974243164062,59.07147216796875,30.02751922607422,52.12368392944336,185.24867248535156,20.136350631713867,57.01420211791992
2016-11-11,24.9237003326416,36.95050048828125,90.26449584960938,59.10227966308594,30.093538284301758,52.407814025878906,184.8217010498047,20.091215133666992,56.11034393310547
2016-11-14,24.298471450805664,35.95349884033203,88.8396987915039,61.27555465698242,30.196218490600586,51.6086540222168,184.96682739257812,19.882484436035156,55.854915618896484
2016-11-15,24.62027359008789,37.1619987487793,88.6263656616211,61.15993118286133,30.394248962402344,52.62778091430664,186.41015625,20.14480972290039,56.86355209350586
2016-11-16,25.282278060913086,37.324501037597656,88.65684509277344,59.649444580078125,30.262239456176758,53.32508087158203,186.0599822998047,20.136350631713867,56.162757873535156
2016-11-17,25.2730770111084,37.81999969482422,88.81683349609375,60.12724685668945,30.159536361694336,54.210086822509766,187.01649475097656,19.515804290771484,55.82218933105469
2016-11-18,25.298364639282227,38.007999420166016,88.50230407714844,59.88833999633789,30.00552749633789,53.95085144042969,186.59799194335938,19.332469940185547,55.854915618896484
2016-11-21,25.68222999572754,39.0,88.22611999511719,60.15038299560547,30.335582733154297,54.40678024291992,188.00704956054688,19.566579818725586,56.647430419921875
2016-11-22,25.698322296142578,39.26649856567383,86.4922866821289,60.52029037475586,30.342912673950195,54.639198303222656,188.37432861328125,19.77812385559082,56.77186965942383
2016-11-23,25.567296981811523,39.00600051879883,86.74543762207031,60.77460479736328,30.159536361694336,53.99554443359375,188.47683715820312,19.978382110595703,56.9290657043457
2016-11-25,25.696025848388672,39.01850128173828,87.55865478515625,60.751495361328125,30.46026611328125,54.11177062988281,189.1770782470703,20.091215133666992,57.0600471496582
2016-11-28,25.645456314086914,38.3385009765625,86.79147338867188,60.35845184326172,30.621623992919922,54.183284759521484,188.28890991210938,20.07992935180664,56.63432693481445
2016-11-29,25.62017250061035,38.125999450683594,86.29283142089844,60.820838928222656,30.436702728271484,54.61238098144531,188.6560821533203,20.130701065063477,56.26100540161133
2016-11-30,25.404096603393555,37.528499603271484,85.38753509521484,61.78417205810547,29.844987869262695,53.87038040161133,188.20350646972656,19.865564346313477,57.17793655395508
2016-12-01,25.167339324951172,37.182498931884766,85.44889831542969,63.032657623291016,29.71184539794922,52.92278289794922,187.51177978515625,19.933256149291992,57.13864517211914
2016-12-02,25.261585235595703,37.016998291015625,85.89388275146484,62.88623809814453,29.852375030517578,52.96748733520508,187.6056365966797,19.992490768432617,57.007652282714844
2016-12-05,25.079999923706055,37.96799850463867,85.87852478027344,64.16553497314453,30.044692993164062,53.834632873535156,188.7329864501953,19.72735595703125,57.29582595825195
2016-12-06,25.2730770111084,38.236000061035156,85.97058868408203,64.49693298339844,30.00771141052246,53.593265533447266,189.3307342529297,19.84581756591797,57.348201751708984
2016-12-07,25.521329879760742,38.520999908447266,85.23406982421875,64.78975677490234,30.54025650024414,54.86268997192383,191.807373046875,20.05603790283203,57.6822624206543
2016-12-08,25.77187728881836,38.36650085449219,85.14969635009766,65.59899139404297,30.31096839904785,54.540870666503906,192.27703857421875,19.982177734375,57.84599304199219
2016-12-09,26.192522048950195,38.43299865722656,86.1240234375,65.88412475585938,31.065404891967773,55.39908981323242,193.4384765625,19.90831756591797,58.291385650634766
2016-12-12,26.043113708496094,38.00600051879883,88.50230407714844,65.29838562011719,30.991456985473633,55.57787322998047,193.2164306640625,20.360002517700195,59.58816909790039
2016-12-13,26.4775447845459,38.71699905395508,88.90890502929688,65.32154846191406,30.887895584106445,56.30197525024414,194.50595092773438,20.396936416625977,60.6361198425293
2016-12-14,26.4775447845459,38.441001892089844,88.21843719482422,65.29838562011719,30.4810791015625,56.0338020324707,192.90048217773438,20.266258239746094,59.32621383666992
2016-12-15,26.622352600097656,38.04999923706055,88.90890502929688,66.27715301513672,30.732572555541992,55.944400787353516,193.69468688964844,20.19239616394043,59.529232025146484
2016-12-16,26.656837463378906,37.88850021362305,88.9012451171875,65.46023559570312,30.873098373413086,55.694068908691406,193.31585693359375,20.163986206054688,59.71915817260742
2016-12-19,26.81084632873535,38.29999923706055,89.00863647460938,65.837890625,30.821327209472656,56.874114990234375,193.73678588867188,20.33443260192871,59.22141647338867
2016-12-20,26.882099151611328,38.56100082397461,88.73246765136719,66.68559265136719,30.813920974731445,56.8026008605957,194.48416137695312,20.402616500854492,59.22795867919922
2016-12-21,26.907386779785156,38.529998779296875,88.46395111083984,66.85516357421875,30.74736213684082,56.8026008605957,193.94296264648438,20.237855911254883,59.12972640991211
2016-12-22,26.73038673400879,38.31700134277344,88.56365966796875,66.96304321289062,30.732572555541992,56.81153106689453,193.60794067382812,19.769121170043945,59.516136169433594
2016-12-23,26.783260345458984,38.02949905395508,88.96260833740234,67.08634948730469,30.769546508789062,56.5344123840332,193.89137268066406,19.754913330078125,59.41135787963867
2016-12-27,26.953357696533203,38.56999969482422,88.92424774169922,67.14801788330078,30.776952743530273,56.570167541503906,194.37249755859375,19.80036735534668,59.437557220458984
2016-12-28,26.83842658996582,38.60649871826172,88.3028335571289,66.66248321533203,30.61423110961914,56.3109130859375,192.76612854003906,19.6895751953125,59.142818450927734
2016-12-29,26.831525802612305,38.25749969482422,88.6020278930664,66.19236755371094,30.769546508789062,56.23046112060547,192.72312927246094,19.675365447998047,59.1755485534668
2016-12-30,26.622352600097656,37.493499755859375,88.38719940185547,66.50064086914062,30.66599464416504,55.55104064941406,192.0187530517578,19.635597229003906,59.11662292480469
2017-01-03,26.69820785522461,37.68349838256836,88.87053680419922,67.2250747680664,30.917476654052734,55.944400787353516,193.48765563964844,19.50492286682129,59.529232025146484
2017-01-04,26.668325424194336,37.85900115966797,88.72476959228516,67.34906768798828,30.80652618408203,55.694068908691406,194.63876342773438,19.618555068969727,58.87428665161133
2017-01-05,26.803945541381836,39.022499084472656,89.65306854248047,66.72911834716797,30.880502700805664,55.694068908691406,194.48416137695312,19.661165237426758,57.99665451049805
2017-01-06,27.10276985168457,39.79949951171875,89.22345733642578,66.73690032958984,30.873098373413086,56.17681884765625,195.17996215820312,19.391286849975586,57.96388626098633
2017-01-09,27.351011276245117,39.84600067138672,89.2081069946289,66.78336334228516,30.562440872192383,55.99803924560547,194.5356903076172,19.519126892089844,57.007652282714844
2017-01-10,27.37859535217285,39.79499816894531,89.11605072021484,66.97708892822266,30.355356216430664,55.98015213012695,194.5356903076172,19.38277244567871,56.280635833740234
2017-01-11,27.525707244873047,39.95100021362305,88.01897430419922,67.48078918457031,30.362749099731445,56.489715576171875,195.08551025390625,19.46799087524414,56.85700988769531
2017-01-12,27.410778045654297,40.68199920654297,87.93457794189453,66.82984924316406,30.288780212402344,55.97121047973633,194.59580993652344,19.30891227722168,56.549190521240234
2017-01-13,27.362504959106445,40.856998443603516,87.91922760009766,67.18632507324219,30.237003326416016,56.051673889160156,195.0425262451172,19.070283889770508,56.555728912353516
2017-01-17,27.583166122436523,40.486000061035156,88.12638092041016,64.74531555175781,30.48847770690918,55.89969253540039,194.3552703857422,19.436742782592773,57.21725082397461
2017-01-18,27.58087158203125,40.374000549316406,87.99595642089844,65.04753875732422,30.54025650024414,55.87287902832031,194.78480529785156,19.348674774169922,56.5098762512207
2017-01-19,27.532602310180664,40.45199966430664,87.61235809326172,64.55155944824219,30.429317474365234,55.694068908691406,194.06320190429688,19.209476470947266,55.49470138549805
2017-01-20,27.583166122436523,40.416500091552734,87.57398986816406,64.83828735351562,30.562440872192383,56.08743667602539,194.77626037597656,19.0844783782959,56.25443649291992
2017-01-23,27.601564407348633,40.89400100708008,87.389892578125,64.8692855834961,30.64380645751953,56.28409194946289,194.2693328857422,18.933923721313477,55.65188980102539
2017-01-24,27.57627296447754,41.12200164794922,85.74044036865234,65.65198516845703,30.991456985473633,56.78472137451172,195.51504516601562,19.14698028564453,55.73046875
2017-01-25,28.01531219482422,41.82600021362305,86.53833770751953,66.66712951660156,31.154172897338867,56.927757263183594,197.20724487304688,19.00210189819336,55.894222259521484
2017-01-26,28.02910614013672,41.95750045776367,85.80179595947266,67.22508239746094,30.924884796142578,57.45519256591797,197.00111389160156,18.95665168762207,56.06451416015625
2017-01-27,28.031394958496094,41.78850173950195,86.98324584960938,67.36457824707031,30.658605575561523,58.80509567260742,196.69189453125,18.652687072753906,56.00556182861328
2017-01-30,27.957843780517578,41.51900100708008,86.79147338867188,66.66712951660156,30.606821060180664,58.22400665283203,195.4720458984375,18.86857795715332,55.5798454284668
2017-01-31,27.89348030090332,41.17399978637695,86.8835678100586,65.58221435546875,30.74736213684082,57.794898986816406,195.45489501953125,18.95949363708496,54.944541931152344
2017-02-01,29.594451904296875,41.61750030517578,86.86820220947266,65.83019256591797,30.518070220947266,56.838348388671875,195.53213500976562,18.81460952758789,54.32231903076172
2017-02-02,29.54388427734375,41.997501373291016,87.12904357910156,65.55121612548828,30.621620178222656,56.47182846069336,195.66104125976562,18.9481258392334,54.65633773803711
2017-02-03,29.670307159423828,40.5099983215332,87.1827163696289,67.55829620361328,30.725175857543945,56.927757263183594,197.00970458984375,18.891311645507812,54.715293884277344
2017-02-06,29.948421478271484,40.38199996948242,86.9986343383789,67.24057006835938,30.739971160888672,56.89200210571289,196.65748596191406,18.862903594970703,54.56463623046875
2017-02-07,30.23345184326172,40.625,87.05998992919922,67.20182800292969,30.991456985473633,56.70427322387695,196.66610717773438,19.00210189819336,54.21098709106445
2017-02-08,30.35067367553711,40.98550033569336,86.9986343383789,66.6128921508789,31.080204010009766,56.623809814453125,196.92376708984375,19.26345443725586,53.854061126708984
2017-02-09,30.569995880126953,41.06800079345703,87.52030181884766,67.57378387451172,30.510671615600586,57.267459869384766,198.09202575683594,19.624231338500977,54.09199905395508
2017-02-10,30.500732421875,41.37300109863281,88.41024017333984,67.4188003540039,30.015106201171875,57.213829040527344,198.87371826171875,19.323108673095703,54.54145050048828
2017-02-13,30.77083969116211,41.826499938964844,88.9012451171875,68.30998992919922,30.044692993164062,57.857479095458984,199.95616149902344,19.25208854675293,54.858699798583984
2017-02-14,31.170230865478516,41.81949996948242,89.26947021484375,69.4026107788086,29.978124618530273,58.07334518432617,200.7550506591797,19.50492286682129,54.739742279052734
2017-02-15,31.28333854675293,42.1349983215332,89.91390228271484,70.20081329345703,29.91155242919922,58.037357330322266,201.8030242919922,19.513446807861328,54.96444320678711
2017-02-16,31.24641227722168,42.207000732421875,90.58905029296875,70.15428924560547,30.473690032958984,58.02836227416992,201.63121032714844,19.564577102661133,54.396053314208984
2017-02-17,31.331817626953125,42.253501892089844,91.18745422363281,69.92181396484375,30.495885848999023,58.11830520629883,201.94912719726562,19.706621170043945,54.03913879394531
2017-02-21,31.558061599731445,42.821998596191406,91.80117797851562,70.5262680053711,30.66599464416504,58.00136947631836,203.1517333984375,20.297504425048828,54.12504196166992
2017-02-22,31.6527156829834,42.78049850463867,91.69376373291016,70.56501007080078,30.769546508789062,57.88446044921875,202.97137451171875,20.371370315551758,53.49052810668945
2017-02-23,31.518815994262695,42.609500885009766,93.36624145507812,70.6192626953125,30.813920974731445,58.11830520629883,203.10885620117188,20.25773811340332,54.05235290527344
2017-02-24,31.548831939697266,42.262001037597656,94.77946472167969,69.99934387207031,30.902685165405273,58.11830520629883,203.3665008544922,20.56454086303711,53.58969497680664
2017-02-27,31.611154556274414,42.43199920654297,94.5246353149414,70.07681274414062,30.821327209472656,57.76754379272461,203.684326171875,20.379886627197266,53.89371871948242
2017-02-28,31.62500762939453,42.25199890136719,94.37789154052734,70.22405242919922,31.03582000732422,57.542694091796875,203.1345672607422,20.149782180786133,53.748313903808594
2017-03-01,32.27140808105469,42.65399932861328,95.65213012695312,72.53333282470703,31.183753967285156,58.406097412109375,205.9779510498047,20.013418197631836,54.871917724609375
2017-03-02,32.07978820800781,42.445499420166016,95.47450256347656,71.40193939208984,31.413057327270508,57.569679260253906,204.68081665039062,20.101491928100586,55.05699157714844
2017-03-03,32.26910400390625,42.49399948120117,95.59808349609375,71.91338348388672,31.42045021057129,57.78553771972656,204.80967712402344,19.894113540649414,54.501792907714844
2017-03-06,32.16752243041992,42.330501556396484,95.53630065917969,71.23146057128906,31.198558807373047,57.80351257324219,204.19976806640625,19.851499557495117,54.746341705322266
2017-03-07,32.209075927734375,42.30099868774414,95.62896728515625,70.83625030517578,31.05802345275879,57.920440673828125,203.58984375,19.848655700683594,54.54145050048828
2017-03-08,32.08903503417969,42.525001525878906,95.83747100830078,70.68124389648438,31.05802345275879,58.451080322265625,203.21185302734375,19.97456932067871,53.556636810302734
2017-03-09,32.01514434814453,42.650001525878906,97.26614379882812,70.96023559570312,31.08761215209961,58.21723556518555,203.46963500976562,19.991737365722656,53.979644775390625
2017-03-10,32.1213493347168,42.62300109863281,97.46695709228516,70.7354965209961,31.279911041259766,58.3971061706543,204.18260192871094,20.060422897338867,53.93997573852539
2017-03-13,32.13520050048828,42.72949981689453,97.82991027832031,70.79749298095703,31.36200523376465,58.1992301940918,204.28562927246094,20.017499923706055,53.81440734863281
2017-03-14,32.08671569824219,42.62649917602539,98.11563873291016,70.91372680664062,31.317232131958008,57.9294319152832,203.50396728515625,20.237857818603516,53.530181884765625
2017-03-15,32.42607498168945,42.64849853515625,99.59064483642578,71.08421325683594,31.429147720336914,58.235225677490234,205.26495361328125,20.197778701782227,54.1977653503418
2017-03-16,32.47918701171875,42.67100143432617,99.20452880859375,71.01445770263672,31.526155471801758,58.13628387451172,204.86122131347656,20.157716751098633,54.244022369384766
2017-03-17,32.31758499145508,42.615501403808594,98.89561462402344,70.2705307006836,31.36200523376465,58.34314727783203,204.5014190673828,20.00032615661621,54.1977653503418
2017-03-20,32.65694046020508,42.8484992980957,98.90335845947266,69.76683807373047,31.473926544189453,58.3971061706543,204.2771453857422,20.026084899902344,54.1977653503418
2017-03-21,32.282958984375,42.15999984741211,98.27008056640625,67.72103881835938,31.712696075439453,57.74955368041992,201.65431213378906,20.003189086914062,54.085391998291016
2017-03-22,32.647705078125,42.40299987792969,97.50555419921875,67.82950592041016,31.623157501220703,58.4870491027832,202.1288299560547,20.103351593017578,54.03913879394531
2017-03-23,32.53226852416992,42.36899948120117,97.22753143310547,67.72103881835938,31.466461181640625,58.34314727783203,201.9131317138672,19.991737365722656,54.1052131652832
2017-03-24,32.46763229370117,42.28049850463867,96.9031982421875,67.64353942871094,31.429147720336914,58.44207000732422,201.76644897460938,19.920198440551758,53.68880844116211
2017-03-27,32.52304458618164,42.340999603271484,97.15032196044922,67.60478210449219,31.578386306762695,58.55000305175781,201.55941772460938,19.934507369995117,53.70204544067383
2017-03-28,33.19715118408203,42.79999923706055,97.04220581054688,68.65869140625,31.660465240478516,58.72088623046875,203.02609252929688,20.123382568359375,54.09199905395508
2017-03-29,33.271018981933594,43.715999603271484,96.4707260131836,68.40298461914062,31.65300178527832,58.88278579711914,203.2158660888672,20.243574142456055,54.21098709106445
2017-03-30,33.227142333984375,43.81700134277344,96.26992797851562,68.99190521240234,31.787322998046875,59.09862518310547,203.86300659179688,20.48681640625,55.321388244628906
2017-03-31,33.16482925415039,44.32699966430664,96.18498229980469,68.06973266601562,31.667922973632812,59.23354721069336,203.38848876953125,20.62703514099121,54.20438003540039
2017-04-03,33.17405700683594,44.57550048828125,96.29309844970703,67.82176971435547,31.645544052124023,58.9547233581543,203.03472900390625,20.555496215820312,54.244022369384766
2017-04-04,33.421077728271484,45.34149932861328,96.28539276123047,68.04778289794922,31.84701919555664,59.11661911010742,203.16416931152344,20.60700225830078,54.44231033325195
2017-04-05,33.247928619384766,45.4640007019043,96.37805938720703,67.17488098144531,31.76492691040039,58.96372985839844,202.56015014648438,20.503986358642578,54.54806900024414
2017-04-06,33.16482925415039,44.91400146484375,96.57113647460938,67.40090942382812,31.839548110961914,59.11661911010742,203.12969970703125,20.44102668762207,54.86530303955078
2017-04-07,33.09093475341797,44.74399948120117,96.4707260131836,67.16707611083984,31.794780731201172,59.071659088134766,202.92262268066406,20.861690521240234,54.70008087158203
2017-04-10,33.05170440673828,45.35200119018555,96.02281188964844,66.93325805664062,31.854473114013672,58.93673324584961,203.04336547851562,20.907482147216797,54.94462203979492
2017-04-11,32.696189880371094,45.11800003051758,95.9301528930664,66.81639862060547,31.832082748413086,58.89176940917969,202.80177307128906,21.013364791870117,54.75294876098633
2017-04-12,32.73542404174805,44.811500549316406,96.84141540527344,66.55917358398438,32.041011810302734,58.66693878173828,201.9131317138672,21.01622200012207,54.8388671875
2017-04-13,32.56228256225586,44.23350143432617,96.52479553222656,65.7798080444336,31.929092407226562,58.41510009765625,200.6017303466797,20.93323516845703,53.992855072021484
2017-04-17,32.742347717285156,45.0994987487793,97.08853912353516,66.9177017211914,32.138023376464844,58.89176940917969,202.3790283203125,21.030532836914062,53.920166015625
2017-04-18,32.59691619873047,45.18899917602539,94.07669830322266,66.37213897705078,32.44395446777344,58.81084060668945,201.77508544921875,21.145000457763672,53.569847106933594
2017-04-19,32.47687530517578,44.959999084472656,93.72920227050781,65.82653045654297,32.25740051269531,58.49604034423828,201.4041290283203,21.19651985168457,53.19972610473633
2017-04-20,32.883182525634766,45.10300064086914,94.11534881591797,66.67605590820312,32.152950286865234,58.909751892089844,203.04336547851562,21.40541648864746,53.543434143066406
2017-04-21,32.84394454956055,44.92649841308594,94.03038024902344,65.87329864501953,32.138023376464844,59.719207763671875,202.3962860107422,21.445478439331055,53.3319206237793
2017-04-24,33.16020584106445,45.37049865722656,94.90303802490234,68.19586181640625,32.294715881347656,60.735504150390625,204.6222381591797,21.399690628051758,53.6095085144043
2017-04-25,33.36566925048828,45.38100051879883,95.320068359375,68.78820037841797,32.16786193847656,61.086265563964844,205.81285095214844,21.47696304321289,54.019290924072266
2017-04-26,33.16943359375,45.464500427246094,95.38182830810547,68.92070770263672,32.26488494873047,61.00531768798828,205.6834259033203,21.5856990814209,53.80119323730469
2017-04-27,33.19482421875,45.91899871826172,95.55947875976562,68.28160858154297,32.093257904052734,61.40106964111328,205.8560333251953,21.588565826416016,53.70865249633789
2017-04-28,33.16250228881836,46.2495002746582,95.35093688964844,67.8061752319336,32.197723388671875,61.57194137573242,205.40736389160156,21.514158248901367,53.9664306640625
2017-05-01,33.83891677856445,47.4114990234375,95.25055694580078,67.85295867919922,32.249942779541016,62.42637252807617,205.9250030517578,21.52846908569336,54.237422943115234
2017-05-02,34.053611755371094,47.34700012207031,95.52855682373047,67.41649627685547,32.376800537109375,62.32743835449219,206.00270080566406,21.6114559173584,54.230812072753906
2017-05-03,33.949737548828125,47.05149841308594,95.24282836914062,67.8061752319336,32.32456588745117,62.12955093383789,205.75245666503906,21.680137634277344,54.66041564941406
2017-05-04,33.8273811340332,46.87649917602539,95.72164154052734,67.8841323852539,32.57827377319336,61.88674545288086,205.99403381347656,21.84611701965332,53.959800720214844
2017-05-05,34.388362884521484,46.70750045776367,95.38182830810547,67.8061752319336,32.600643157958984,62.0576057434082,206.8050537109375,21.89190101623535,54.21098709106445
2017-05-08,35.32332229614258,47.45199966430664,95.1810531616211,67.8841323852539,32.74989318847656,62.003631591796875,206.7705078125,21.78314971923828,54.78599166870117
2017-05-09,35.549564361572266,47.64099884033203,95.15015411376953,67.6113510131836,32.46633529663086,62.09358596801758,206.58071899414062,21.954858779907227,54.40263366699219
2017-05-10,35.38104248046875,47.4474983215332,94.84125518798828,68.14130401611328,32.51111602783203,62.33643341064453,206.9517059326172,22.096019744873047,54.6495246887207
2017-05-11,35.687015533447266,47.38100051879883,95.14242553710938,67.93087005615234,32.585731506347656,61.57194137573242,206.5289306640625,21.931814193725586,55.116546630859375
2017-05-12,36.1854248046875,48.067501068115234,95.48224639892578,67.74383544921875,32.52603530883789,61.499969482421875,206.1837921142578,21.81081771850586,55.07651138305664
2017-05-15,36.092708587646484,47.89849853515625,98.06930541992188,68.07117462158203,32.630489349365234,61.54494094848633,207.3226776123047,21.9779052734375,55.24332046508789
2017-05-16,36.03938293457031,48.30350112915039,98.67164611816406,68.28160858154297,32.72004699707031,62.7841911315918,207.13294982910156,21.63796615600586,55.07651138305664
2017-05-17,34.82933807373047,47.237998962402344,97.8221664428711,65.67845916748047,32.77973175048828,61.03842544555664,203.45755004882812,21.640853881835938,54.7028694152832
2017-05-18,35.36018371582031,47.92449951171875,98.0538558959961,65.43683624267578,32.6827278137207,61.24646759033203,204.2771453857422,22.338014602661133,54.542755126953125
2017-05-19,35.48072052001953,47.992000579833984,98.07703399658203,66.07595825195312,32.757347106933594,61.22837448120117,205.6057586669922,22.692354202270508,54.66284942626953
2017-05-22,35.69629669189453,48.53350067138672,98.27782440185547,66.01360321044922,32.966285705566406,61.915809631347656,206.6497344970703,22.628976821899414,54.903045654296875
2017-05-23,35.65224838256836,48.57699966430664,98.47859954833984,66.83973693847656,33.12297058105469,62.123878479003906,207.1069793701172,22.611692428588867,55.096534729003906
2017-05-24,35.545623779296875,49.01750183105469,98.47088623046875,66.80077362060547,33.60053253173828,62.205299377441406,207.59010314941406,22.51373863220215,54.903045654296875
2017-05-25,35.66848373413086,49.66899871826172,99.1394271850586,66.52019500732422,33.884090423583984,62.97414779663086,208.58233642578125,22.559829711914062,54.542755126953125
2017-05-26,35.60821533203125,49.78900146484375,98.66522979736328,66.52800750732422,33.86917495727539,63.28169631958008,208.53919982910156,22.507980346679688,54.40933609008789
2017-05-30,35.62212371826172,49.834999084472656,98.81294250488281,65.39009094238281,33.89900588989258,63.6887321472168,208.35801696777344,22.51373863220215,54.10908126831055
2017-05-31,35.41117858886719,49.73099899291992,99.69915771484375,64.02616882324219,33.92884826660156,63.17312240600586,208.30625915527344,22.64337730407715,53.708770751953125
2017-06-01,35.508544921875,49.79750061035156,100.11113739013672,64.73538970947266,34.16762161254883,63.408321380615234,209.9627685546875,22.991954803466797,53.84221649169922
2017-06-02,36.034751892089844,50.33649826049805,101.12175750732422,64.40807342529297,34.24225616455078,64.90984344482422,210.6615753173828,22.937223434448242,53.04158020019531
2017-06-05,35.68239212036133,50.56700134277344,101.33943939208984,64.52498626708984,34.316871643066406,65.38021087646484,210.50634765625,23.12159538269043,53.455238342285156
2017-06-06,35.80292892456055,50.150001525878906,101.70480346679688,64.65747833251953,34.30940628051758,65.59732055664062,209.83331298828125,22.738449096679688,54.18246841430664
2017-06-07,36.01620101928711,50.503501892089844,101.64259338378906,65.39790344238281,33.95869445800781,65.47972106933594,210.22157287597656,22.801828384399414,53.98232650756836
2017-06-08,35.92810821533203,50.51350021362305,101.48711395263672,66.20842742919922,33.67516326904297,65.08171081542969,210.32513427734375,22.738449096679688,53.78884506225586
2017-06-09,34.534942626953125,48.91550064086914,102.24896240234375,67.7750015258789,33.81694030761719,63.607322692871094,210.00588989257812,22.87960433959961,54.79627990722656
2017-06-12,33.709693908691406,48.24549865722656,102.47440338134766,67.79061126708984,33.82439422607422,63.118865966796875,209.9627685546875,22.827754974365234,55.330039978027344
2017-06-13,33.98091506958008,49.03950119018555,102.6298828125,68.0166015625,33.877052307128906,63.90581512451172,210.9894256591797,22.908409118652344,55.35007095336914
2017-06-14,33.64942169189453,48.82350158691406,103.21293640136719,67.87632751464844,34.08019256591797,63.56208419799805,210.72203063964844,23.01789093017578,54.75626754760742
2017-06-15,33.447750091552734,48.208499908447266,103.42280578613281,67.47105407714844,34.04256820678711,63.227394104003906,210.3164825439453,22.732688903808594,54.88302230834961
2017-06-16,32.97950744628906,49.385501861572266,104.441162109375,67.16707611083984,34.087703704833984,63.31785202026367,210.36245727539062,21.675416946411133,55.70365524291992
2017-06-19,33.92295837402344,49.75849914550781,104.22352600097656,68.64013671875,34.14036560058594,64.10482025146484,212.11375427246094,21.750316619873047,55.216617584228516
2017-06-20,33.614654541015625,49.62950134277344,104.34011840820312,68.21145629882812,34.31340408325195,63.236446380615234,210.68324279785156,21.761842727661133,54.916378021240234
2017-06-21,33.81401062011719,50.11149978637695,104.87649536132812,67.89969635009766,34.01999282836914,63.56208419799805,210.6311798095703,21.9635009765625,54.3359260559082
2017-06-22,33.75836944580078,50.064998626708984,105.7627182006836,67.82176971435547,33.90713119506836,63.55306625366211,210.535888671875,21.756080627441406,54.09575271606445
2017-06-23,33.90904998779297,50.1870002746582,106.05811309814453,67.69709014892578,34.04256820678711,64.412353515625,210.78724670410156,21.5601863861084,54.44935607910156
2017-06-26,33.80241394042969,49.69900131225586,105.98819732666016,67.99324035644531,34.177982330322266,63.79726791381836,210.92596435546875,21.750316619873047,54.2025032043457
2017-06-27,33.317935943603516,48.8390007019043,104.95423889160156,68.62451934814453,33.89209747314453,62.60329055786133,209.22669982910156,21.897245407104492,54.11575698852539
2017-06-28,33.80474853515625,49.51649856567383,104.0291748046875,70.00403594970703,34.09523010253906,63.13693618774414,211.09934997558594,22.04128074645996,54.3959846496582
2017-06-29,33.30634689331055,48.79650115966797,103.11185455322266,71.04060363769531,33.72658920288086,61.95199203491211,209.2440643310547,21.874195098876953,53.84221649169922
2017-06-30,33.38517379760742,48.400001525878906,102.83976745605469,71.2354507446289,33.741634368896484,62.350013732910156,209.63418579101562,21.802173614501953,53.86222457885742
2017-07-03,33.2646369934082,47.68299865722656,103.31394958496094,72.68523406982422,33.67392349243164,61.66256332397461,209.98968505859375,21.709983825683594,54.77627944946289
2017-07-05,33.401390075683594,48.56999969482422,103.88924407958984,73.41404724121094,33.71906661987305,62.48568344116211,210.4751434326172,21.69846534729004,53.942283630371094
2017-07-06,33.08612823486328,48.25699996948242,103.01856994628906,73.17896270751953,33.40308380126953,62.02435302734375,208.55044555664062,21.741676330566406,53.455238342285156
2017-07-07,33.42224884033203,48.9379997253418,103.03411102294922,73.54728698730469,33.39555740356445,62.829429626464844,209.90298461914062,21.701351165771484,53.52195358276367
2017-07-10,33.626243591308594,49.82350158691406,102.2645034790039,73.03006744384766,33.38804244995117,63.29976272583008,210.12832641601562,21.096372604370117,53.481929779052734
2017-07-11,33.73520278930664,49.70650100708008,102.0157470703125,72.74794006347656,33.35042953491211,63.308807373046875,209.9722900390625,21.165508270263672,53.77548599243164
2017-07-12,33.78387451171875,50.32550048828125,102.79312133789062,72.49715423583984,33.48585510253906,64.35807037353516,211.5501708984375,21.30091094970703,54.01567077636719
2017-07-13,34.25445556640625,50.03150177001953,102.50548553466797,72.95951080322266,33.4256706237793,64.91893768310547,211.90565490722656,21.620683670043945,54.02235412597656
2017-07-14,34.54884719848633,50.09049987792969,103.08074951171875,72.29341888427734,33.61374282836914,65.83246612548828,212.89401245117188,21.992311477661133,54.22917556762695
2017-07-17,34.66938781738281,50.50199890136719,102.7309341430664,71.61947631835938,33.6513557434082,66.34806060791016,212.8679962158203,22.00095558166504,53.94895935058594
2017-07-18,34.78992462158203,51.22249984741211,104.52667236328125,71.36868286132812,33.60621643066406,66.30286407470703,212.98069763183594,21.951976776123047,53.77548599243164
2017-07-19,35.0078239440918,51.34349822998047,105.10970306396484,71.47053527832031,33.72658920288086,66.80939483642578,214.13375854492188,21.856914520263672,53.942283630371094
2017-07-20,34.850196838378906,51.435001373291016,106.16698455810547,71.47053527832031,33.71906661987305,67.135009765625,214.22915649414062,21.90012550354004,53.94895935058594
2017-07-21,34.8339729309082,51.28350067138672,105.18745422363281,71.22763061523438,33.877052307128906,66.74606323242188,214.0384063720703,21.937580108642578,53.455238342285156
2017-07-24,35.255855560302734,51.9474983215332,103.39947509765625,71.53324890136719,33.734107971191406,66.57418823242188,213.9863739013672,22.150754928588867,53.2884521484375
2017-07-25,35.40652847290039,51.993499755859375,102.52104187011719,72.72442626953125,34.0350341796875,67.10790252685547,214.50660705566406,22.620332717895508,53.555301666259766
2017-07-26,35.57345962524414,52.63999938964844,101.79808044433594,72.04265594482422,34.41120529174805,66.98125457763672,214.51522827148438,22.72980308532715,53.622047424316406
2017-07-27,34.90119934082031,52.29999923706055,101.70480346679688,71.7448501586914,34.69709014892578,66.17620849609375,214.3158416748047,22.983318328857422,53.928955078125
2017-07-28,34.655487060546875,51.00199890136719,102.4977035522461,71.53324890136719,34.61433029174805,66.06768035888672,214.0644073486328,22.991954803466797,53.108314514160156
2017-07-31,34.47698974609375,49.388999938964844,103.17406463623047,71.94075775146484,34.486419677734375,65.76014709472656,213.94305419921875,23.043813705444336,53.40187072753906
2017-08-01,34.7829704284668,49.80950164794922,103.01078796386719,72.90467834472656,34.381103515625,65.65158081054688,214.4198760986328,23.190732955932617,53.48860168457031
2017-08-02,36.42650604248047,49.794498443603516,102.73870849609375,72.96737670898438,34.29834747314453,65.36213684082031,214.52383422851562,23.199378967285156,53.77548599243164
2017-08-03,36.062564849853516,49.34600067138672,103.66381072998047,72.48930358886719,34.35853576660156,65.26261901855469,214.1077880859375,23.297330856323242,53.70210266113281
2017-08-04,36.25263595581055,49.37900161743164,103.53163146972656,73.39837646484375,34.230648040771484,65.7420425415039,214.4978790283203,23.184980392456055,53.515281677246094
2017-08-07,36.81363296508789,49.61349868774414,103.28289031982422,73.68051147460938,34.335968017578125,65.48876953125,214.89669799804688,23.415447235107422,53.481929779052734
2017-08-08,37.10801315307617,49.492000579833984,102.82422637939453,73.41404724121094,34.305870056152344,65.841552734375,214.36785888671875,23.50474739074707,53.348487854003906
2017-08-09,37.3351936340332,49.10049819946289,103.57050323486328,73.29650115966797,34.29834747314453,65.55208587646484,214.35914611816406,23.658395767211914,53.515281677246094
2017-08-10,36.145992279052734,47.84600067138672,103.46166229248047,72.24638366699219,34.41120529174805,64.59326934814453,211.3334197998047,23.382993698120117,53.19865417480469
2017-08-11,36.6486701965332,48.39950180053711,103.46943664550781,71.6429672241211,34.29834747314453,65.57920837402344,211.64549255371094,23.3076171875,52.68669891357422
2017-08-14,37.20021438598633,49.165000915527344,103.76486206054688,72.48149108886719,34.456336975097656,66.56517028808594,213.74363708496094,23.394588470458984,52.70016860961914
2017-08-15,37.60748291015625,49.137001037597656,103.6871109008789,72.66956329345703,34.74974822998047,66.5833511352539,213.7176513671875,23.41488265991211,52.57215881347656
2017-08-16,37.45619583129883,48.909000396728516,104.30123138427734,72.16801452636719,34.75726318359375,66.9743881225586,214.09039306640625,23.47576141357422,52.188194274902344
2017-08-17,36.73711395263672,48.028499603271484,103.42280578613281,71.03953552246094,34.50148010253906,65.83769226074219,210.7526092529297,23.104690551757812,51.373046875
2017-08-18,36.6533317565918,47.923500061035156,103.10407257080078,71.11006927490234,34.35853576660156,65.9195327758789,210.4231414794922,22.99163818359375,51.629058837890625
2017-08-21,36.58584213256836,47.66450119018555,103.74152374267578,71.02388000488281,34.366065979003906,65.61034393310547,210.58786010742188,23.107587814331055,51.45389938354492
2017-08-22,37.18392562866211,48.345001220703125,104.71324920654297,71.7526626586914,34.305870056152344,66.52879333496094,212.7899627685547,23.19745635986328,51.69640350341797
2017-08-23,37.230464935302734,47.900001525878906,103.23623657226562,71.83887481689453,34.26073455810547,66.12867736816406,212.02703857421875,23.180063247680664,51.60884475708008
2017-08-24,37.065242767333984,47.622501373291016,103.30620574951172,71.72135162353516,34.162933349609375,66.10137176513672,211.53286743164062,22.710432052612305,51.42020797729492
2017-08-25,37.202545166015625,47.26300048828125,103.01673126220703,72.01128387451172,34.28329849243164,66.21961212158203,212.02703857421875,22.794504165649414,51.68296432495117
2017-08-28,37.57721710205078,47.30099868774414,103.06369018554688,71.7840347290039,34.17046356201172,66.22870635986328,212.0356903076172,22.62056541442871,51.514522552490234
2017-08-29,37.912349700927734,47.702999114990234,103.43135833740234,71.39217376708984,34.19303512573242,66.42875671386719,212.27845764160156,22.835086822509766,51.50104904174805
2017-08-30,38.014739990234375,48.37950134277344,102.53950500488281,71.55675506591797,34.14789962768555,67.3017578125,213.28411865234375,22.768413543701172,51.265281677246094
2017-08-31,38.165992736816406,49.029998779296875,103.55654907226562,71.22763061523438,34.26825714111328,67.99285125732422,214.56729125976562,22.63216781616211,51.42020797729492
2017-09-01,38.17763900756836,48.912498474121094,102.50820922851562,71.86238861083984,34.4412841796875,67.23812103271484,214.8707275390625,22.719135284423828,51.581886291503906
2017-09-05,37.719181060791016,48.26350021362305,101.62418365478516,70.14615631103516,34.5466194152832,66.9380111694336,213.3274688720703,23.133682250976562,51.99283218383789
2017-09-06,37.679622650146484,48.38999938964844,102.2265853881836,70.61637115478516,34.576717376708984,66.74703216552734,214.05575561523438,23.214847564697266,53.0706901550293
2017-09-07,37.52833938598633,48.9734992980957,103.41573333740234,69.37816619873047,34.817466735839844,67.60185241699219,214.02975463867188,23.2264461517334,53.23908233642578
2017-09-08,36.91630554199219,48.29499816894531,102.4690933227539,69.29197692871094,34.83250427246094,67.27444458007812,213.77833557128906,22.866979598999023,53.09761428833008
2017-09-11,37.58419418334961,48.89799880981445,104.21370697021484,70.36557006835938,34.99801254272461,67.98377227783203,216.05844116210938,22.924955368041992,53.38727569580078
2017-09-12,37.435264587402344,49.12900161743164,103.75994873046875,71.22763061523438,35.14847946166992,67.91100311279297,216.78671264648438,23.07859992980957,53.55571746826172
2017-09-13,37.1536750793457,49.97999954223633,103.61911010742188,71.43138122558594,35.26132583618164,68.39297485351562,216.89077758789062,23.15107536315918,53.73758316040039
2017-09-14,36.8348388671875,49.61050033569336,104.97254180908203,71.29032897949219,34.965576171875,67.99285125732422,216.82142639160156,23.09889030456543,53.95315170288086
2017-09-15,37.20720291137695,49.339500427246094,105.18377685546875,71.79969787597656,35.018672943115234,68.48390197753906,217.11331176757812,23.301828384399414,53.939697265625
2017-09-18,36.925601959228516,48.70949935913086,105.91133880615234,72.81846618652344,34.965576171875,68.34751892089844,217.57504272460938,23.191659927368164,53.95315170288086
2017-09-19,36.939571380615234,48.49300003051758,105.78614044189453,73.6177978515625,34.86699676513672,68.60213470458984,217.7929229736328,23.206153869628906,54.04073715209961
2017-09-20,36.32052993774414,48.660499572753906,104.22150421142578,74.13504791259766,34.7153434753418,68.14747619628906,217.8712921142578,23.33660888671875,54.26303482055664
2017-09-21,35.69684600830078,48.23249816894531,103.0715103149414,74.47201538085938,34.427188873291016,67.483642578125,217.2875213623047,23.194561004638672,53.818443298339844
2017-09-22,35.347774505615234,47.755001068115234,102.78984832763672,74.31526184082031,34.49542999267578,67.66546630859375,217.3311004638672,23.055410385131836,53.83864212036133
2017-09-25,35.03592300415039,46.989498138427734,102.61773681640625,73.75888061523438,34.6471061706543,66.61972045898438,216.88673400878906,22.945249557495117,54.55272674560547
2017-09-26,35.638668060302734,46.93000030517578,102.43782043457031,73.42972564697266,34.55609893798828,66.61972045898438,217.01742553710938,23.01482391357422,54.492088317871094
2017-09-27,35.892337799072266,47.54349899291992,101.50686645507812,74.58955383300781,33.850868225097656,67.15625,217.86257934570312,22.985836029052734,54.855857849121094
2017-09-28,35.67124557495117,47.81999969482422,101.28777313232422,74.74632263183594,34.055606842041016,67.1744155883789,218.12393188476562,22.88727378845215,55.36783981323242
2017-09-29,35.866729736328125,48.067501068115234,101.71026611328125,74.84814453125,34.131439208984375,67.7382583618164,218.89071655273438,22.65245819091797,55.226383209228516
2017-10-02,35.79460144042969,47.95949935913086,102.65687561035156,75.89044952392578,33.97221374511719,67.84740447998047,219.84036254882812,22.74231719970703,54.990596771240234
2017-10-03,35.95050048828125,47.85499954223633,103.3453369140625,76.29011535644531,34.267940521240234,67.5290756225586,220.3109130859375,22.965545654296875,55.07819366455078
2017-10-04,35.71780014038086,48.272499084472656,103.96336364746094,75.5142822265625,34.503021240234375,67.92008972167969,220.5722198486328,22.927852630615234,55.09838104248047
2017-10-05,36.162288665771484,49.04249954223633,104.19805145263672,76.53111267089844,34.5181770324707,69.08406829833984,221.87913513183594,23.02062225341797,55.25333786010742
2017-10-06,36.1413459777832,49.479000091552734,104.22150421142578,76.3971176147461,34.49542999267578,69.11137390136719,221.62644958496094,22.901765823364258,55.044490814208984
2017-10-09,36.26700973510742,49.54949951171875,104.40145874023438,75.99510192871094,34.43476486206055,69.37509155273438,221.26055908203125,23.345306396484375,55.26005172729492
2017-10-10,36.28096389770508,49.36000061035156,104.75350189208984,76.56266021728516,34.783599853515625,69.37509155273438,221.8442840576172,24.388933181762695,55.41498565673828
2017-10-11,36.43223190307617,49.75,106.9048843383789,76.33406066894531,34.95799255371094,69.49333190917969,222.1927947998047,24.852767944335938,55.64403533935547
2017-10-12,36.30425262451172,50.04650115966797,107.04571533203125,75.66405487060547,34.965576171875,70.12985229492188,221.86170959472656,24.960023880004883,55.52952194213867
2017-10-13,36.534637451171875,50.14699935913086,106.73277282714844,75.56156921386719,35.018672943115234,70.46630096435547,222.1317901611328,25.11077117919922,55.51605224609375
2017-10-16,37.20720291137695,50.31700134277344,106.49030303955078,77.122314453125,35.35232925415039,70.61183166503906,222.42807006835938,24.855661392211914,55.78551483154297
2017-10-17,37.344505310058594,50.45650100708008,110.14372253417969,76.94889068603516,35.276493072509766,70.5572509765625,222.58489990234375,24.92523765563965,55.88656234741211
2017-10-18,37.17927169799805,49.849998474121094,110.05768585205078,77.24052429199219,35.18548583984375,70.575439453125,222.80270385742188,24.99481201171875,55.7518310546875
2017-10-19,36.29958724975586,49.330501556396484,111.12163543701172,77.33514404296875,35.329566955566406,70.84822845458984,222.8636932373047,25.04698944091797,55.73834228515625
2017-10-20,36.36243438720703,49.14550018310547,111.40328979492188,78.43869018554688,35.17034149169922,71.66667175292969,224.01376342773438,25.34848403930664,55.98760223388672
2017-10-23,36.34381103515625,48.314998626708984,112.35771942138672,78.3046875,35.12482833862305,71.68486022949219,223.14248657226562,25.699264526367188,56.07517623901367
2017-10-24,36.56024169921875,48.79499816894531,110.80868530273438,79.55014038085938,35.018672943115234,71.7121353149414,223.53456115722656,25.505029678344727,56.23011779785156
2017-10-25,36.399658203125,48.64550018310547,111.37196350097656,79.6289291381836,34.920082092285156,71.50296020507812,222.42807006835938,25.649974822998047,56.02802276611328
2017-10-26,36.63237762451172,48.621498107910156,110.94168853759766,80.19650268554688,35.05657958984375,71.6212387084961,222.71560668945312,25.69056510925293,56.23011779785156
2017-10-27,37.94492721557617,55.04750061035156,110.91822052001953,80.2201156616211,34.93524169921875,76.21346282958984,224.5365447998047,25.56010627746582,56.39180374145508
2017-10-30,38.79899978637695,55.54249954223633,109.52571868896484,79.9363784790039,34.775997161865234,76.28620910644531,223.7001190185547,25.206439971923828,56.277286529541016
2017-10-31,39.33890914916992,55.263999938964844,109.06412506103516,79.30577850341797,34.86699676513672,75.64058685302734,224.04867553710938,25.31079864501953,56.149288177490234
2017-11-01,38.83856201171875,55.183998107910156,109.51007080078125,79.55014038085938,34.73051071166992,75.64058685302734,224.34483337402344,25.493432998657227,56.49959182739258
2017-11-02,39.122474670410156,54.71099853515625,109.4709243774414,80.07823181152344,34.79117965698242,76.43172454833984,224.4319610595703,25.742740631103516,56.27052307128906
2017-11-03,40.14413070678711,55.58000183105469,109.58829498291016,79.9363784790039,34.85942077636719,76.5135726928711,225.18130493164062,25.99785041809082,56.034767150878906
2017-11-06,40.551387786865234,56.03300094604492,109.33794403076172,79.43976593017578,34.48027038574219,76.81365203857422,225.52981567382812,25.713754653930664,56.41875457763672
2017-11-07,40.68169403076172,56.15850067138672,109.34574127197266,77.83960723876953,34.836669921875,76.63176727294922,225.37295532226562,25.78622817993164,56.304237365722656
2017-11-08,41.01451110839844,56.64400100708008,110.55839538574219,76.96466064453125,35.018672943115234,76.8955078125,225.75628662109375,26.16598892211914,56.23011779785156
2017-11-09,40.930721282958984,56.45650100708008,109.79950714111328,76.9567642211914,35.05657958984375,76.46810150146484,224.9373321533203,26.177589416503906,56.56694412231445
2017-11-10,40.79524230957031,56.26750183105469,109.18145751953125,76.86219787597656,35.291656494140625,76.2680435180664,224.86767578125,26.357324600219727,56.39019012451172
2017-11-13,40.63176345825195,56.458499908447266,109.33794403076172,77.13809204101562,35.42814636230469,76.32260131835938,225.07672119140625,26.377613067626953,56.35618209838867
2017-11-14,40.01750564575195,56.84199905395508,109.12672424316406,76.67300415039062,35.96653747558594,76.43172454833984,224.55397033691406,26.40660285949707,55.91425704956055
2017-11-15,39.48967361450195,56.33449935913086,108.82160949707031,77.39820098876953,35.49639892578125,75.8376693725586,223.4300537109375,26.041336059570312,55.21396255493164
2017-11-16,39.96146774291992,56.864498138427734,108.64166259765625,77.61890411376953,35.29924392700195,76.03871154785156,225.329345703125,28.879423141479492,54.772037506103516
2017-11-17,39.739566802978516,56.49399948120117,107.9610595703125,77.35877227783203,34.66225814819336,75.3076171875,224.667236328125,28.256139755249023,54.55447006225586
2017-11-20,39.69986343383789,56.31549835205078,107.9062728881836,78.04456329345703,34.472679138183594,75.4264144897461,225.0506134033203,28.259042739868164,54.76523208618164
2017-11-21,40.43790817260742,56.9744987487793,108.22701263427734,77.98149871826172,34.7153434753418,76.51398468017578,226.5229949951172,27.980741500854492,54.9827995300293
2017-11-22,40.86298751831055,57.80799865722656,107.40558624267578,77.75293731689453,34.76083755493164,75.95647430419922,226.32266235351562,27.9488468170166,55.13917922973633
2017-11-24,40.86532211303711,59.29999923706055,107.96882629394531,77.50067138671875,34.79117965698242,76.09359741210938,226.84536743164062,28.009729385375977,55.356754302978516
2017-11-27,40.6597900390625,59.791500091552734,108.70088958740234,77.19322967529297,34.806339263916016,76.65106201171875,226.73219299316406,28.009729385375977,55.145965576171875
2017-11-28,40.42156982421875,59.68000030517578,110.212158203125,79.8969497680664,34.753257751464844,77.57413482666016,229.0323028564453,28.0532169342041,55.526710510253906
2017-11-29,39.58309555053711,58.063499450683594,110.04686737060547,81.76510620117188,34.503021240234375,76.16668701171875,228.89292907714844,28.2822322845459,55.93463897705078
2017-11-30,40.136627197265625,58.837501525878906,109.6690444946289,82.38782501220703,34.99230194091797,76.92523193359375,230.8968505859375,28.186574935913086,56.628135681152344
2017-12-01,39.94978332519531,58.11750030517578,110.18067932128906,82.60065460205078,35.14521408081055,77.00751495361328,230.41761779785156,28.22135353088379,56.74372100830078
2017-12-04,39.657833099365234,56.6974983215332,109.41715240478516,84.30325317382812,35.343994140625,74.10121154785156,230.13890075683594,28.12278938293457,56.81850814819336
2017-12-05,39.620460510253906,57.07849884033203,109.93665313720703,83.33370208740234,35.36692810058594,74.56729888916016,229.31114196777344,28.36050796508789,56.35618209838867
2017-12-06,39.47333526611328,57.61750030517578,111.0307388305664,82.71099090576172,35.51219177246094,75.65487670898438,229.35475158691406,28.201061248779297,55.94144821166992
2017-12-07,39.54573059082031,57.989498138427734,110.20427703857422,82.4666519165039,34.99995803833008,75.38983917236328,230.0778350830078,28.20397186279297,56.125022888183594
2017-12-08,39.557403564453125,58.099998474121094,110.66082763671875,83.499267578125,34.64063262939453,76.91609954833984,231.33251953125,28.136943817138672,56.19981002807617
2017-12-11,40.3281364440918,58.44599914550781,111.09373474121094,83.2548828125,34.65593338012695,77.89399719238281,232.029541015625,28.247697830200195,56.45136260986328
2017-12-12,40.101600646972656,58.25400161743164,112.24291229248047,84.22445678710938,34.62533950805664,78.21388244628906,232.43905639648438,28.1806640625,56.26780319213867
2017-12-13,40.23471450805664,58.20650100708008,112.47117614746094,83.16817474365234,35.091705322265625,78.00366973876953,232.41290283203125,28.489572525024414,56.5125617980957
2017-12-14,40.223026275634766,58.7130012512207,111.4951171875,82.4981689453125,35.19108581542969,77.4005126953125,231.4632110595703,28.305965423583984,56.36299514770508
2017-12-15,40.63176345825195,58.957000732421875,112.1326904296875,83.66481018066406,35.31341552734375,79.37458038330078,233.3907012939453,28.300140380859375,56.45136260986328
2017-12-18,41.203975677490234,59.52899932861328,111.61321258544922,84.31116485595703,35.11463165283203,78.94499206542969,234.8706512451172,28.530366897583008,56.39019012451172
2017-12-19,40.76487350463867,59.36899948120117,111.59746551513672,83.9564437866211,35.26755142211914,78.4423599243164,233.9686737060547,28.792644500732422,56.05021667480469
2017-12-20,40.72050857543945,58.88100051879883,111.10946655273438,83.66481018066406,35.22931671142578,78.1590347290039,233.84603881835938,28.778079986572266,56.342594146728516
2017-12-21,40.87465286254883,58.737998962402344,111.0307388305664,84.99694061279297,34.862335205078125,78.14076232910156,234.32766723632812,28.57700538635254,57.00889205932617
2017-12-22,40.87465286254883,58.417999267578125,110.29084777832031,84.6974105834961,34.854698181152344,78.14990234375,234.26638793945312,28.620716094970703,57.09046173095703
2017-12-26,39.83766555786133,58.8380012512207,110.26724243164062,84.35843658447266,35.02289581298828,78.04938507080078,233.9861297607422,28.89756965637207,57.09726333618164
2017-12-27,39.844669342041016,59.112998962402344,110.64506530761719,84.51610565185547,35.11463165283203,78.33270263671875,234.1000213623047,28.926708221435547,57.042877197265625
2017-12-28,39.956783294677734,59.30500030517578,110.63719940185547,84.96540069580078,34.95408248901367,78.34184265136719,234.58172607421875,28.967498779296875,57.12446975708008
2017-12-29,39.52470397949219,58.4734992980957,109.97599029541016,84.2953872680664,35.076412200927734,78.17731475830078,233.69720458984375,28.778079986572266,56.866092681884766
2018-01-02,40.23237991333008,59.45050048828125,109.59029388427734,85.09152221679688,34.81647491455078,78.55204772949219,235.36981201171875,28.73145294189453,57.81116485595703
2018-01-03,40.22536849975586,60.209999084472656,110.63719940185547,85.17821502685547,34.740020751953125,78.91758728027344,236.858642578125,28.982074737548828,58.94654846191406
2018-01-04,40.41221237182617,60.47949981689453,110.62931823730469,86.39844512939453,35.22931671142578,79.61219787597656,237.85684204101562,29.008302688598633,59.02814865112305
2018-01-05,40.8723258972168,61.457000732421875,111.54235076904297,85.84378814697266,35.22166442871094,80.59923553466797,239.44192504882812,29.18024253845215,58.980567932128906
2018-01-08,40.72050857543945,62.34349822998047,111.68402862548828,85.97057342529297,35.168148040771484,80.68148803710938,239.87985229492188,29.61154556274414,59.24571990966797
2018-01-09,40.7158317565918,62.6349983215332,113.4550552368164,86.4063720703125,35.343994140625,80.6266860961914,240.42283630371094,29.256013870239258,58.99415588378906
2018-01-10,40.70649719238281,62.71649932861328,113.32125091552734,87.357177734375,35.22166442871094,80.26107788085938,240.0550537109375,29.04619026184082,58.52503967285156
2018-01-11,40.93771743774414,63.83399963378906,113.9666976928711,87.82469940185547,35.198734283447266,80.49868774414062,241.8064727783203,29.148191452026367,59.10295104980469
2018-01-12,41.36046600341797,65.26000213623047,114.7302017211914,89.27471160888672,35.28282165527344,81.88786315917969,243.3828125,29.395891189575195,59.50407791137695
2018-01-16,41.15024948120117,65.24299621582031,115.59599304199219,88.95775604248047,35.57334899902344,80.74545288085938,242.55088806152344,29.34343719482422,59.130130767822266
2018-01-17,41.82991027832031,64.75,115.69046783447266,89.52825927734375,35.795066833496094,82.38139343261719,244.8627166748047,29.929197311401367,59.830440521240234
2018-01-18,41.86726760864258,64.66600036621094,115.64325714111328,89.74219512939453,35.84093475341797,82.34481811523438,244.45114135742188,30.39548110961914,59.44289779663086
2018-01-19,41.68044662475586,64.72899627685547,115.98959350585938,89.54410552978516,36.05500411987305,82.25343322753906,245.56324768066406,30.479991912841797,59.252532958984375
2018-01-22,41.33943176269531,66.3655014038086,116.60356903076172,90.59000396728516,36.223182678222656,83.72484588623047,247.56002807617188,30.730623245239258,60.00039291381836
2018-01-23,41.34877395629883,68.12699890136719,111.63683319091797,90.49492645263672,36.27671432495117,83.98989868164062,248.08543395996094,30.861757278442383,60.0344123840332
2018-01-24,40.69015884399414,67.87550354003906,111.82572937011719,91.6517562866211,36.567230224609375,83.91677856445312,247.9890594482422,30.829694747924805,60.19078063964844
2018-01-25,39.963809967041016,68.89749908447266,113.65972137451172,91.67554473876953,36.57487106323242,84.38287353515625,248.0941925048828,31.065752029418945,60.08197784423828
2018-01-26,40.05720138549805,70.10250091552734,114.39175415039062,92.16679382324219,37.102394104003906,85.96397399902344,250.96658325195312,31.5874080657959,60.51032257080078
2018-01-29,39.22808837890625,70.88400268554688,113.09297180175781,92.07173919677734,36.46784210205078,85.8360366821289,249.3026123046875,31.925447463989258,59.83720779418945
2018-01-30,38.99686813354492,71.89099884033203,112.10907745361328,91.20804595947266,36.24612808227539,84.7575912475586,246.74563598632812,31.395057678222656,59.0009765625
2018-01-31,39.104312896728516,72.54450225830078,108.77172088623047,91.6517562866211,36.38373947143555,86.83218383789062,246.8681182861328,31.065752029418945,59.35449981689453
2018-02-01,39.1860466003418,69.5,110.212158203125,92.60259246826172,36.27671432495117,86.14677429199219,246.58792114257812,30.75101661682129,60.55793380737305
2018-02-02,37.485755920410156,71.49749755859375,108.37029266357422,90.55037689208984,35.72624969482422,83.88024139404297,241.2197265625,30.447946548461914,57.47120666503906
2018-02-05,36.5491943359375,69.5,102.63221740722656,86.20829010009766,34.31951904296875,80.42559051513672,231.13125610351562,29.1685848236084,54.2009162902832
2018-02-06,38.07665252685547,72.14199829101562,103.7656478881836,88.83098602294922,34.151329040527344,83.4689712524414,235.6851348876953,29.404632568359375,53.26947021484375
2018-02-07,37.26156234741211,70.83899688720703,103.44294738769531,89.43318176269531,34.06723403930664,81.8969955444336,234.40655517578125,29.97291374206543,52.31083297729492
2018-02-08,36.23622512817383,67.5250015258789,99.46015167236328,85.47933959960938,32.951026916503906,77.6929702758789,225.61422729492188,29.148191452026367,51.719322204589844
2018-02-09,36.67945861816406,66.9800033569336,101.95526885986328,87.1908187866211,32.973968505859375,80.59008026123047,229.00326538085938,28.958759307861328,52.04901123046875
2018-02-12,38.1568603515625,69.3115005493164,102.53775024414062,88.53780364990234,33.61616516113281,81.45829772949219,232.3660888671875,29.01121711730957,52.48859405517578
2018-02-13,38.539093017578125,70.72550201416016,102.29374694824219,89.08452606201172,33.784366607666016,82.09808349609375,232.944091796875,29.42795181274414,52.40617370605469
2018-02-14,39.24966812133789,72.55249786376953,102.06549072265625,91.14466857910156,33.71554946899414,83.38356018066406,236.08792114257812,29.637781143188477,52.51606750488281
2018-02-15,40.56760025024414,73.08799743652344,103.29338073730469,91.52498626708984,34.23542022705078,85.08228302001953,239.1004180908203,30.083654403686523,52.34435272216797
2018-02-16,40.43627166748047,72.43450164794922,104.80465698242188,90.86734771728516,34.388336181640625,84.47630310058594,239.1704559326172,30.53536605834961,52.571014404296875
2018-02-20,40.30025863647461,73.4175033569336,103.010009765625,90.89108276367188,33.63145065307617,85.13739776611328,237.67294311523438,27.425870895385742,52.028411865234375
2018-02-21,40.11735534667969,74.14600372314453,102.25440216064453,91.27143859863281,33.134517669677734,84.00797271728516,236.49081420898438,26.671085357666016,51.43771743774414
2018-02-22,40.45269012451172,74.26699829101562,102.25440216064453,91.10503387451172,33.272132873535156,84.22835540771484,236.7972869873047,27.035364151000977,52.10396194458008
2018-02-23,41.15621566772461,75.0,103.91520690917969,92.95121765136719,33.66968536376953,86.36778259277344,240.57168579101562,27.070337295532227,53.25098419189453
2018-02-26,41.96996307373047,76.09750366210938,104.62022399902344,94.10807800292969,33.66204071044922,87.6165771484375,243.36526489257812,27.137359619140625,54.1507568359375
2018-02-27,41.83395004272461,75.5989990234375,104.30333709716797,92.9908447265625,33.34858322143555,86.4963150024414,240.32643127441406,26.671085357666016,53.230384826660156
2018-02-28,41.770626068115234,75.62249755859375,102.88539123535156,91.51705169677734,33.04276657104492,86.10149383544922,237.8919219970703,26.231035232543945,52.021541595458984
2018-03-01,41.03895568847656,74.67250061035156,100.82579803466797,89.87689971923828,33.20331954956055,85.25675201416016,234.43284606933594,25.960012435913086,51.65065002441406
2018-03-02,41.32271194458008,75.01249694824219,102.04570007324219,89.78974914550781,33.42503356933594,85.44039154052734,235.64126586914062,25.869667053222656,51.89104080200195
2018-03-05,41.465763092041016,76.18049621582031,102.81409454345703,91.16840362548828,33.55500793457031,85.98212432861328,238.36480712890625,26.222293853759766,52.38557434082031
2018-03-06,41.430599212646484,76.88200378417969,101.57042694091797,91.24768829345703,33.5855827331543,85.68830871582031,238.9691162109375,25.95418357849121,52.32374572753906
2018-03-07,41.04600524902344,77.25,102.22000122070312,90.90694427490234,33.50148010253906,86.18415069580078,238.88153076171875,25.56950569152832,51.005008697509766
2018-03-08,41.493919372558594,77.59300231933594,104.61231231689453,90.91487884521484,33.9831428527832,86.70751953125,240.03746032714844,25.77472496032715,50.908851623535156
2018-03-09,42.206809997558594,78.94450378417969,105.99065399169922,93.5296401977539,34.266014099121094,88.6449966430664,244.21469116210938,26.00925064086914,51.2110595703125
2018-03-12,42.61486053466797,79.91950225830078,105.06382751464844,93.22856140136719,34.044307708740234,88.85616302490234,243.9081268310547,25.81869125366211,51.67810821533203
2018-03-13,42.20447540283203,79.40899658203125,106.42633056640625,92.11133575439453,34.074867248535156,86.68917083740234,242.33187866210938,25.8861141204834,51.190467834472656
2018-03-14,41.845664978027344,79.55000305175781,104.81828308105469,91.08129119873047,33.76636505126953,86.17497253417969,241.08834838867188,25.701431274414062,50.551673889160156
2018-03-15,41.894920349121094,79.11599731445312,105.40447998046875,91.31106567382812,33.6815299987793,86.47797393798828,240.82565307617188,25.654521942138672,51.114906311035156
2018-03-16,41.74717712402344,78.58399963378906,105.89559173583984,91.46952819824219,33.519561767578125,86.86363220214844,241.0868377685547,26.141170501708984,51.595703125
2018-03-19,41.109317779541016,77.24649810791016,103.17060089111328,90.74848175048828,33.36530303955078,85.29347229003906,237.82479858398438,25.636932373046875,50.92945861816406
2018-03-20,41.095245361328125,79.32550048828125,103.9389877319336,90.83565521240234,33.28818893432617,85.51386260986328,238.22923278808594,25.783517837524414,50.819557189941406
2018-03-21,40.16425323486328,79.09300231933594,103.92314910888672,90.91487884521484,33.16477966308594,84.91699981689453,237.7720184326172,25.850934982299805,51.5407600402832
2018-03-22,39.59674072265625,77.24600219726562,100.90502166748047,87.11949920654297,32.97967529296875,82.44699096679688,231.8284454345703,25.546051025390625,50.483009338378906
2018-03-23,38.679805755615234,74.77799987792969,99.09888458251953,84.78997039794922,32.64802932739258,80.05046844482422,226.88714599609375,25.04181671142578,50.06403732299805
2018-03-26,40.51601028442383,77.79299926757812,100.91292572021484,87.40474700927734,32.92567825317383,86.1107177734375,233.094482421875,25.651594161987305,50.82643508911133
2018-03-27,39.47713851928711,74.85250091552734,100.77032470703125,85.70911407470703,33.07993698120117,82.15316009521484,229.129150390625,25.226505279541016,50.62036895751953
2018-03-28,39.04095458984375,71.57099914550781,100.96045684814453,85.57440185546875,33.411582946777344,82.07970428466797,228.45211791992188,25.73073959350586,50.00908660888672
2018-03-29,39.3458251953125,72.36699676513672,101.51496124267578,87.13533020019531,33.496429443359375,83.80593872070312,231.37118530273438,26.082536697387695,51.24539566040039
2018-04-02,39.08784484863281,68.59950256347656,98.67113494873047,85.45555114746094,32.9102668762207,81.28086853027344,226.3771209716797,25.079927444458008,50.29069900512695
2018-04-03,39.488868713378906,69.60250091552734,101.67343139648438,86.62825012207031,33.45785903930664,82.37353515625,229.2786102294922,25.446378707885742,51.527000427246094
2018-04-04,40.243980407714844,70.52850341796875,103.30524444580078,87.94356536865234,34.121158599853516,84.77926635742188,231.73170471191406,25.569509506225586,51.42398452758789
2018-04-05,40.523040771484375,72.5875015258789,103.54289245605469,89.0982666015625,34.24456787109375,84.82518768310547,233.56053161621094,25.74247169494629,52.213863372802734
2018-04-06,39.48651885986328,70.2614974975586,101.4753646850586,86.87640380859375,33.874351501464844,82.85102081298828,228.3553924560547,25.414127349853516,51.42398452758789
2018-04-09,39.878150939941406,70.30400085449219,102.56855010986328,87.91963958740234,33.804931640625,83.34683227539062,229.48080444335938,25.293933868408203,51.42398452758789
2018-04-10,40.62857437133789,71.81099700927734,103.1784896850586,89.60001373291016,33.9283447265625,85.28431701660156,233.12960815429688,25.343774795532227,52.9350471496582
2018-04-11,40.438621520996094,71.35250091552734,102.68737030029297,88.09486389160156,33.9283447265625,84.3476791381836,231.90753173828125,25.185468673706055,53.18230438232422
2018-04-12,40.837276458740234,72.42500305175781,103.32108306884766,90.2848892211914,33.95918273925781,85.92704772949219,233.8154296875,25.044750213623047,53.038055419921875
2018-04-13,40.97563934326172,71.53949737548828,103.47161102294922,87.84000396728516,34.329402923583984,85.46794128417969,233.12960815429688,25.217710494995117,53.46390914916992
2018-04-16,41.23126983642578,72.07499694824219,104.3746566772461,87.76832580566406,34.460514068603516,86.4687728881836,235.04641723632812,25.458110809326172,53.94469451904297
2018-04-17,41.79875946044922,75.19149780273438,103.4082260131836,87.76832580566406,34.61478042602539,88.21342468261719,237.5609893798828,25.76885414123535,53.80046081542969
2018-04-18,41.7049674987793,76.39199829101562,101.17433166503906,87.05955505371094,34.329402923583984,88.55314636230469,237.7369384765625,25.672115325927734,54.411746978759766
2018-04-19,40.523040771484375,77.84549713134766,101.03966522216797,88.97087860107422,34.17513656616211,88.25012969970703,236.41799926757812,25.765918731689453,54.549110412597656
2018-04-20,38.862728118896484,76.37449645996094,100.33465576171875,88.77176666259766,33.73552322387695,87.23092651367188,234.41329956054688,25.499147415161133,54.260650634765625
2018-04-23,38.750160217285156,75.89299774169922,100.46932220458984,88.34172058105469,33.920623779296875,87.5522689819336,234.37820434570312,25.241168975830078,54.65214920043945
2018-04-24,38.21079635620117,73.00450134277344,99.96232604980469,87.9276351928711,33.2187614440918,85.50464630126953,231.22174072265625,25.36722183227539,53.81420135498047
2018-04-25,38.37729263305664,73.00849914550781,100.41385650634766,87.59313201904297,32.72514724731445,84.7608871459961,231.79319763183594,25.554847717285156,54.604068756103516
2018-04-26,38.51096725463867,75.89800262451172,101.40406036376953,87.68077087402344,32.971954345703125,86.55144500732422,234.1494903564453,25.780582427978516,55.538177490234375
2018-04-27,38.06539535522461,78.63099670410156,101.61003875732422,87.12327575683594,33.40388107299805,87.9838638305664,234.36944580078125,25.59002685546875,53.4295654296875
2018-04-30,38.75484848022461,78.30650329589844,100.1999740600586,86.62953186035156,33.32674789428711,85.87195587158203,232.56700134277344,25.93302345275879,53.402095794677734
2018-05-01,39.65537643432617,79.11299896240234,99.81976318359375,86.62953186035156,32.84856033325195,87.23092651367188,232.98023986816406,25.625205993652344,52.85261535644531
2018-05-02,41.40713882446289,78.48400115966797,97.8314208984375,85.94464111328125,32.43978500366211,85.8627700805664,231.41517639160156,25.311525344848633,52.74959945678711
2018-05-03,41.482181549072266,78.60399627685547,97.4591293334961,85.40308380126953,32.308658599853516,86.376953125,230.9052276611328,25.279277801513672,52.571014404296875
2018-05-04,43.10968017578125,79.04750061035156,98.37803649902344,86.35078430175781,32.671165466308594,87.37783813476562,233.8945770263672,25.660383224487305,52.818275451660156
2018-05-07,43.42156982421875,80.00700378417969,97.90272521972656,87.09939575195312,32.5014762878418,88.35114288330078,234.68588256835938,25.056472778320312,53.39521789550781
2018-05-08,43.630279541015625,79.61949920654297,97.12642669677734,88.3895034790039,32.24695587158203,87.97467803955078,234.68588256835938,25.135629653930664,53.63560485839844
2018-05-09,43.93748474121094,80.4000015258789,97.83937072753906,90.31674194335938,32.22382736206055,89.01227569580078,236.9542694091797,24.349952697753906,54.899417877197266
2018-05-10,44.56595993041992,80.4540023803711,99.29692077636719,91.01754760742188,32.5323371887207,89.9029312133789,239.16998291015625,24.39420509338379,56.12886428833008
2018-05-11,44.39646911621094,80.14550018310547,100.79409790039062,90.67510986328125,32.5014762878418,89.7101058959961,239.8998260498047,24.59776496887207,56.39250946044922
2018-05-14,44.292877197265625,80.0770034790039,99.85935974121094,90.70697021484375,32.42435073852539,90.01311492919922,240.01409912109375,24.89571762084961,56.77409744262695
2018-05-15,43.89033889770508,78.80599975585938,99.12265014648438,90.01411437988281,32.177547454833984,89.36117553710938,238.361083984375,24.934064865112305,56.7463493347168
2018-05-16,44.299949645996094,79.36399841308594,99.29692077636719,90.260986328125,32.04642868041992,89.59175109863281,239.3634490966797,25.409034729003906,56.90593719482422
2018-05-17,44.01982116699219,79.08799743652344,98.10871124267578,89.9583740234375,32.62488555908203,88.69721984863281,239.1612091064453,24.92522430419922,56.80877685546875
2018-05-18,43.85972595214844,78.71849822998047,98.41764831542969,88.50099182128906,32.5323371887207,88.86322784423828,238.56338500976562,24.674468994140625,56.40638732910156
2018-05-21,44.17048645019531,79.27300262451172,98.00570678710938,89.31328582763672,32.709720611572266,90.00674438476562,240.35704040527344,24.931123733520508,57.08631134033203
2018-05-22,44.05982208251953,79.06999969482422,97.36407470703125,89.99818420410156,32.58631896972656,89.9145278930664,239.68881225585938,24.594810485839844,56.642276763916016
2018-05-23,44.34232711791992,80.09300231933594,97.79183197021484,89.58405303955078,32.7020149230957,90.98426055908203,240.3481903076172,24.488605499267578,56.99610900878906
2018-05-24,44.292877197265625,80.15350341796875,96.84124755859375,88.58065032958984,32.64030838012695,90.66148376464844,239.85577392578125,24.441410064697266,55.6917610168457
2018-05-25,44.39412307739258,80.50749969482422,96.9370346069336,88.126708984375,32.7020149230957,90.7076187133789,239.2843475341797,24.326356887817383,54.60943603515625
2018-05-29,44.23404312133789,80.64350128173828,95.28508758544922,84.35986328125,32.9179801940918,90.38483428955078,236.53231811523438,24.30865478515625,54.40821075439453
2018-05-30,44.13987350463867,81.24449920654297,96.53799438476562,86.28707122802734,33.26504135131836,91.2516860961914,239.68881225585938,24.816070556640625,56.54515075683594
2018-05-31,43.99156188964844,81.48100280761719,95.46064758300781,85.21996307373047,33.16477966308594,91.15027618408203,238.22042846679688,24.349950790405273,56.3647575378418
2018-06-01,44.78489685058594,82.0770034790039,96.76941680908203,86.326904296875,33.2573356628418,92.94853973388672,240.55923461914062,24.482711791992188,56.77409744262695
2018-06-04,45.159210205078125,83.26349639892578,97.3200454711914,86.36673736572266,33.54270935058594,93.76009368896484,241.7022247314453,25.19957733154297,56.17743682861328
2018-06-05,45.50762939453125,84.81749725341797,96.94498443603516,85.88095092773438,33.24961471557617,94.23963165283203,241.8780517578125,24.96356773376465,55.97622299194336
2018-06-06,45.665340423583984,84.7874984741211,97.99040985107422,87.88780212402344,33.519561767578125,94.51628112792969,243.90029907226562,24.94587516784668,56.93368148803711
2018-06-07,45.54293441772461,84.46499633789062,98.42134857177734,88.23820495605469,33.50413513183594,93.03155517578125,243.87393188476562,25.060924530029297,57.50260543823242
2018-06-08,45.12861251831055,84.19950103759766,99.00391387939453,88.48507690429688,33.897483825683594,93.72321319580078,244.5949249267578,24.886873245239258,58.002140045166016
2018-06-11,45.0179557800293,84.45600128173828,97.88668060302734,88.2621078491211,34.03632354736328,93.1883316040039,244.92022705078125,24.869163513183594,57.65523910522461
2018-06-12,45.26514434814453,84.9375,97.79092407226562,87.7524185180664,34.25227355957031,93.4281005859375,245.23680114746094,24.81016731262207,57.183433532714844
2018-06-13,44.893184661865234,85.24299621582031,97.86272430419922,87.57721710205078,34.07487487792969,93.00386810302734,244.45425415039062,24.807218551635742,56.55207061767578
2018-06-14,44.91672897338867,86.19300079345703,97.68717193603516,86.03225708007812,33.911468505859375,93.52952575683594,245.0697021484375,24.71871566772461,56.81574249267578
2018-06-15,44.455318450927734,85.79850006103516,97.84676361083984,85.9287109375,34.331668853759766,92.33988952636719,244.75709533691406,24.692163467407227,55.962364196777344
2018-06-18,44.431793212890625,86.18949890136719,96.81729888916016,86.1517105102539,33.88811492919922,93.01311492919922,244.25364685058594,24.485660552978516,56.07337188720703
2018-06-19,43.71377944946289,86.73899841308594,97.81483459472656,85.64998626708984,33.927032470703125,93.01311492919922,243.31748962402344,24.66561508178711,55.99009323120117
2018-06-20,43.90446472167969,87.50399780273438,97.39188385009766,85.64202117919922,33.66246795654297,93.94451904296875,243.7325897216797,24.66561508178711,55.81665802001953
2018-06-21,43.65963363647461,86.51100158691406,96.92105102539062,85.61813354492188,33.530181884765625,93.27132415771484,242.20465087890625,24.84261703491211,55.28936004638672
2018-06-22,43.532501220703125,85.78350067138672,98.0302963256836,84.21651458740234,33.65467834472656,92.59811401367188,242.64625549316406,25.022571563720703,56.46189498901367
2018-06-25,42.88511657714844,83.15750122070312,97.830810546875,83.45201110839844,33.911468505859375,90.7352523803711,239.3431396484375,25.509336471557617,55.32405090332031
2018-06-26,43.41716003417969,84.55449676513672,97.63927459716797,83.50772857666016,33.7169189453125,91.37158203125,239.87303161621094,25.364782333374023,55.94846725463867
2018-06-27,43.353599548339844,83.02549743652344,97.04873657226562,82.21761322021484,33.51461410522461,89.951416015625,237.8859100341797,25.633235931396484,56.690853118896484
2018-06-28,43.669044494628906,85.07250213623047,97.35994720458984,83.56346893310547,33.82587432861328,90.95660400390625,239.24603271484375,25.329378128051758,56.87123107910156
2018-06-29,43.57723617553711,84.98999786376953,96.83325958251953,82.98213195800781,34.12935256958008,90.93814086914062,239.59039306640625,25.267431259155273,57.39851760864258
2018-07-02,44.064537048339844,85.68900299072266,97.02479553222656,83.68291473388672,34.043758392333984,92.229248046875,240.10267639160156,24.780668258666992,56.725547790527344
2018-07-03,43.297096252441406,84.697998046875,97.92655944824219,82.51226806640625,34.23051834106445,91.34394073486328,239.25477600097656,24.91047477722168,57.058555603027344
2018-07-05,43.645503997802734,84.98650360107422,99.75404357910156,83.04873657226562,34.751869201660156,91.99869537353516,241.20663452148438,24.948814392089844,57.107139587402344
2018-07-06,44.25051498413086,85.53150177001953,100.35259246826172,83.32097625732422,34.736297607421875,93.28974914550781,243.2467803955078,24.931123733520508,57.121002197265625
2018-07-09,44.86495590209961,86.95099639892578,100.59199523925781,85.89925384521484,34.5495491027832,93.92608642578125,245.4370574951172,25.35003089904785,57.51648712158203
2018-07-10,44.81079864501953,87.15350341796875,101.65338134765625,85.37078094482422,34.99308776855469,94.17509460449219,246.32037353515625,25.727642059326172,58.04377365112305
2018-07-11,44.22932434082031,87.75,100.74359893798828,85.18663024902344,34.85302734375,94.04597473144531,244.5185546875,25.527042388916016,57.3013916015625
2018-07-12,44.97086715698242,89.83100128173828,101.95663452148438,85.55494689941406,34.7596435546875,96.08403778076172,246.73538208007812,25.52408218383789,57.37077713012695
2018-07-13,45.041507720947266,90.65149688720703,100.49620819091797,85.1626205444336,34.81411361694336,97.2275619506836,246.92970275878906,25.872194290161133,57.80093765258789
2018-07-16,44.94263458251953,91.12449645996094,99.50666046142578,88.54156494140625,34.80633544921875,96.748046875,246.7088623046875,25.8544921875,57.23201370239258
2018-07-17,45.069740295410156,92.19650268554688,103.03396606445312,88.47750091552734,35.21097183227539,97.70710754394531,247.70687866210938,26.016754150390625,57.107139587402344
2018-07-18,44.822574615478516,92.14600372314453,101.98856353759766,89.30223083496094,35.109806060791016,96.94168853759766,248.22796630859375,25.98134994506836,57.04469680786133
2018-07-19,45.170963287353516,90.64849853515625,100.50420379638672,87.98907470703125,35.102020263671875,96.27769470214844,247.29180908203125,25.878097534179688,56.89898681640625
2018-07-20,45.06740188598633,90.68499755859375,100.43238067626953,89.10203552246094,35.234310150146484,98.002197265625,247.0091552734375,25.9783992767334,56.47576904296875
2018-07-23,45.10741424560547,90.0999984741211,101.05484771728516,90.75948333740234,34.977516174316406,99.56995391845703,247.46839904785156,25.851551055908203,56.47576904296875
2018-07-24,45.43465042114258,91.46199798583984,103.23350524902344,91.40006256103516,35.21875,99.2840805053711,248.71356201171875,25.948898315429688,57.592803955078125
2018-07-25,45.86308670043945,93.18049621582031,102.6429443359375,92.22479248046875,35.86460876464844,102.20745849609375,250.83340454101562,25.931198120117188,57.995208740234375
2018-07-26,45.719482421875,90.4000015258789,103.96765899658203,91.9605712890625,35.98133850097656,101.09158325195312,250.24160766601562,26.028553009033203,58.44617462158203
2018-07-27,44.9591064453125,90.8635025024414,104.98116302490234,92.90538024902344,35.95799255371094,99.30252075195312,248.5458526611328,25.999052047729492,56.8365364074707
2018-07-30,44.707218170166016,88.96099853515625,105.47596740722656,93.46586608886719,35.97355270385742,97.1722183227539,247.2476348876953,26.220306396484375,56.711666107177734
2018-07-31,44.79667282104492,88.87200164794922,105.75527954101562,92.04061889648438,36.284793853759766,97.82696533203125,248.46644592285156,26.323562622070312,56.55207061767578
2018-08-01,47.435646057128906,89.8584976196289,105.85103607177734,92.60911560058594,36.098060607910156,98.01139831542969,248.05133056640625,26.0314998626709,55.77500915527344
2018-08-02,48.82223892211914,91.71649932861328,104.74176025390625,93.0014877319336,35.93465042114258,99.20105743408203,249.40261840820312,26.184906005859375,55.4420051574707
2018-08-03,48.96348190307617,91.16449737548828,105.3003921508789,93.75411987304688,36.27702331542969,99.63451385498047,250.47132873535156,26.432708740234375,55.64320755004883
2018-08-06,49.21772384643555,92.38749694824219,105.35624694824219,93.77815246582031,36.30036544799805,99.71749114990234,251.38978576660156,26.45336151123047,55.62932586669922
2018-08-07,48.756317138671875,93.1240005493164,104.90934753417969,94.12244415283203,36.18364334106445,100.4091567993164,252.219970703125,26.482864379882812,56.38556671142578
2018-08-08,48.78927993774414,94.32599639892578,104.67789459228516,94.31462860107422,35.91130065917969,100.97167205810547,252.11399841308594,26.565465927124023,56.010921478271484
2018-08-09,49.17299270629883,94.9260025024414,104.70187377929688,93.58597564697266,36.06691360473633,101.1376953125,251.76947021484375,26.411174774169922,55.72646713256836
2018-08-10,49.02653503417969,94.31500244140625,104.34273529052734,92.6651840209961,35.85681915283203,100.51982879638672,250.08273315429688,26.758337020874023,55.670379638671875
2018-08-13,49.34309005737305,94.80999755859375,103.9197998046875,91.19190216064453,35.662296295166016,99.79126739501953,249.14651489257812,26.59810447692871,55.06753921508789
2018-08-14,49.55098342895508,95.98249816894531,103.34521484375,91.80042266845703,35.7089958190918,101.0362319946289,250.73617553710938,26.957134246826172,54.89229965209961
2018-08-15,49.6667366027832,94.13099670410156,104.08740234375,91.03974914550781,35.85681915283203,99.6661376953125,248.86386108398438,26.770200729370117,53.93199157714844
2018-08-16,50.394351959228516,94.32599639892578,105.72333526611328,91.89649200439453,35.96577072143555,99.6476058959961,250.8774871826172,29.26859474182129,54.67501449584961
2018-08-17,51.40072250366211,94.11100006103516,107.3114242553711,91.89649200439453,36.26146697998047,99.59207916259766,251.76058959960938,29.0341854095459,54.85727310180664
2018-08-20,50.8998908996582,93.83550262451172,109.23466491699219,91.7763900756836,36.36261749267578,98.934814453125,252.2994384765625,28.485246658325195,55.242794036865234
2018-08-21,50.800689697265625,94.1709976196289,108.01367950439453,92.33686065673828,35.96577072143555,98.11088562011719,252.89117431640625,28.508989334106445,55.25682067871094
2018-08-22,50.803043365478516,95.24500274658203,107.42315673828125,92.0566177368164,35.74010467529297,99.11068725585938,252.74107360839844,28.3873291015625,56.048892974853516
2018-08-23,50.90699005126953,95.1449966430664,107.8221664428711,91.86445617675781,35.56114196777344,99.57356262207031,252.40542602539062,28.2419376373291,55.43206024169922
2018-08-24,51.06525421142578,95.26950073242188,108.49250793457031,91.82442474365234,35.50666809082031,100.35118865966797,253.9245147705078,28.173696517944336,55.810569763183594
2018-08-27,51.48576736450195,96.38400268554688,108.38807678222656,93.4498519897461,35.5533561706543,101.46208953857422,255.92938232421875,28.052038192749023,56.35731887817383
2018-08-28,51.90155792236328,96.64099884033203,107.90606689453125,92.99346923828125,35.30434036254883,102.0730972290039,256.0530090332031,28.506027221679688,56.273216247558594
2018-08-29,52.67640686035156,99.90499877929688,108.33987426757812,92.68917846679688,35.27322006225586,103.70240783691406,257.4308166503906,28.378433227539062,56.67975997924805
2018-08-30,53.16070556640625,100.11900329589844,108.41217803955078,92.2327880859375,34.977516174316406,103.63760375976562,256.3885803222656,28.514923095703125,56.434444427490234
2018-08-31,53.774925231933594,100.635498046875,108.20332336425781,91.7443618774414,34.681819915771484,103.9893798828125,256.3974609375,28.44370460510254,56.19610595703125
2018-09-04,53.947364807128906,101.97550201416016,107.42405700683594,92.20075988769531,34.82967758178711,103.41541290283203,255.95584106445312,28.29534339904785,56.280216217041016
2018-09-05,53.59537124633789,99.74099731445312,109.14323425292969,91.75237274169922,35.31211853027344,100.43449401855469,255.26693725585938,28.66922378540039,57.030250549316406
2018-09-06,52.70476531982422,97.91549682617188,109.95462799072266,91.36003112792969,35.615596771240234,100.66594696044922,254.49856567382812,28.618776321411133,56.399375915527344
2018-09-07,52.2795295715332,97.60350036621094,110.31614685058594,91.53617095947266,35.57670593261719,100.17529296875,254.0040283203125,28.4348087310791,57.35971450805664
2018-09-10,51.57789993286133,96.95050048828125,110.22775268554688,91.04774475097656,35.84126281738281,101.2584228515625,254.445556640625,28.752294540405273,57.27558517456055
2018-09-11,52.8819465637207,99.35749816894531,111.2721176147461,91.624267578125,35.810142517089844,102.98031616210938,255.2846221923828,28.675155639648438,58.0816764831543
2018-09-12,52.22520065307617,99.5,111.9549560546875,90.54330444335938,35.98133850097656,103.41541290283203,255.3465118408203,28.476348876953125,58.270938873291016
2018-09-13,53.48670959472656,99.49349975585938,112.3807373046875,90.8956298828125,35.965641021728516,104.5263442993164,256.8567199707031,28.224136352539062,57.70317459106445
2018-09-14,52.879573822021484,98.5094985961914,112.05941009521484,90.87960815429688,36.09120559692383,104.95215606689453,256.9009094238281,28.066879272460938,58.12375259399414
2018-09-17,51.47159957885742,95.40149688720703,112.43698120117188,91.15184783935547,36.35017013549805,103.81346893310547,255.54075622558594,28.135120391845703,58.467227935791016
2018-09-18,51.55664825439453,97.05249786376953,112.90291595458984,91.52014923095703,36.04411315917969,104.80404663085938,256.92730712890625,28.316120147705078,58.621421813964844
2018-09-19,51.58735275268555,96.32099914550781,112.8386459350586,94.17852020263672,36.06764602661133,103.40616607666016,257.2011413574219,28.259750366210938,59.322410583496094
2018-09-20,51.9795036315918,97.21499633789062,114.05973052978516,94.9872055053711,36.601287841796875,105.1373291015625,259.2854309082031,28.411067962646484,59.455570220947266
2018-09-21,51.41961669921875,95.75050354003906,114.78276062011719,94.3626708984375,36.55420684814453,105.77608489990234,259.0486145019531,28.455575942993164,59.700897216796875
2018-09-24,52.159053802490234,96.71800231933594,112.8466796875,93.45789337158203,36.15397262573242,106.15564727783203,258.18804931640625,28.164793014526367,60.70328903198242
2018-09-25,52.489784240722656,98.72750091552734,111.37651824951172,93.1936264038086,35.84791564941406,105.95195770263672,257.94842529296875,28.218196868896484,60.63319396972656
2018-09-26,52.071632385253906,98.74250030517578,110.99092864990234,92.09666442871094,35.9813346862793,105.51686096191406,257.1766357421875,28.066879272460938,60.12849426269531
2018-09-27,53.14179992675781,100.64900207519531,111.03913879394531,91.69631958007812,36.10688400268555,105.91494750976562,257.8951721191406,27.930381774902344,60.12147521972656
2018-09-28,53.32843017578125,100.1500015258789,110.99900817871094,90.35113525390625,36.2481575012207,105.87792205810547,257.921875,27.865102767944336,59.59574890136719
2018-10-01,53.68750762939453,100.21800231933594,112.22003173828125,90.87960815429688,36.279544830322266,107.02584838867188,258.8179016113281,28.010496139526367,60.1495246887207
2018-10-02,54.164710998535156,98.56549835205078,112.85470581054688,91.25593566894531,36.499271392822266,106.5999984741211,258.66705322265625,28.233034133911133,60.60515213012695
2018-10-03,54.82380676269531,97.63800048828125,111.68984985351562,92.11270141601562,35.99702835083008,106.6185302734375,258.8089904785156,27.91257667541504,60.38785934448242
2018-10-04,53.859962463378906,95.47100067138672,111.94692993164062,92.94317626953125,35.9813346862793,104.41522216796875,256.7862243652344,27.954124450683594,59.98830795288086
2018-10-05,52.98588562011719,94.48249816894531,111.74608612060547,92.41908264160156,36.00487518310547,103.80423736572266,255.34898376464844,27.68706703186035,59.82004928588867
2018-10-08,52.863037109375,93.22100067138672,111.97905731201172,92.98350524902344,36.47572708129883,102.6192855834961,255.34898376464844,28.09654998779297,60.373817443847656
2018-10-09,53.59537124633789,93.51599884033203,111.82640838623047,92.33843994140625,36.40510940551758,103.92460632324219,254.9763641357422,28.80571174621582,60.64021301269531
2018-10-10,51.11251449584961,87.76249694824219,110.6455078125,89.87921142578125,35.84791564941406,98.27754211425781,246.9029998779297,28.41403579711914,59.24527359008789
2018-10-11,50.661293029785156,85.96800231933594,107.52046203613281,87.1861343383789,35.031768798828125,98.04609680175781,241.46461486816406,27.868070602416992,57.198482513427734
2018-10-12,52.470890045166016,89.43049621582031,107.54454803466797,86.23468780517578,35.06315231323242,101.4343032836914,244.81817626953125,28.13214874267578,57.044254302978516
2018-10-15,51.34873962402344,88.04750061035156,107.60883331298828,85.74283599853516,35.243656158447266,99.610595703125,243.4429931640625,27.838394165039062,56.65174865722656
2018-10-16,52.480323791503906,90.99800109863281,109.70555114746094,87.58123779296875,35.69880676269531,102.75812530517578,248.76609802246094,28.428876876831055,56.918087005615234
2018-10-17,52.253543853759766,91.58650207519531,112.03527069091797,88.55685424804688,35.989173889160156,102.48968505859375,248.8104248046875,28.651424407958984,57.128387451171875
2018-10-18,51.032196044921875,88.53600311279297,112.06741333007812,87.15388488769531,35.79299545288086,100.44375610351562,245.21739196777344,28.535696029663086,57.37371826171875
2018-10-19,51.809410095214844,88.20149993896484,111.70594024658203,87.00874328613281,36.35801315307617,100.5918960571289,245.0842742919922,28.82647705078125,57.45783615112305
2018-10-22,52.12596893310547,89.46499633789062,111.4086685180664,85.75899505615234,36.075496673583984,101.4898452758789,243.98419189453125,28.823514938354492,56.88304901123047
2018-10-23,52.617347717285156,88.43499755859375,111.60948944091797,84.86397552490234,36.381553649902344,100.07347106933594,242.74212646484375,29.01934814453125,55.964778900146484
2018-10-24,50.81249237060547,83.20999908447266,110.43663024902344,83.28360748291016,36.67192459106445,94.72264099121094,235.387451171875,28.948137283325195,54.40863800048828
2018-10-25,51.9251708984375,89.1084976196289,111.23998260498047,84.54950714111328,36.499271392822266,100.25862884521484,239.61041259765625,29.428829193115234,54.89229965209961
2018-10-26,51.09833908081055,82.1405029296875,110.03494262695312,83.38842010498047,36.036258697509766,99.01812744140625,235.396240234375,29.35761260986328,54.345550537109375
2018-10-29,50.13920593261719,76.94400024414062,110.50086212158203,84.54145050048828,36.46002960205078,96.13902282714844,234.09205627441406,29.612791061401367,54.00910568237305
2018-10-30,50.38962173461914,76.52100372314453,113.07162475585938,86.03313446044922,37.37820053100586,96.0279312133789,237.56100463867188,30.39020538330078,55.22175979614258
2018-10-31,51.703102111816406,79.90049743652344,112.46106719970703,87.90375518798828,37.57439041137695,98.87925720214844,240.09832763671875,29.75522232055664,55.85261535644531
2018-11-01,52.49686050415039,83.27649688720703,113.12785339355469,87.87150573730469,37.46453094482422,98.05532836914062,242.65345764160156,29.844242095947266,56.54656982421875
2018-11-02,49.01471710205078,83.27649688720703,113.01537322998047,87.38771057128906,37.6685676574707,98.27754211425781,241.21621704101562,30.069734573364258,57.44380569458008
2018-11-05,47.62326431274414,81.38999938964844,114.23648834228516,87.96019744873047,38.210060119628906,99.52729034423828,242.54701232910156,30.53559684753418,57.226505279541016
2018-11-06,48.13826370239258,82.1405029296875,114.53367614746094,88.37141418457031,38.53964614868164,99.72167205810547,244.081787109375,30.66021728515625,57.47183609008789
2018-11-07,49.598228454589844,87.77449798583984,116.28502655029297,89.88726806640625,38.74367141723633,103.64685821533203,249.30740356445312,30.953968048095703,58.200836181640625
2018-11-08,49.42516326904297,87.74549865722656,116.72685241699219,90.61294555664062,38.71229553222656,103.45244598388672,248.85476684570312,31.120136260986328,57.27558517456055
2018-11-09,48.47218322753906,85.62149810791016,116.75900268554688,89.73409271240234,38.98695755004883,101.4343032836914,246.4239501953125,31.321903228759766,57.26142120361328
2018-11-12,46.030426025390625,81.84249877929688,116.98394775390625,87.84729766845703,39.13606643676758,98.934814453125,241.81939697265625,30.820451736450195,56.525028228759766
2018-11-13,45.57052230834961,81.55850219726562,116.22876739501953,88.36334228515625,39.12821960449219,98.99958801269531,241.366943359375,30.54450035095215,55.22926712036133
2018-11-14,44.283287048339844,79.95050048828125,115.88336181640625,86.54108428955078,39.04973602294922,97.59568786621094,239.71688842773438,30.126121520996094,54.79734802246094
2018-11-15,45.37614440917969,80.97200012207031,116.08417510986328,88.75039672851562,39.034061431884766,99.74340057373047,242.2187042236328,29.53564453125,55.36380386352539
2018-11-16,45.878719329833984,79.67050170898438,117.28120422363281,88.68585205078125,39.37150192260742,100.68245697021484,242.84861755371094,28.986705780029297,55.90901565551758
2018-11-19,44.06044006347656,75.614501953125,118.67900085449219,89.36318969726562,39.6383171081543,97.27027893066406,238.74102783203125,28.71669578552246,56.093116760253906
2018-11-20,41.955322265625,74.77300262451172,117.65071868896484,87.44415283203125,38.75154113769531,94.56470489501953,234.32272338867188,27.939289093017578,54.49995040893555
2018-11-21,41.90791702270508,75.83650207519531,114.06775665283203,86.79106140136719,38.241432189941406,95.86634063720703,235.1212158203125,27.9422550201416,54.91770553588867
2018-11-23,40.843505859375,75.10299682617188,114.26058197021484,85.9927978515625,38.46902847290039,95.82914733886719,233.5509490966797,28.218196868896484,53.45201110839844
2018-11-26,41.39585876464844,79.06649780273438,114.29290771484375,88.09727478027344,38.35130310058594,98.99030303955078,237.32151794433594,28.233034133911133,54.507041931152344
2018-11-27,41.30577850341797,79.07099914550781,115.78858947753906,88.46815490722656,38.74367141723633,99.6132583618164,238.1199188232422,28.200403213500977,54.556610107421875
2018-11-28,42.894100189208984,83.88749694824219,118.391845703125,89.45185089111328,39.01051330566406,103.31360626220703,243.60269165039062,28.918458938598633,55.54789352416992
2018-11-29,42.56458282470703,83.67849731445312,117.91486358642578,88.74231719970703,38.7415771484375,102.44895935058594,243.0703887939453,28.86802101135254,55.97981643676758
2018-11-30,42.334625244140625,84.50849914550781,118.76372528076172,89.6534423828125,39.8647575378418,103.09978485107422,244.5519561767578,28.97484016418457,56.29137420654297
2018-12-03,43.81389617919922,88.61799621582031,118.20588684082031,90.50006103515625,39.303165435791016,104.2154769897461,247.79019165039062,29.301237106323242,57.50923538208008
2018-12-04,41.8865852355957,83.41999816894531,118.06037139892578,86.46044921875,39.21617126464844,100.89627075195312,239.76124572753906,28.428876876831055,56.2418098449707
2018-12-06,41.41957092285156,84.95950317382812,117.96334838867188,84.81559753417969,39.057960510253906,101.51922607421875,239.39744567871094,28.273738861083984,55.50541687011719
2018-12-07,39.94267272949219,81.45649719238281,117.5752944946289,83.28360748291016,38.82858657836914,97.45622253417969,233.8348846435547,27.80236053466797,54.974365234375
2018-12-10,40.205814361572266,82.05149841308594,117.4378433227539,81.72742462158203,38.947235107421875,100.03162384033203,234.27838134765625,28.0261173248291,54.19547653198242
2018-12-11,39.97585678100586,82.16200256347656,118.44036865234375,80.92919921875,39.18452835083008,100.96137237548828,234.3316192626953,27.999263763427734,54.29461669921875
2018-12-12,40.087276458740234,83.177001953125,118.9254150390625,81.45327758789062,38.93141174316406,101.4169692993164,235.51153564453125,27.77849006652832,53.827301025390625
2018-12-13,40.52582931518555,82.91899871826172,119.523681640625,81.53390502929688,39.129150390625,101.76094818115234,235.4317626953125,27.733741760253906,54.507041931152344
2018-12-14,39.22911071777344,79.59549713134766,107.52604675292969,80.86466979980469,39.02633285522461,98.58122253417969,231.0845947265625,27.402584075927734,53.515743255615234
2018-12-17,38.86403274536133,76.04550170898438,104.40538787841797,79.83259582519531,38.227455139160156,95.66180419921875,226.55105590820312,27.08037567138672,52.42531204223633
2018-12-18,39.36897659301758,77.5739974975586,105.44019317626953,79.45361328125,38.219547271728516,96.66592407226562,226.30262756347656,27.1728572845459,50.98085021972656
2018-12-19,38.14098358154297,74.75399780273438,103.16842651367188,78.44574737548828,37.88734436035156,96.4056167602539,222.91358947753906,27.014738082885742,50.11701583862305
2018-12-20,37.17851257324219,73.04149627685547,103.7020034790039,77.76844787597656,37.60259246826172,94.37875366210938,219.2850341796875,26.039165496826172,48.59467315673828
2018-12-21,35.7324333190918,68.87249755859375,103.55648040771484,75.9300537109375,37.626312255859375,91.32918548583984,214.7919921875,25.994415283203125,48.23355484008789
2018-12-24,34.80788803100586,67.197998046875,99.31202697753906,74.29324340820312,36.35286331176758,87.51720428466797,209.11654663085938,25.603593826293945,46.385501861572266
2018-12-26,37.25912094116211,73.54499816894531,102.44078826904297,77.37336730957031,37.12801742553711,93.49546813964844,219.6820831298828,26.972970962524414,48.601749420166016
2018-12-27,37.017311096191406,73.08200073242188,103.0067367553711,78.24415588378906,37.59468078613281,94.0719223022461,221.36868286132812,27.325014114379883,48.814178466796875
2018-12-28,37.03628158569336,73.9010009765625,102.89352416992188,78.0748291015625,37.33366394042969,93.33745574951172,221.08309936523438,27.486120223999023,48.26894760131836
2018-12-31,37.39423751831055,75.09850311279297,104.33262634277344,78.71184539794922,37.45230484008789,94.43453979492188,223.01959228515625,27.790430068969727,48.28312683105469
2019-01-02,37.43691635131836,76.95649719238281,103.28160858154297,80.07447814941406,37.1201057434082,94.01617431640625,223.25155639648438,27.84711265563965,49.34522247314453
2019-01-03,33.70792770385742,75.01399993896484,101.64041900634766,78.93650817871094,36.89072036743164,90.5574722290039,217.92417907714844,27.703903198242188,48.58760070800781
2019-01-04,35.14689254760742,78.76950073242188,103.3462905883789,81.84652709960938,37.626312255859375,94.76924133300781,225.22369384765625,27.876951217651367,50.37901306152344
2019-01-07,35.06865310668945,81.47550201416016,102.68333435058594,81.90343475341797,37.13592529296875,94.8901138305664,226.99949645996094,28.205116271972656,50.6409797668457
2019-01-08,35.7371826171875,82.8290023803711,105.06832885742188,81.74896240234375,37.55512619018555,95.578125,229.13226318359375,28.40202522277832,51.00918197631836
2019-01-09,36.344051361083984,82.97100067138672,104.23558044433594,81.61077880859375,36.835350036621094,96.94486236572266,230.20309448242188,28.30954360961914,51.278263092041016
2019-01-10,36.4602165222168,82.81099700927734,104.86619567871094,81.6026611328125,37.23085021972656,96.32190704345703,231.01516723632812,28.330427169799805,51.016265869140625
2019-01-11,36.10224914550781,82.02799987792969,104.89855194091797,81.21247863769531,37.44439697265625,95.578125,231.10440063476562,28.29462432861328,50.7826042175293
2019-01-14,35.55938720703125,80.8604965209961,103.71009063720703,82.04974365234375,37.29411315917969,94.88082122802734,229.69448852539062,28.32744026184082,50.718875885009766
2019-01-15,36.28717041015625,83.72799682617188,104.58324432373047,82.65122985839844,37.626312255859375,97.63288116455078,232.32691955566406,28.71527671813965,50.74720764160156
2019-01-16,36.73046875,84.18900299072266,103.51603698730469,83.31780242919922,37.1121826171875,97.97688293457031,232.88916015625,28.745121002197266,50.725955963134766
2019-01-17,36.94856643676758,84.66100311279297,104.36494445800781,83.65918731689453,37.222930908203125,98.66488647460938,234.65597534179688,28.861467361450195,51.072914123535156
2019-01-18,37.1761474609375,84.80999755859375,105.65850067138672,85.01665496826172,37.657958984375,100.14319610595703,237.779296875,29.156831741333008,51.68184280395508
2019-01-22,36.3416862487793,81.6084976196289,104.13050079345703,83.67546081542969,37.74496841430664,98.25580596923828,234.56674194335938,29.08522605895996,50.90296173095703
2019-01-23,36.48866271972656,82.0009994506836,104.13050079345703,83.4641342163086,38.18000030517578,99.21343231201172,235.05755615234375,29.449199676513672,50.48521041870117
2019-01-24,36.199462890625,82.74649810791016,102.69951629638672,83.51287078857422,37.72123718261719,98.73926544189453,235.1824951171875,29.344789505004883,50.556034088134766
2019-01-25,37.398990631103516,83.52850341796875,103.66966247558594,84.04121398925781,37.4681282043457,99.64112854003906,237.1724090576172,28.9211368560791,50.7826042175293
2019-01-28,37.052886962890625,81.89450073242188,104.28411102294922,84.43950653076172,37.309932708740234,97.69795227050781,235.36990356445312,28.956933975219727,50.4427375793457
2019-01-29,36.66883087158203,79.69400024414062,105.36743927001953,84.67527770996094,37.49185562133789,95.70826721191406,235.05755615234375,28.852521896362305,50.633914947509766
2019-01-30,39.17458724975586,83.52149963378906,106.4265365600586,84.8703384399414,37.8557014465332,98.90664672851562,238.77874755859375,28.28268814086914,51.186195373535156
2019-01-31,39.456695556640625,85.9365005493164,107.5907211303711,84.1306381225586,38.06925582885742,97.0936050415039,240.87570190429688,28.58997917175293,51.88719177246094
2019-02-01,39.475650787353516,81.3115005493164,108.49620819091797,84.43950653076172,38.52011489868164,95.55953979492188,240.9917755126953,28.002248764038086,53.7564697265625
2019-02-04,40.596954345703125,81.66549682617188,107.42900848388672,84.74028015136719,38.95515441894531,98.31157684326172,242.68728637695312,28.273738861083984,52.977603912353516
2019-02-05,41.29155731201172,82.94049835205078,107.42900848388672,84.36637878417969,38.96305465698242,99.68760681152344,243.70452880859375,28.521360397338867,53.5228157043457
2019-02-06,41.30577850341797,82.01300048828125,107.52604675292969,84.32572174072266,38.96305465698242,98.58122253417969,243.38331604003906,28.533294677734375,53.289161682128906
2019-02-07,40.52347183227539,80.71849822998047,106.75800323486328,83.22026824951172,39.0896110534668,97.87461853027344,241.06312561035156,28.858489990234375,52.87848663330078
2019-02-08,40.57109069824219,79.41100311279297,107.04094696044922,82.3911361694336,39.15289306640625,98.24649810791016,241.357666015625,28.51539421081543,52.96438980102539
2019-02-11,40.33777618408203,79.55000305175781,106.71758270263672,82.0009536743164,39.239891052246094,97.85600280761719,241.49142456054688,28.700368881225586,53.05030059814453
2019-02-12,40.68535614013672,81.90049743652344,108.46387481689453,83.39907836914062,39.2794303894043,99.38079071044922,244.59690856933594,28.930086135864258,53.981021881103516
2019-02-13,40.516326904296875,82.0,108.69835662841797,83.79736328125,39.38227081298828,99.30641174316406,245.3910675048828,29.2194766998291,54.589542388916016
2019-02-14,40.66394805908203,81.13249969482422,108.58513641357422,83.25276947021484,36.06019973754883,99.39012145996094,244.8467559814453,29.392513275146484,54.60386276245117
2019-02-15,40.573463439941406,80.39749908447266,110.25865173339844,85.79700469970703,35.78337097167969,100.61735534667969,247.51490783691406,29.831083297729492,55.63479995727539
2019-02-19,40.69490051269531,81.37899780273438,109.7008285522461,85.49624633789062,35.459068298339844,100.57083892822266,247.94325256347656,30.49041175842285,56.0070915222168
2019-02-20,40.95677185058594,81.1050033569336,110.23443603515625,85.9107894897461,35.67262649536133,100.04798889160156,248.4429473876953,29.798261642456055,56.22185516357422
2019-02-21,40.7258415222168,80.97200012207031,109.48253631591797,85.73199462890625,36.27375793457031,102.15821075439453,247.55967712402344,29.652070999145508,55.71356201171875
2019-02-22,41.18057632446289,81.5780029296875,110.43655395507812,85.34992218017578,35.81499481201172,103.61479187011719,249.0944366455078,29.699806213378906,56.14310836791992
2019-02-25,41.48054885864258,81.6500015258789,110.84344482421875,86.24405670166016,35.54607391357422,104.19371795654297,249.43360900878906,29.571523666381836,56.20038986206055
2019-02-26,41.50435256958008,81.81999969482422,110.77018737792969,85.5856704711914,35.34833908081055,104.91267395019531,249.2550811767578,29.4432315826416,56.3149299621582
2019-02-27,41.63292694091797,82.05449676513672,110.57487487792969,85.48001098632812,35.54607391357422,104.73526000976562,249.14794921875,29.270200729370117,56.89484786987305
2019-02-28,41.22342300415039,81.99150085449219,111.20154571533203,84.82970428466797,35.86246109008789,104.60453033447266,248.6839599609375,29.53273582458496,56.5798225402832
2019-03-01,41.65673065185547,83.58650207519531,112.59317016601562,84.88660430908203,35.894107818603516,105.07141876220703,250.2366943359375,29.216493606567383,57.27427291870117
2019-03-04,41.866241455078125,84.80850219726562,112.69896697998047,84.69152069091797,36.10765838623047,104.81929016113281,249.32650756835938,29.192626953125,57.4962272644043
2019-03-05,41.79005813598633,84.62149810791016,112.93498229980469,84.62647247314453,36.06810760498047,104.29641723632812,248.98736572265625,29.33881187438965,57.410316467285156
2019-03-06,41.54959487915039,83.44750213623047,113.19541931152344,84.30947875976562,35.94947052001953,104.34310150146484,247.4791717529297,29.314950942993164,56.758811950683594
2019-03-07,41.06867980957031,81.29750061035156,112.50364685058594,83.6998519897461,35.81499481201172,103.07322692871094,245.4089813232422,29.073293685913086,57.38882064819336
2019-03-08,41.16628646850586,81.04000091552734,112.35716247558594,83.73234558105469,35.46698760986328,103.1852798461914,244.9181365966797,29.11505889892578,56.56553268432617
2019-03-11,42.59237289428711,83.53099822998047,112.76408386230469,84.82157897949219,36.5268669128418,105.35151672363281,248.46978759765625,29.38058090209961,57.116798400878906
2019-03-12,43.0709228515625,83.65499877929688,113.2686538696289,84.569580078125,36.42404556274414,106.08917236328125,249.40673828125,29.347763061523438,57.27427291870117
2019-03-13,43.26138687133789,84.54049682617188,113.45587158203125,84.85408782958984,36.55851745605469,106.91080474853516,251.05755615234375,29.54466438293457,57.782596588134766
2019-03-14,43.7423095703125,84.31099700927734,112.32462310791016,85.62630462646484,36.462772369384766,106.9948501586914,250.89700317382812,29.46068572998047,57.58929443359375
2019-03-15,44.31131362915039,85.61799621582031,111.98281860351562,86.60985565185547,36.143619537353516,108.22737121582031,252.1366424560547,29.52067756652832,57.38168716430664
2019-03-18,44.76365661621094,87.10749816894531,111.63287353515625,87.13008117675781,36.23139190673828,109.77735137939453,253.0508270263672,29.89260482788086,58.04746627807617
2019-03-19,44.4089241027832,88.09249877929688,112.66641235351562,86.81307983398438,36.351070404052734,109.85204315185547,253.11355590820312,29.949594497680664,57.89714431762695
2019-03-20,44.79698181152344,89.8635025024414,111.73054504394531,84.95975494384766,36.32713317871094,109.73064422607422,252.35165405273438,29.586658477783203,58.21930694580078
2019-03-21,46.44688415527344,90.96299743652344,112.38973236083984,83.61854553222656,36.31117248535156,112.25172424316406,255.20193481445312,29.7126407623291,58.55580139160156
2019-03-22,45.48503875732422,88.2385025024414,111.4212646484375,81.09058380126953,36.64628219604492,109.29181671142578,250.2902374267578,29.47868537902832,57.617942810058594
2019-03-25,44.93508529663086,88.71299743652344,111.17710876464844,80.41590881347656,36.72606658935547,109.86139678955078,250.10195922851562,29.445680618286133,57.21701431274414
2019-03-26,44.470821380615234,89.18800354003906,112.77222442626953,81.22061920166016,37.21277618408203,110.09479522705078,251.96629333496094,29.490680694580078,57.961570739746094
2019-03-27,44.87080383300781,88.28500366210938,112.87802124023438,80.94425964355469,37.1888313293457,109.03036499023438,250.6487274169922,29.157739639282227,57.51769256591797
2019-03-28,44.930320739746094,88.6709976196289,113.02452087402344,81.8627700805664,37.16489028930664,109.17977905273438,251.5987548828125,29.133739471435547,57.8040771484375
2019-03-29,45.22314453125,89.0374984741211,113.76506805419922,82.28547668457031,37.3883056640625,110.12283325195312,253.18521118164062,29.253725051879883,57.84703063964844
2019-04-01,45.53028869628906,90.70950317382812,113.10590362548828,85.05731201171875,37.27659606933594,111.13124084472656,256.1878356933594,29.340707778930664,58.5128288269043
2019-04-02,46.1921501159668,90.6989974975586,112.07234954833984,85.46372985839844,37.15692138671875,111.28996276855469,256.31341552734375,29.076751708984375,58.26226806640625
2019-04-03,46.50880432128906,91.03500366210938,111.63287353515625,85.6344223022461,36.84575271606445,112.01828002929688,256.71673583984375,29.151742935180664,57.91862869262695
2019-04-04,46.589717864990234,90.94300079345703,110.33075714111328,86.46170043945312,37.085105895996094,111.44868469238281,257.39776611328125,29.427692413330078,58.7419319152832
2019-04-05,46.901611328125,91.86399841308594,110.82715606689453,86.25694274902344,37.07712936401367,111.94356536865234,258.6437072753906,29.643648147583008,59.05694580078125
2019-04-08,47.63965606689453,92.49299621582031,110.79460906982422,86.5354232788086,37.140953063964844,111.98092651367188,258.8407897949219,29.763629913330078,59.42206573486328
2019-04-09,47.49681091308594,91.79199981689453,110.33075714111328,85.89655303955078,37.23670196533203,111.37398529052734,257.51434326171875,29.60165786743164,58.65602493286133
2019-04-10,47.76345443725586,92.36650085449219,110.33887481689453,86.28150177001953,37.21277618408203,112.22367095947266,258.3927917480469,29.87460708618164,58.39114761352539
2019-04-11,47.36586380004883,92.20349884033203,110.03775024414062,87.010498046875,37.268611907958984,112.3543930053711,258.32098388671875,30.234540939331055,58.67034912109375
2019-04-12,47.34682083129883,92.15299987792969,110.66439819335938,91.08946228027344,37.292545318603516,112.93331146240234,260.0688171386719,30.462495803833008,57.93293380737305
2019-04-15,47.432533264160156,92.24349975585938,111.10389709472656,90.04924011230469,37.500003814697266,113.02667999267578,259.89849853515625,30.723459243774414,57.739646911621094
2019-04-16,47.43729782104492,93.1520004272461,112.32462310791016,90.99938201904297,37.46010971069336,112.7652359008789,260.0688171386719,30.873424530029297,58.13339614868164
2019-04-17,48.36103439331055,93.24099731445312,112.73152160644531,93.62041473388672,37.7234001159668,113.69896697998047,259.43243408203125,30.942407608032227,58.298057556152344
2019-04-18,48.53483581542969,93.08450317382812,111.91768646240234,92.9323959350586,37.88298416137695,115.19292449951172,259.9433288574219,30.94841957092285,58.08328628540039
2019-04-22,48.694339752197266,94.3655014038086,112.17000579833984,93.0470962524414,37.819149017333984,115.55706787109375,260.16741943359375,30.705463409423828,59.35049819946289
2019-04-23,49.39668655395508,96.1884994506836,113.85462188720703,93.16175079345703,38.465431213378906,117.12571716308594,262.50665283203125,30.915420532226562,59.69411087036133
2019-04-24,49.32050323486328,95.0875015258789,113.284912109375,93.00609588623047,38.281925201416016,116.7242202758789,261.9241943359375,31.053390502929688,58.534324645996094
2019-04-25,48.8729133605957,95.11250305175781,113.6511459350586,93.05526733398438,38.17021179199219,120.58977508544922,261.76275634765625,31.050399780273438,58.86366653442383
2019-04-26,48.63958740234375,97.53150177001953,114.25341033935547,93.75968170166016,38.50531768798828,121.28075408935547,262.98175048828125,30.453506469726562,57.62508010864258
2019-04-29,48.71338653564453,96.92150115966797,113.80577087402344,95.11115264892578,38.63297653198242,121.1687240600586,263.39404296875,30.462495803833008,57.25281524658203
2019-04-30,47.77537155151367,96.32599639892578,114.91258239746094,95.0538330078125,39.14362335205078,121.94371032714844,263.52850341796875,30.84644317626953,57.4747428894043
2019-05-01,50.120460510253906,95.57599639892578,115.52299499511719,94.32483673095703,38.76861572265625,119.40398406982422,261.5477294921875,30.402511596679688,56.32210922241211
2019-05-02,49.79426193237305,95.04100036621094,114.97770690917969,94.52960205078125,38.609046936035156,117.84466552734375,260.9830017089844,30.339527130126953,55.334110260009766
2019-05-03,50.41328811645508,98.12300109863281,115.57177734375,95.11115264892578,38.872344970703125,120.35633850097656,263.5373840332031,30.618473052978516,55.462982177734375
2019-05-06,49.6347541809082,97.52749633789062,115.63690948486328,94.26750946044922,38.672874450683594,119.65608215332031,262.45294189453125,30.732454299926758,55.21956253051758
2019-05-07,48.296756744384766,96.05000305175781,113.91156768798828,92.72764587402344,38.297874450683594,117.2004165649414,258.0700988769531,30.3845157623291,54.92603302001953
2019-05-08,48.306270599365234,95.88849639892578,113.76506805419922,92.2361831665039,38.17819595336914,117.19108581542969,257.7117004394531,30.084569931030273,55.01195526123047
2019-05-09,47.78726577758789,94.99349975585938,112.90239715576172,92.16246795654297,37.819149017333984,117.18173217773438,256.9317321777344,30.015216827392578,54.96184158325195
2019-05-10,47.1252555847168,94.4990005493164,113.162841796875,92.1542739868164,38.449466705322266,118.70368194580078,258.2224426269531,30.729862213134766,55.43977355957031
2019-05-13,44.3863639831543,91.13400268554688,111.65726470947266,89.64790344238281,38.3377571105957,115.1742172241211,251.73321533203125,30.120758056640625,54.82424545288086
2019-05-14,45.08900833129883,92.00599670410156,111.34800720214844,90.36050415039062,38.84840393066406,116.46275329589844,254.00982666015625,30.241369247436523,54.89666748046875
2019-05-15,45.62913513183594,93.55750274658203,111.4212646484375,90.0165023803711,39.23936080932617,118.10282135009766,255.49765014648438,30.117738723754883,55.30219268798828
2019-05-16,45.42837905883789,95.37850189208984,112.47926330566406,91.17139434814453,39.558509826660156,120.83000946044922,257.864013671875,30.548933029174805,55.294952392578125
2019-05-17,45.170265197753906,93.44999694824219,112.80480194091797,90.72908782958984,39.255313873291016,120.02403259277344,256.19677734375,30.41324806213379,54.969078063964844
2019-05-20,43.7578010559082,92.94850158691406,112.6501693725586,91.20414733886719,38.97605895996094,118.29026794433594,254.50277709960938,30.612266540527344,54.96184158325195
2019-05-21,44.596675872802734,92.8759994506836,112.40599822998047,91.5154037475586,38.77659606933594,118.92755126953125,256.7973327636719,30.491653442382812,55.215274810791016
2019-05-22,43.6837043762207,92.98400115966797,112.92684173583984,90.7700424194336,39.61436462402344,119.64916229248047,256.0085754394531,30.826351165771484,54.71563720703125
2019-05-23,42.93803405761719,90.77400207519531,113.76506805419922,88.98446655273438,39.77393341064453,118.2527847290039,252.8805389404297,30.714792251586914,53.43391418457031
2019-05-24,42.773128509521484,91.16400146484375,113.7732925415039,89.86087799072266,39.58244705200195,118.30899810791016,253.45423889160156,30.959033966064453,53.65838623046875
2019-05-28,42.59627151489258,91.82150268554688,112.31475830078125,88.88617706298828,39.175533294677734,118.23403930664062,251.0968780517578,30.883647918701172,52.57942581176758
2019-05-29,42.39313507080078,90.95950317382812,107.61141204833984,88.64042663574219,38.78458023071289,117.09068298339844,249.411865234375,30.793197631835938,52.253570556640625
2019-05-30,42.61300277709961,90.81600189208984,108.25055694580078,87.69029998779297,39.29521179199219,117.83106231689453,250.0929412841797,30.814300537109375,52.11598205566406
2019-05-31,41.8410530090332,88.75350189208984,107.46389770507812,86.78936004638672,39.19947052001953,115.90985870361328,246.72299194335938,30.588132858276367,51.24702453613281
2019-06-03,41.418033599853516,84.6344985961914,107.70156860351562,87.1988754272461,39.877662658691406,112.31110382080078,246.0955352783203,30.744943618774414,52.050811767578125
2019-06-04,42.93326187133789,86.47799682617188,109.57796478271484,89.88544464111328,39.89361572265625,115.42247772216797,251.4374542236328,30.92586326599121,53.28908920288086
2019-06-05,43.62635040283203,86.92500305175781,110.11058807373047,90.20489501953125,40.515953063964844,117.92475891113281,253.6154327392578,31.486730575561523,52.84735107421875
2019-06-06,44.26685333251953,87.71800231933594,111.99520111083984,90.40148162841797,41.01063919067383,119.78974914550781,255.26455688476562,31.694787979125977,53.81047058105469
2019-06-07,45.44511032104492,90.20149993896484,113.5274887084961,89.4103775024414,41.082454681396484,123.14483642578125,257.819091796875,31.98125648498535,54.005985260009766
2019-06-10,46.025875091552734,93.03150177001953,113.9125747680664,90.37689208984375,40.99468231201172,124.2694320678711,259.002197265625,32.42150115966797,54.244937896728516
2019-06-11,46.558834075927734,93.18499755859375,114.53535461425781,90.65538024902344,40.95478820800781,123.80086517333984,258.9394836425781,32.54814529418945,54.194236755371094
2019-06-12,46.410648345947266,92.76599884033203,116.09220123291016,89.50047302246094,41.202125549316406,123.22917938232422,258.4823913574219,32.81350326538086,53.607696533203125
2019-06-13,46.401092529296875,93.51499938964844,115.2973861694336,89.72161865234375,41.11368179321289,124.00701904296875,259.54888916015625,32.76222610473633,54.078392028808594
2019-06-14,46.06411361694336,93.4834976196289,114.78935241699219,89.95096588134766,41.258419036865234,124.1288833618164,259.26214599609375,32.888885498046875,53.83942794799805
2019-06-17,46.338951110839844,94.30149841308594,114.25672149658203,89.45953369140625,40.90461349487305,124.50374603271484,259.36077880859375,32.91602325439453,54.37528991699219
2019-06-18,47.428775787353516,95.06849670410156,114.904052734375,90.6799545288086,40.71966552734375,126.6686019897461,262.0765075683594,33.06377410888672,54.84596252441406
2019-06-19,47.2901496887207,95.43949890136719,115.08428955078125,90.0246810913086,41.10563659667969,127.16527557373047,262.66802978515625,33.054744720458984,54.541839599609375
2019-06-20,47.670162200927734,95.90950012207031,116.52648162841797,90.2540283203125,41.539859771728516,128.34617614746094,265.1777038574219,33.26580810546875,55.47597122192383
2019-06-21,47.50763702392578,95.56500244140625,116.42813110351562,89.63970184326172,41.45140838623047,128.36488342285156,264.7922058105469,33.51006317138672,56.258052825927734
2019-06-24,47.45985412597656,95.69499969482422,117.22296142578125,89.00084686279297,41.74892044067383,129.1240234375,264.4679260253906,33.54323196411133,55.7221794128418
2019-06-25,46.74047088623047,93.91349792480469,118.18984985351562,88.263671875,41.62025833129883,125.04727935791016,261.8741149902344,33.38642501831055,55.229759216308594
2019-06-26,47.75141525268555,94.8915023803711,116.23148345947266,88.85342407226562,41.10563659667969,125.51588439941406,261.61279296875,33.21755599975586,55.4687385559082
2019-06-27,47.73707962036133,95.21399688720703,115.28096008300781,89.14827728271484,41.07347106933594,125.7220458984375,262.54058837890625,33.19947052001953,54.903892517089844
2019-06-28,47.302101135253906,94.68150329589844,114.1256332397461,91.5727310180664,40.94481658935547,125.54398345947266,263.8915710449219,33.31707000732422,55.490447998046875
2019-07-01,48.16966247558594,96.1094970703125,114.19116973876953,93.11260223388672,41.49160385131836,127.15595245361328,266.2872619628906,33.35626983642578,55.43977355957031
2019-07-02,48.45167922973633,96.71549987792969,114.74015045166016,93.21089172363281,41.79716110229492,127.99940490722656,266.980712890625,33.65178298950195,54.831504821777344
2019-07-03,48.853206634521484,96.94999694824219,116.4691162109375,93.06241607666016,41.893653869628906,128.82411193847656,269.1153259277344,33.868892669677734,55.35287857055664
2019-07-05,48.8101692199707,97.14550018310547,115.18266296386719,93.61507415771484,41.90169143676758,128.44924926757812,268.8090515136719,33.76636505126953,55.12838363647461
2019-07-08,47.80400466918945,97.61599731445312,115.51041412353516,93.10366821289062,41.813236236572266,128.35556030273438,267.33203125,33.98950958251953,55.3818473815918
2019-07-09,48.09556579589844,99.41500091552734,115.87093353271484,93.49960327148438,41.48356246948242,127.886962890625,267.6652526855469,34.037750244140625,55.34562301635742
2019-07-10,48.5711669921875,100.87049865722656,115.70706939697266,93.22737884521484,41.66850280761719,129.1896514892578,268.9442443847656,34.067901611328125,56.1276969909668
2019-07-11,48.21746826171875,100.05349731445312,114.80571746826172,94.11827087402344,41.84541320800781,129.70501708984375,269.5746765136719,34.351356506347656,56.171146392822266
2019-07-12,48.58790588378906,100.55000305175781,110.0450439453125,95.10809326171875,41.90973663330078,130.1736297607422,270.7816162109375,34.55638885498047,56.21458435058594
2019-07-15,49.04438781738281,101.04949951171875,110.38096618652344,93.95330047607422,41.91778564453125,130.1736297607422,270.8716125488281,34.670982360839844,55.81630325317383
2019-07-16,48.874698638916016,100.49500274658203,108.57013702392578,94.95964050292969,41.92582321166992,128.46795654296875,269.9979248046875,34.60464096069336,54.98356246948242
2019-07-17,48.59986114501953,99.60150146484375,108.04570007324219,94.02751922607422,41.957977294921875,127.70887756347656,268.16064453125,34.55638885498047,54.65769577026367
2019-07-18,49.15193557739258,98.8949966430664,108.21776580810547,94.58843994140625,41.83736801147461,127.84945678710938,269.14227294921875,34.59258270263672,54.194236755371094
2019-07-19,48.41822052001953,98.22599792480469,106.77561950683594,93.65631103515625,41.32274627685547,128.03688049316406,267.64727783203125,34.345333099365234,54.30286407470703
2019-07-22,49.524776458740234,99.28150177001953,105.40721893310547,94.25846862792969,41.18605041503906,129.733154296875,268.30474853515625,34.0196647644043,54.36081314086914
2019-07-23,49.91194152832031,99.72450256347656,105.57111358642578,95.98246765136719,43.686790466308594,130.53915405273438,270.2232360839844,33.79953384399414,54.578033447265625
2019-07-24,49.87131881713867,100.04049682617188,106.34134674072266,96.37017822265625,43.24454116821289,131.87930297851562,271.4930419921875,33.77238082885742,54.570804595947266
2019-07-25,49.47695541381836,98.69100189208984,107.4393539428711,95.44629669189453,42.67363357543945,131.3826141357422,270.1960754394531,33.8387336730957,54.259422302246094
2019-07-26,49.649051666259766,97.15249633789062,107.11976623535156,95.86701202392578,43.55813980102539,132.46035766601562,272.0064392089844,34.0799674987793,54.17252731323242
2019-07-29,50.11269760131836,95.62249755859375,108.9961929321289,95.56177520751953,43.41341018676758,132.16983032226562,271.5110778808594,33.85380935668945,54.556312561035156
2019-07-30,49.89760971069336,94.92649841308594,108.22595977783203,95.3473129272461,43.1963005065918,131.53256225585938,270.8445739746094,33.79048156738281,54.563560485839844
2019-07-31,50.91572189331055,93.33899688720703,106.7018814086914,95.68550872802734,42.31982421875,127.70887756347656,267.8813781738281,33.283905029296875,53.8466682434082
2019-08-01,49.81394958496094,92.76599884033203,106.75923156738281,93.16138458251953,41.83736801147461,129.38638305664062,265.5486755371094,32.982364654541016,52.4708137512207
2019-08-02,48.759979248046875,91.16200256347656,107.39837646484375,93.15316772460938,42.07859420776367,128.29928588867188,263.54931640625,32.988380432128906,51.95668411254883
2019-08-05,46.20751190185547,88.25650024414062,106.65272521972656,90.38155364990234,41.53181076049805,123.90392303466797,255.6234893798828,31.908885955810547,50.89220428466797
2019-08-06,47.08222961425781,89.3915023803711,107.15254974365234,91.09097290039062,42.03035354614258,126.22811126708984,259.2081298828125,32.34612274169922,51.384605407714844
2019-08-07,47.56977462768555,89.66999816894531,106.69371032714844,89.11125946044922,42.76207733154297,126.78107452392578,259.361328125,32.626548767089844,51.0515022277832
2019-08-08,48.61897659301758,91.64450073242188,107.89820861816406,90.62077331542969,43.17218780517578,130.16427612304688,264.449951171875,32.884124755859375,52.41289138793945
2019-08-09,48.21833801269531,90.37899780273438,108.19319152832031,90.52179718017578,42.95506286621094,129.0583953857422,262.6485595703125,32.50836944580078,51.29771041870117
2019-08-12,48.095977783203125,89.24600219726562,108.1030502319336,88.82257080078125,42.77816390991211,127.25904846191406,259.4513244628906,31.884138107299805,51.04844665527344
2019-08-13,50.13277053833008,91.21700286865234,109.32395935058594,90.19181823730469,43.0193977355957,129.8925018310547,263.4861755371094,32.54776382446289,51.6789436340332
2019-08-14,48.64057159423828,88.14800262451172,106.73467254638672,86.4469223022461,42.60930633544922,125.98081970214844,255.6954803466797,32.18111038208008,49.59682846069336
2019-08-15,48.39826583862305,88.80599975585938,106.9640884399414,86.7768783569336,43.31691360473633,125.69876098632812,256.3710632324219,34.147727966308594,49.30358123779297
2019-08-16,49.54020690917969,89.62850189208984,107.6360092163086,88.85555267333984,43.75112533569336,128.00250244140625,260.1538391113281,34.2386360168457,50.0733642578125
2019-08-19,50.463836669921875,90.80599975585938,108.36526489257812,89.65569305419922,43.976280212402344,130.14639282226562,263.2880554199219,34.48711013793945,50.91646957397461
2019-08-20,50.46624755859375,90.06900024414062,107.01326751708984,88.51734161376953,43.324954986572266,129.06500244140625,261.2705383300781,33.95378112792969,50.608558654785156
2019-08-21,51.01322555541992,91.177001953125,107.7752914428711,88.76482391357422,43.50185775756836,130.50369262695312,263.39617919921875,33.944705963134766,51.114437103271484
2019-08-22,50.97003936767578,90.23300170898438,107.562255859375,89.68042755126953,43.81546401977539,129.5540008544922,263.315185546875,33.911373138427734,51.004451751708984
2019-08-23,48.61417770385742,87.48100280761719,104.66159057617188,87.45325469970703,43.21237564086914,125.42610168457031,256.5511779785156,33.584102630615234,49.479530334472656
2019-08-26,49.537811279296875,88.44349670410156,105.5036392211914,88.15441131591797,43.85565948486328,127.36306762695312,259.3882751464844,33.935604095458984,49.74345779418945
2019-08-27,48.978824615478516,88.09149932861328,107.02261352539062,87.2223129272461,44.000396728515625,127.63581085205078,258.3705749511719,34.0659065246582,49.25959014892578
2019-08-28,49.307498931884766,88.2125015258789,106.23011016845703,88.0966567993164,44.314002990722656,127.466552734375,260.18988037109375,34.15681076049805,49.61882400512695
2019-08-29,50.14236831665039,89.31999969482422,105.86688995361328,90.09288024902344,44.2657585144043,129.8736572265625,263.5132141113281,34.56892776489258,50.168678283691406
2019-08-30,50.077598571777344,88.81449890136719,105.96595764160156,90.62077331542969,44.25771713256836,129.62918090820312,263.39617919921875,34.623477935791016,50.2053337097168
2019-09-03,49.34827423095703,89.49199676513672,106.2796401977539,89.54845428466797,44.4667854309082,127.91789245605469,261.8560485839844,34.73862838745117,50.263973236083984
2019-09-04,50.185550689697266,90.03099822998047,106.37871551513672,90.62904357910156,44.844703674316406,129.4129180908203,264.8282165527344,35.12345886230469,50.799171447753906
2019-09-05,51.1667594909668,92.03600311279297,106.14755249023438,92.69123840332031,44.32203674316406,131.68849182128906,268.23272705078125,34.98103713989258,51.517662048339844
2019-09-06,51.161964416503906,91.67549896240234,105.84209442138672,92.88919830322266,44.410491943359375,130.79519653320312,268.4397888183594,34.76588821411133,52.00152587890625
2019-09-09,51.38027572631836,91.56749725341797,104.80193328857422,95.19058990478516,43.83957290649414,129.3095703125,268.5749206542969,35.2507438659668,52.412086486816406
2019-09-10,51.98722839355469,91.02749633789062,106.94833374023438,96.40316772460938,43.74309158325195,127.95547485351562,268.5118713378906,35.1658821105957,52.83728790283203
2019-09-11,53.64016342163086,91.14949798583984,108.28567504882812,96.66712188720703,44.04060363769531,127.99308776855469,270.42138671875,35.156803131103516,52.73466873168945
2019-09-12,53.520233154296875,92.17749786376953,107.6748046875,97.26103210449219,44.314002990722656,129.3095703125,271.35791015625,35.42951202392578,52.77132797241211
2019-09-13,52.47903060913086,91.96700286865234,107.96371459960938,99.17473602294922,43.949501037597656,129.12144470214844,271.1778259277344,35.58405303955078,53.25519943237305
2019-09-16,52.75493240356445,90.39199829101562,106.94003295898438,98.2921371459961,43.706520080566406,128.19056701660156,270.3402404785156,35.02043151855469,54.0543212890625
2019-09-17,52.94684982299805,91.12750244140625,107.04740142822266,97.8054428100586,43.93330001831055,129.18728637695312,271.0247497558594,35.305274963378906,53.64375686645508
2019-09-18,53.44344711303711,90.87300109863281,107.6583023071289,98.78704833984375,43.92521286010742,130.24981689453125,271.1868591308594,35.50224304199219,53.38716125488281
2019-09-19,53.00922775268555,91.07499694824219,107.41062927246094,98.47359466552734,44.160091400146484,132.64755249023438,271.16876220703125,35.487091064453125,53.02790451049805
2019-09-20,52.23432922363281,89.70800018310547,108.68195343017578,98.07765197753906,43.66600799560547,131.1149139404297,269.8876647949219,35.44770050048828,52.84465026855469
2019-09-23,52.471832275390625,89.26499938964844,108.75628662109375,98.0611572265625,43.8523063659668,130.83279418945312,269.8242492675781,35.64163589477539,52.88129425048828
2019-09-24,52.22233963012695,87.08049774169922,108.59941864013672,96.78260803222656,43.98191833496094,129.17784118652344,267.70697021484375,35.87799072265625,52.15549087524414
2019-09-25,53.0260124206543,88.41649627685547,108.13711547851562,97.33528137207031,43.876609802246094,131.03965759277344,269.2904357910156,35.899200439453125,52.3094482421875
2019-09-26,52.752525329589844,86.99199676513672,106.37045288085938,96.5351333618164,44.0547981262207,131.20887756347656,268.7294006347656,35.84769058227539,52.03085708618164
2019-09-27,52.49583435058594,86.27249908447266,106.16407012939453,97.10430145263672,43.9900016784668,129.5069580078125,267.2817077636719,35.89313888549805,52.40476989746094
2019-09-30,53.73133850097656,86.79550170898438,106.80799102783203,97.07955169677734,44.095298767089844,130.72940063476562,268.5213928222656,35.96282958984375,51.76691436767578
2019-10-01,53.880069732666016,86.78250122070312,107.31156158447266,95.3143081665039,44.26540756225586,128.88645935058594,265.3273620605469,35.71133041381836,50.5499153137207
2019-10-02,52.52941131591797,85.6614990234375,108.97090911865234,93.41712951660156,42.99373245239258,126.6108627319336,260.6405029296875,35.18709945678711,49.230255126953125
2019-10-03,52.97563552856445,86.22100067138672,108.30220031738281,93.28406524658203,43.609317779541016,128.14356994628906,262.77569580078125,35.24467468261719,49.83876419067383
2019-10-04,54.46064376831055,86.98249816894531,110.3412857055664,95.30460357666016,44.17630386352539,129.8736572265625,266.33172607421875,35.805274963378906,50.5645866394043
2019-10-07,54.47264099121094,86.63300323486328,109.92852020263672,95.09674072265625,43.633609771728516,128.9333953857422,265.1825866699219,35.523460388183594,49.86809539794922
2019-10-08,53.83449172973633,85.27549743652344,108.83879852294922,92.97642517089844,43.39873123168945,127.56999206542969,261.06561279296875,35.62950897216797,48.900352478027344
2019-10-09,54.46543502807617,86.09950256347656,106.67589569091797,93.64991760253906,43.60121536254883,129.98651123046875,263.5448913574219,36.03858947753906,49.44287872314453
2019-10-10,55.19954299926758,86.01300048828125,106.54380798339844,94.96366119384766,43.46352005004883,130.79519653320312,265.3273620605469,36.24464416503906,50.036712646484375
2019-10-11,56.66777420043945,86.59600067138672,108.41777801513672,96.56842041015625,43.17192077636719,131.34059143066406,268.07794189453125,36.435550689697266,50.571903228759766
2019-10-14,56.5861930847168,86.82150268554688,107.91419982910156,96.8261947631836,43.17192077636719,131.21829223632812,267.77935791015625,36.1113166809082,50.71853256225586
2019-10-15,56.45424270629883,88.36900329589844,109.66433715820312,99.74468994140625,43.342018127441406,133.11769104003906,270.4305419921875,36.22040939331055,50.89448547363281
2019-10-16,56.2263298034668,88.87149810791016,111.58784484863281,99.5118637084961,43.325828552246094,132.02700805664062,269.9961853027344,36.18707275390625,50.02204895019531
2019-10-17,56.444664001464844,89.3740005493164,112.41341400146484,100.0689926147461,43.56882095336914,131.3499755859375,270.79248046875,36.31434631347656,49.95606994628906
2019-10-18,56.71574783325195,87.87550354003906,105.42109680175781,100.24358367919922,44.370697021484375,129.20608520507812,269.6070556640625,36.10224151611328,49.5675048828125
2019-10-21,57.69934844970703,89.28299713134766,105.68524932861328,102.7297134399414,43.92521286010742,130.16514587402344,271.4347839355469,36.28404235839844,50.39594650268555
2019-10-22,57.5673942565918,88.2864990234375,106.65938568115234,103.76075744628906,43.61741638183594,128.22817993164062,270.548095703125,36.235557556152344,50.65254211425781
2019-10-23,58.33988571166992,88.1084976196289,107.23727416992188,104.03515625,44.25729751586914,129.04623413085938,271.3353576660156,36.16585922241211,51.136417388916016
2019-10-24,58.43585968017578,89.03900146484375,105.25596618652344,103.9603042602539,44.23299789428711,131.58499145507812,271.7786560058594,36.090110778808594,50.65254211425781
2019-10-25,59.15556716918945,88.06649780273438,105.95768737792969,104.79180908203125,43.53641128540039,132.3278350830078,272.8915100097656,36.071929931640625,50.76985168457031
2019-10-28,59.748138427734375,88.85399627685547,106.64286041259766,105.19092559814453,43.390625,135.58126831054688,274.42974853515625,36.1264762878418,50.32263946533203
2019-10-29,58.366275787353516,88.135498046875,106.59333038330078,105.1243896484375,43.26102828979492,134.30250549316406,274.3482360839844,35.499202728271484,50.17601013183594
2019-10-30,58.35908889770508,88.99949645996094,109.66433715820312,104.54235076904297,43.690303802490234,135.97622680664062,275.1898193359375,35.787086486816406,49.648155212402344
2019-10-31,59.67855453491211,88.83300018310547,109.00390625,103.86883544921875,44.087196350097656,134.8102264404297,274.4569091796875,35.532535552978516,49.53818130493164
2019-11-01,61.37228012084961,89.5719985961914,108.31046295166016,106.26351928710938,43.65791702270508,135.13931274414062,276.99951171875,35.64163589477539,51.026458740234375
2019-11-04,61.77532196044922,90.23300170898438,107.50970458984375,107.11165618896484,43.042327880859375,135.91981506347656,278.1124267578125,35.62647247314453,52.544044494628906
2019-11-05,61.68655776977539,90.08550262451172,107.66653442382812,107.34444427490234,42.459136962890625,135.83517456054688,277.8046875,36.01737594604492,53.5850944519043
2019-11-06,61.71295166015625,89.78849792480469,108.11235046386719,107.5107421875,42.766937255859375,135.45904541015625,277.8680419921875,36.211307525634766,52.412086486816406
2019-11-07,62.42518997192383,89.41000366210938,108.50033569335938,108.09278106689453,42.353858947753906,135.6470947265625,278.84527587890625,36.432533264160156,53.526458740234375
2019-11-08,62.596031188964844,89.29399871826172,109.79643249511719,108.40876770019531,42.28904342651367,137.24562072753906,279.53289794921875,36.19313049316406,52.50993347167969
2019-11-11,63.091739654541016,88.5824966430664,108.95439910888672,108.02625274658203,41.989349365234375,137.38665771484375,278.9989929199219,36.071929931640625,52.19088363647461
2019-11-12,63.03396987915039,88.9000015258789,108.43429565429688,107.39434814453125,41.884056091308594,138.28933715820312,279.5871887207031,36.096168518066406,51.471168518066406
2019-11-13,63.637939453125,87.65550231933594,108.36827087402344,106.82891082763672,42.451045989990234,138.5149688720703,279.677734375,36.659793853759766,51.048240661621094
2019-11-14,63.19759750366211,87.7300033569336,108.11235046386719,106.92870330810547,42.629241943359375,139.22024536132812,280.0848388671875,36.55979919433594,50.82564926147461
2019-11-15,63.948333740234375,86.97450256347656,111.39798736572266,107.70198822021484,42.6616325378418,141.0161895751953,282.1116027832031,36.020408630371094,51.33761978149414
2019-11-18,64.27080535888672,87.62650299072266,111.30717468261719,108.60831451416016,42.9532356262207,141.3640899658203,282.31976318359375,36.43858337402344,50.84048080444336
2019-11-19,64.07588195800781,87.6395034790039,111.29891204833984,108.57504272460938,42.99373245239258,141.41111755371094,282.23822021484375,36.329505920410156,50.32110595703125
2019-11-20,63.32994842529297,87.27649688720703,112.22349548339844,107.78514099121094,43.10712814331055,141.16583251953125,281.18878173828125,36.09920120239258,50.47691345214844
2019-11-21,63.045997619628906,86.7354965209961,112.63627624511719,108.03457641601562,42.896541595458984,141.03372192382812,280.73638916015625,36.32040786743164,51.69375991821289
2019-11-22,62.99067306518555,87.28600311279297,113.98188781738281,108.74966430664062,42.9532356262207,141.13754272460938,281.360595703125,36.16888427734375,51.471168518066406
2019-11-25,64.09510803222656,88.69200134277344,114.03175354003906,109.33167266845703,43.10712814331055,142.68482971191406,283.5412902832031,36.03555679321289,51.12986373901367
2019-11-26,63.5946159362793,89.84700012207031,114.02349853515625,109.48136901855469,43.65791702270508,143.43963623046875,284.18359375,36.11737823486328,51.00372314453125
2019-11-27,64.4488296508789,90.92549896240234,114.5055923461914,109.8056411743164,43.69842529296875,143.71324157714844,285.45037841796875,35.98707580566406,50.974037170410156
2019-11-29,64.30687713623047,90.04000091552734,114.28947448730469,109.55620574951172,43.576011657714844,142.8263702392578,284.39178466796875,36.08707809448242,50.55110168457031
2019-12-02,63.56333923339844,89.08000183105469,114.18138885498047,109.3150634765625,43.861610412597656,141.09976196289062,281.9759826660156,36.1446533203125,50.766300201416016
2019-12-03,62.43001174926758,88.49800109863281,114.01515197753906,107.90985107421875,43.90242004394531,140.8733673095703,280.0848388671875,35.95981216430664,50.36560821533203
2019-12-04,62.98103332519531,88.03450012207031,115.86055755615234,110.03844451904297,44.302284240722656,141.3828582763672,281.81304931640625,35.96586990356445,50.93694305419922
2019-12-05,63.90503692626953,87.02400207519531,116.01016235351562,110.6371078491211,44.22067642211914,141.458251953125,282.31976318359375,36.11806106567383,50.75886154174805
2019-12-06,65.1394271850586,87.58000183105469,116.69178771972656,112.28343963623047,44.408355712890625,143.1754608154297,284.89837646484375,36.458961486816406,51.5750617980957
2019-12-09,64.22746276855469,87.47550201416016,116.7915267944336,111.7596206665039,44.12275695800781,142.8074951171875,284.002685546875,36.33113479614258,51.68635177612305
2019-12-10,64.60285186767578,86.96050262451172,116.36762237548828,111.83445739746094,43.87793731689453,142.5904541015625,283.6860046386719,36.264163970947266,51.24114990234375
2019-12-11,65.15386962890625,87.43599700927734,117.19055938720703,111.56838989257812,44.02483367919922,143.1282958984375,284.4913330078125,36.22154235839844,51.166954040527344
2019-12-12,65.31991577148438,88.0165023803711,117.48981475830078,114.7612533569336,44.179866790771484,144.581298828125,286.94329833984375,36.452880859375,52.19088363647461
2019-12-13,66.20779418945312,88.0469970703125,117.52306365966797,113.75517272949219,44.408355712890625,145.79835510253906,287.11517333984375,36.61419677734375,51.36729431152344
2019-12-16,67.34115600585938,88.46050262451172,117.86388397216797,114.19586181640625,44.408355712890625,146.7418670654297,289.08770751953125,36.69029998779297,51.9386100769043
2019-12-17,67.4734878540039,89.53299713134766,119.33516693115234,114.89430236816406,44.408355712890625,145.94931030273438,289.1510009765625,36.91554260253906,51.70117950439453
2019-12-18,67.31228637695312,89.20149993896484,119.02763366699219,114.77791595458984,43.9921875,145.6474151611328,289.169189453125,36.48331832885742,51.842166900634766
2019-12-19,67.379638671875,89.61399841308594,120.8231201171875,114.20419311523438,44.32676315307617,146.91172790527344,290.35455322265625,36.5502815246582,51.48600387573242
2019-12-20,67.24010467529297,89.32499694824219,121.41329956054688,114.11272430419922,44.85718536376953,148.51560974121094,291.6273498535156,36.61419677734375,51.89409255981445
2019-12-23,68.33731842041016,89.6500015258789,121.72926330566406,114.07945251464844,44.80821228027344,148.51560974121094,292.0729675292969,36.230682373046875,52.15379333496094
2019-12-24,68.40229797363281,89.46050262451172,121.30525207519531,114.39546966552734,44.64501190185547,148.4873504638672,292.08209228515625,36.37678909301758,51.953468322753906
2019-12-26,69.7594223022461,93.4384994506836,121.22213745117188,115.60938262939453,44.89798355102539,149.7044677734375,293.6368713378906,36.37982940673828,52.035072326660156
2019-12-27,69.73294067382812,93.48999786376953,121.1556396484375,115.69252014160156,45.167266845703125,149.9781036376953,293.5640869140625,36.40113830566406,51.85700225830078
2019-12-30,70.14685821533203,92.34449768066406,120.78160858154297,115.26847839355469,45.10198211669922,148.68551635742188,291.9456787109375,36.34329605102539,51.552791595458984
2019-12-31,70.65937042236328,92.39199829101562,121.25538635253906,115.90870666503906,45.167266845703125,148.78927612304688,292.65484619140625,36.172847747802734,51.7753791809082
2020-01-02,72.27155303955078,94.90049743652344,121.3385009765625,117.31391143798828,44.873504638671875,151.5442352294922,295.39178466796875,36.20329666137695,52.60639190673828
2020-01-03,71.56892395019531,93.74849700927734,119.93370056152344,115.76579284667969,44.628692626953125,149.65725708007812,293.155029296875,35.88367462158203,52.18346405029297
2020-01-06,72.13921356201172,95.14399719238281,119.78404235839844,115.67375183105469,44.61236572265625,150.04409790039062,294.2734069824219,35.81062698364258,52.58414077758789
2020-01-07,71.79991912841797,95.34300231933594,120.51555633544922,113.70722961425781,44.269630432128906,148.67605590820312,293.4459228515625,35.478851318359375,52.15379333496094
2020-01-08,72.95491790771484,94.59850311279297,120.49897003173828,114.59426879882812,44.35123825073242,151.04417419433594,295.0098571777344,35.35709762573242,51.36729431152344
2020-01-09,74.50452423095703,95.05249786376953,120.85639953613281,115.01268005371094,45.15910339355469,152.93121337890625,297.0102844238281,35.72237014770508,51.760536193847656
2020-01-10,74.67298126220703,94.15799713134766,120.58206939697266,113.86622619628906,45.31415939331055,152.22360229492188,296.1555480957031,35.4240608215332,51.30051803588867
2020-01-13,76.26830291748047,94.56500244140625,121.11410522460938,114.81182098388672,45.803775787353516,154.05393981933594,298.1922912597656,35.27187728881836,51.790225982666016
2020-01-14,75.23844909667969,93.47200012207031,121.79570007324219,116.1507568359375,45.69768524169922,152.96893310546875,297.7376708984375,35.36318588256836,51.34503173828125
2020-01-15,74.9159927368164,93.10099792480469,122.2030029296875,114.41016387939453,46.26891326904297,153.95962524414062,298.4104919433594,35.08924102783203,51.26341247558594
2020-01-16,75.85443878173828,93.89700317382812,123.19223022460938,114.8536605834961,46.36683654785156,156.7806854248047,300.8927917480469,35.2779655456543,51.063087463378906
2020-01-17,76.69422149658203,93.23600006103516,123.99856567382812,115.64866638183594,46.46475601196289,157.65811157226562,301.829345703125,34.99184036254883,50.87016677856445
2020-01-21,76.17449188232422,94.5999984741211,124.08167266845703,114.51058197021484,46.652442932128906,157.09202575683594,301.23828125,35.18360137939453,50.14302444458008
2020-01-22,76.4463882446289,94.37300109863281,123.23377227783203,114.37669372558594,47.011497497558594,156.33721923828125,301.2746887207031,35.338836669921875,49.85365676879883
2020-01-23,76.81454467773438,94.22899627685547,123.46652221679688,114.25953674316406,47.19103240966797,157.2996063232422,301.6202087402344,35.250572204589844,49.542015075683594
2020-01-24,76.59315490722656,93.08200073242188,123.29200744628906,111.42272186279297,47.06862258911133,155.71450805664062,298.9378967285156,34.812259674072266,49.20812225341797
2020-01-27,74.34088897705078,91.41699981689453,123.6494369506836,110.4854507446289,46.90541458129883,153.11045837402344,294.1460266113281,35.265785217285156,48.035797119140625
2020-01-28,76.4439697265625,92.6624984741211,124.27288055419922,112.49384307861328,46.52187728881836,156.11080932617188,297.22845458984375,35.49102783203125,47.969017028808594
2020-01-29,78.04410552978516,92.9000015258789,125.13734436035156,112.32646942138672,46.52187728881836,158.54498291015625,296.9830017089844,35.2749137878418,47.5683479309082
2020-01-30,77.9310073852539,93.53399658203125,124.98775482177734,113.71560668945312,48.03152847290039,163.0172119140625,297.94683837890625,35.484947204589844,48.07291030883789
2020-01-31,74.47567749023438,100.43599700927734,123.74916076660156,110.76160430908203,47.656158447265625,160.6112060546875,292.5367431640625,34.84877395629883,46.09181594848633
2020-02-03,74.27113342285156,100.20999908447266,124.82978057861328,111.6068115234375,47.80305099487305,164.52679443359375,294.70989990234375,34.78182601928711,45.060455322265625
2020-02-04,76.72309875488281,102.4834976196289,126.01849365234375,113.21351623535156,48.01521682739258,169.9424285888672,299.2016296386719,35.0861930847168,44.496559143066406
2020-02-05,77.3487319946289,101.99349975585938,128.0052032470703,115.13817596435547,48.023372650146484,169.73489379882812,302.65673828125,35.55495071411133,46.5444221496582
2020-02-06,78.25347900390625,102.5114974975586,127.62281799316406,115.15492248535156,48.13762664794922,173.25408935546875,303.6751403808594,35.40275573730469,45.913734436035156
2020-02-07,77.18978118896484,103.96399688720703,126.25958251953125,114.78670501708984,48.30081558227539,173.4993896484375,302.0567321777344,35.44536209106445,45.609519958496094
2020-02-10,77.55638885498047,106.69550323486328,126.23460388183594,115.26371765136719,48.7578010559082,178.03759765625,304.3116149902344,35.08012008666992,45.12784194946289
2020-02-11,77.0885009765625,107.54000091552734,126.34272003173828,115.48128509521484,48.62723922729492,174.01834106445312,304.8389892578125,35.125770568847656,45.55684280395508
2020-02-12,78.919189453125,108.0,125.59455108642578,115.48128509521484,48.48035430908203,174.27308654785156,306.8030700683594,35.26274490356445,46.11378860473633
2020-02-13,78.357177734375,107.49349975585938,124.76331329345703,115.38089752197266,48.6435546875,173.32955932617188,306.4757080078125,35.74671936035156,45.8578987121582
2020-02-14,78.37647247314453,106.74349975585938,124.79653930664062,115.0294189453125,48.920997619628906,174.8769073486328,306.9666442871094,35.88367462158203,45.647151947021484
2020-02-18,76.94139099121094,107.78350067138672,123.97362518310547,113.50638580322266,48.57826614379883,176.6507110595703,306.1756286621094,36.41331100463867,45.067626953125
2020-02-19,78.05567169189453,108.51100158691406,123.80736541748047,115.05453491210938,48.77412033081055,177.1804962158203,307.6395263671875,35.819766998291016,45.413848876953125
2020-02-20,77.25491333007812,107.65499877929688,123.33354949951172,115.05453491210938,48.73331832885742,174.47471618652344,306.37567138671875,35.82280731201172,45.05257034301758
2020-02-21,75.50623321533203,104.79850006103516,124.63029479980469,113.64863586425781,49.06789016723633,168.95912170410156,303.2205505371094,36.093711853027344,44.50315475463867
2020-02-24,71.91967010498047,100.4645004272461,122.06205749511719,110.5942611694336,47.86016845703125,161.67434692382812,293.1640625,35.40580368041992,42.418365478515625
2020-02-25,69.48356628417969,98.63700103759766,121.00800323486328,105.65702056884766,47.182865142822266,159.00643920898438,284.2805480957031,34.81834411621094,40.79268264770508
2020-02-26,70.58586120605469,98.97949981689453,120.1965560913086,105.9749984741211,47.003326416015625,160.99319458007812,283.2349548339844,34.63267135620117,39.897037506103516
2020-02-27,65.97178649902344,94.21499633789062,116.3818359375,101.56495666503906,44.82453536987305,149.64976501464844,270.5143737792969,33.60385513305664,37.49614334106445
2020-02-28,65.93319702148438,94.1875,112.50022888183594,97.16328430175781,43.64945602416992,153.27322387695312,269.3778991699219,32.77592468261719,38.71541976928711
2020-03-02,72.07160186767578,97.69750213623047,117.13472747802734,101.69050598144531,45.63241195678711,163.47189331054688,281.0435791015625,35.27187728881836,40.55182647705078
2020-03-03,69.78267669677734,95.44950103759766,113.42880249023438,97.87458801269531,45.74665069580078,155.63839721679688,272.9967041015625,34.36785125732422,38.61004638671875
2020-03-04,73.01953125,98.79149627685547,120.02922821044922,100.2929916381836,48.08049392700195,161.3527069091797,284.4715576171875,35.54277420043945,39.45298767089844
2020-03-05,70.6510009765625,96.20149993896484,118.79946899414062,95.37250518798828,46.30155563354492,157.30352783203125,275.0152282714844,35.28404998779297,37.71440887451172
2020-03-06,69.71273803710938,95.05449676513672,118.81621551513672,90.44359588623047,45.09381866455078,152.8569793701172,270.46893310546875,35.682796478271484,35.893035888671875
2020-03-09,64.19901275634766,90.03050231933594,114.13985443115234,78.19255065917969,42.31931686401367,142.49746704101562,249.34678649902344,35.6614875793457,31.50518798828125
2020-03-10,68.82271575927734,94.59100341796875,118.48995971679688,84.26787567138672,43.78818130493164,152.2419891357422,262.2491760253906,36.462005615234375,32.671783447265625
2020-03-11,66.43246459960938,91.04299926757812,110.25823974609375,80.30134582519531,42.60493469238281,145.3451385498047,249.46498107910156,34.83052444458008,31.59551429748535
2020-03-12,59.87195587158203,83.83049774169922,104.91265869140625,73.68207550048828,38.483978271484375,131.5608367919922,225.5968475341797,31.671031951904297,27.982877731323242
2020-03-13,67.04510498046875,89.25,112.34125518798828,86.95405578613281,39.89986801147461,150.26467895507812,244.88226318359375,34.73006057739258,28.690343856811523
2020-03-16,58.419960021972656,84.4574966430664,106.35151672363281,73.94151306152344,37.25742721557617,128.1171875,218.08641052246094,32.49589920043945,25.958293914794922
2020-03-17,60.988685607910156,90.39199829101562,114.2653579711914,78.46033477783203,38.83795166015625,138.66583251953125,229.86131286621094,36.30068588256836,27.704404830932617
2020-03-18,59.495697021484375,91.5,112.90177917480469,70.2009048461914,36.9199333190918,132.82858276367188,218.22274780273438,37.31124496459961,24.927186965942383
2020-03-19,59.03983688354492,94.04650115966797,106.28459930419922,71.38082885742188,34.43389892578125,135.0140380859375,218.6864776611328,36.51939010620117,25.91313362121582
2020-03-20,55.29165267944336,92.30449676513672,100.29485321044922,69.87454986572266,31.528047561645508,129.94308471679688,209.26234436035156,34.843997955322266,24.64118766784668
2020-03-23,54.11702346801758,95.1415023803711,92.9749984741211,66.13397216796875,30.918893814086914,128.6469268798828,203.9119110107422,34.93877410888672,23.6702880859375
2020-03-24,59.54633712768555,97.00499725341797,99.70087432861328,74.00007629394531,32.4747200012207,140.34042358398438,222.38699340820312,35.16807174682617,26.673288345336914
2020-03-25,59.21831512451172,94.29199981689453,99.88494873046875,76.76158905029297,34.2527961730957,138.99697875976562,225.7161865234375,33.44681930541992,28.0656681060791
2020-03-26,62.334564208984375,97.77449798583984,105.88304138183594,82.1088638305664,36.45894241333008,147.69137573242188,238.8957061767578,33.575218200683594,29.217191696166992
2020-03-27,59.75376510620117,95.00499725341797,103.03038024902344,76.25949096679688,35.240623474121094,141.6270751953125,231.78001403808594,33.50185775756836,27.809772491455078
2020-03-30,61.459014892578125,98.19750213623047,111.27046966552734,78.24275970458984,37.04341125488281,151.58920288085938,239.30726623535156,35.21699142456055,28.22372055053711
2020-03-31,61.33359909057617,97.48600006103516,109.69774627685547,75.33898162841797,36.4260139465332,149.2051239013672,235.74029541015625,34.73699188232422,28.57745361328125
2020-04-01,58.10640335083008,95.38500213623047,107.75695037841797,70.59420013427734,34.67262268066406,143.90713500976562,225.13082885742188,34.895965576171875,28.246295928955078
2020-04-02,59.07600784301758,95.94149780273438,111.3875961303711,73.23020935058594,36.17906188964844,146.88723754882812,230.32577514648438,36.274818420410156,30.406352996826172
2020-04-03,58.22699737548828,95.32949829101562,112.24090576171875,71.06568145751953,36.08026885986328,145.5343780517578,226.99661254882812,36.52857208251953,29.510719299316406
2020-04-06,63.306575775146484,99.87950134277344,116.91724395751953,75.6399154663086,38.41812515258789,156.35743713378906,242.2431182861328,38.5433235168457,30.459033966064453
2020-04-07,62.5733528137207,100.58000183105469,115.00988006591797,76.63761901855469,38.28641891479492,154.67340087890625,242.4900665283203,37.295955657958984,31.03856086730957
2020-04-08,64.17487335205078,102.1500015258789,119.84516143798828,79.73221588134766,39.36479568481445,156.22499084472656,250.63011169433594,37.25009536743164,33.00292205810547
2020-04-09,64.63797760009766,102.13800048828125,118.14696502685547,86.88529205322266,40.33615493774414,156.2344512939453,254.44403076171875,37.23786163330078,32.461036682128906
2020-04-13,65.90666198730469,108.44349670410156,116.92562866210938,83.02127075195312,38.63215637207031,156.58448791503906,252.12086486816406,38.30791091918945,32.18256378173828
2020-04-14,69.23516845703125,114.16600036621094,122.1624984741211,80.74685668945312,40.27029037475586,164.33285522460938,259.5566711425781,39.43911361694336,31.93419647216797
2020-04-15,68.60325622558594,115.38400268554688,123.52603912353516,76.76445007324219,39.191925048828125,162.61099243164062,254.0415802001953,39.365745544433594,30.466562271118164
2020-04-16,69.1483383178711,120.40950012207031,125.20751953125,73.83897399902344,38.7720947265625,167.49273681640625,255.26710510253906,40.45719528198242,29.465564727783203
2020-04-17,68.2100830078125,118.75,127.17345428466797,80.47627258300781,39.56235885620117,168.96859741210938,262.1632995605469,40.39299774169922,32.528770446777344
2020-04-20,66.79426574707031,119.68049621582031,126.88064575195312,77.5423355102539,38.30287551879883,165.6194610595703,257.5444641113281,39.6989860534668,30.993408203125
2020-04-21,64.72962188720703,116.40599822998047,125.21589660644531,75.29325103759766,37.35621643066406,158.76992797851562,249.7246856689453,39.503318786621094,30.82782554626465
2020-04-22,66.59408569335938,118.17449951171875,127.98490142822266,75.53848266601562,37.60316848754883,164.1625518798828,255.26710510253906,40.23095703125,31.70840072631836
2020-04-23,66.33600616455078,119.97250366210938,130.093017578125,75.58073425292969,37.10102844238281,162.17576599121094,255.2488250732422,39.29541778564453,32.70186996459961
2020-04-24,68.25110626220703,120.51100158691406,129.5492706298828,76.69683074951172,37.39738082885742,165.136962890625,258.80670166015625,39.57363510131836,32.91261291503906
2020-04-27,68.2993392944336,118.80000305175781,129.07241821289062,80.00279998779297,38.50868225097656,164.66395568847656,262.53826904296875,39.225101470947266,33.07066345214844
2020-04-28,67.19225311279297,115.7040023803711,126.64640808105469,80.56928253173828,38.47576141357422,160.65261840820312,261.33099365234375,39.133392333984375,33.845882415771484
2020-04-29,69.3991928100586,118.635498046875,125.68436431884766,82.74226379394531,38.78855514526367,167.86166381835938,268.17218017578125,37.78818130493164,35.71993637084961
2020-04-30,70.86321258544922,123.69999694824219,125.51701354980469,80.96668243408203,37.77603530883789,169.54571533203125,265.6754455566406,37.161434173583984,34.97483444213867
2020-05-01,69.7223892211914,114.302001953125,124.0530776977539,78.84442901611328,37.53731155395508,165.15594482421875,258.6419982910156,37.58028793334961,32.468563079833984
2020-05-04,70.70885467529297,115.79949951171875,124.03633117675781,77.90589904785156,37.158653259277344,169.1956329345703,259.35540771484375,37.81874084472656,33.778141021728516
2020-05-05,71.7701187133789,115.88999938964844,125.06529998779297,77.78755187988281,37.3726806640625,171.01210021972656,261.751708984375,38.1336555480957,33.740509033203125
2020-05-06,72.5105972290039,117.56300354003906,123.87736511230469,76.32481384277344,36.83761215209961,172.6961212158203,259.9773864746094,37.69645690917969,33.10830307006836
2020-05-07,73.26071166992188,118.38050079345703,123.46749877929688,77.11957550048828,36.714134216308594,173.6989288330078,263.114501953125,37.42930221557617,33.29645919799805
2020-05-08,75.00444030761719,118.98049926757812,124.39605712890625,78.37939453125,37.95714569091797,174.720703125,267.468017578125,37.75172805786133,34.75657272338867
2020-05-11,76.18467712402344,120.44999694824219,124.73905944824219,76.07112884521484,37.487937927246094,176.66961669921875,267.52294921875,37.975887298583984,34.4254035949707
2020-05-12,75.31400299072266,117.84750366210938,123.09101867675781,73.5853042602539,36.89522171020508,172.66770935058594,262.19061279296875,38.00967788696289,33.84999084472656
2020-05-13,74.40467071533203,118.39600372314453,123.08271026611328,71.04877471923828,36.170814514160156,170.0565643310547,257.5536804199219,37.988182067871094,32.169769287109375
2020-05-14,74.86175537109375,119.44249725341797,123.50929260253906,73.99962615966797,35.97327423095703,170.7945098876953,260.63592529296875,37.89912414550781,32.45363235473633
2020-05-15,74.4191665649414,120.48899841308594,125.85169982910156,72.62989044189453,35.61105728149414,173.28265380859375,261.833984375,38.67295837402344,32.22346496582031
2020-05-18,76.17255401611328,121.31300354003906,125.91863250732422,76.47696685791016,37.018714904785156,174.9382781982422,269.80950927734375,39.20112228393555,34.7859992980957
2020-05-19,75.73240661621094,122.46649932861328,124.6637191772461,74.97196197509766,36.66474151611328,173.7273406982422,267.0380859375,38.36894989013672,33.71188735961914
2020-05-20,77.20526123046875,124.89700317382812,123.54276275634766,77.2210464477539,37.77603530883789,176.1370086669922,271.57464599609375,38.522491455078125,34.809024810791016
2020-05-21,76.62965393066406,122.33699798583984,122.73133087158203,76.24024200439453,37.1833381652832,174.0214080810547,269.6996765136719,38.38124465942383,34.18756103515625
2020-05-22,77.12303924560547,121.84400177001953,121.61096954345703,75.64839172363281,37.06810760498047,174.0973663330078,270.2117614746094,38.17856216430664,34.21825408935547
2020-05-26,76.60063171386719,121.09300231933594,121.7710189819336,81.01741027832031,37.940670013427734,172.25682067871094,273.541015625,38.03423309326172,35.223331451416016
2020-05-27,76.93439483642578,120.51950073242188,122.04898834228516,85.71002197265625,38.4675178527832,172.48446655273438,277.61102294921875,37.6104736328125,35.476505279541016
2020-05-28,76.9682388305664,120.05500030517578,123.80110931396484,84.43331146240234,38.76386642456055,172.09555053710938,277.0987854003906,37.98204040527344,34.55583953857422
2020-05-29,76.89327239990234,122.11849975585938,125.30050659179688,82.27720642089844,38.42635726928711,173.8506622314453,278.3335876464844,38.09565353393555,34.8857421875
2020-06-01,77.83892059326172,123.552001953125,123.98641204833984,83.3679428100586,38.68155288696289,173.4521942138672,279.45849609375,38.064945220947266,35.50718307495117
2020-06-02,78.19927215576172,123.62049865722656,124.87931060791016,83.64698028564453,38.60745620727539,175.42550659179688,281.7724304199219,38.05879211425781,36.29743957519531
2020-06-03,78.6297607421875,123.91999816894531,125.21625518798828,88.16201782226562,39.43064498901367,175.8524169921875,285.5223693847656,37.91447448730469,37.7781867980957
2020-06-04,77.95259094238281,123.02999877929688,123.59892272949219,89.99678039550781,39.447120666503906,173.53761291503906,284.77239990234375,37.49686050415039,37.670780181884766
2020-06-05,80.1727523803711,124.1500015258789,124.07909393310547,94.04683685302734,40.41022872924805,177.5980682373047,292.0709228515625,37.32796859741211,40.72433090209961
2020-06-08,80.64676666259766,126.2030029296875,123.63265228271484,95.92386627197266,41.03586196899414,178.69854736328125,295.6012878417969,37.22969436645508,41.997928619384766
2020-06-09,83.19343566894531,130.04299926757812,122.9503402709961,93.46342468261719,40.33615493774414,180.06471252441406,293.3970947265625,37.26347732543945,41.061912536621094
2020-06-10,85.33378601074219,132.37249755859375,124.50025177001953,89.67550659179688,40.02334213256836,186.74359130859375,291.760009765625,37.205142974853516,38.85997009277344
2020-06-11,81.23688507080078,127.89800262451172,118.66273498535156,82.19268798828125,37.487937927246094,176.7157440185547,274.9403381347656,36.876583099365234,35.430477142333984
2020-06-12,81.93822479248047,127.2509994506836,119.74095916748047,84.4417495727539,37.87833786010742,178.11038208007812,278.23297119140625,36.15495300292969,36.19001388549805
2020-06-15,82.95156860351562,128.63400268554688,118.98282623291016,85.60856628417969,38.459808349609375,179.248779296875,280.8304748535156,36.25934600830078,36.16700744628906
2020-06-16,85.14997863769531,130.7635040283203,121.68675994873047,86.2934341430664,38.8502197265625,183.64137268066406,286.23577880859375,36.741455078125,36.98026657104492
2020-06-17,85.03145599365234,132.0489959716797,121.31616973876953,84.11202239990234,38.6923942565918,184.27694702148438,285.04681396484375,36.551063537597656,35.77573013305664
2020-06-18,85.06535339355469,132.69900512695312,120.8023452758789,83.6554183959961,39.03297424316406,186.250244140625,285.1565856933594,36.23171615600586,35.99822235107422
2020-06-19,84.57923126220703,133.75050354003906,121.15608978271484,82.69999694824219,38.22721481323242,185.14027404785156,283.52691650390625,36.80287170410156,35.27702331542969
2020-06-22,86.79215240478516,135.6909942626953,120.78549194335938,81.8037338256836,37.99463653564453,190.2823028564453,285.3458251953125,37.36482238769531,35.61460876464844
2020-06-23,88.64469146728516,138.2205047607422,120.33902740478516,82.80145263671875,37.911563873291016,191.5535125732422,286.65936279296875,37.1775016784668,35.829429626464844
2020-06-24,87.0799560546875,136.72000122070312,117.77828216552734,80.03661346435547,37.089202880859375,187.6923065185547,279.3471374511719,36.94104766845703,34.14152908325195
2020-06-25,88.23595428466797,137.72900390625,117.65191650390625,82.82682800292969,37.32179260253906,190.06407165527344,282.3418273925781,36.75988006591797,34.65557098388672
2020-06-26,85.52487182617188,134.64349365234375,116.08511352539062,78.286376953125,36.19208908081055,186.25975036621094,275.63580322265625,36.33304977416992,33.46638107299805
2020-06-29,87.49591827392578,134.0189971923828,117.12120819091797,78.6330337524414,36.84830856323242,188.26150512695312,279.6869201660156,36.56028366088867,34.00342559814453
2020-06-30,88.2262954711914,137.9409942626953,118.46056365966797,79.52930450439453,37.1141242980957,193.0714874267578,283.2696533203125,36.78137969970703,34.310325622558594
2020-07-01,88.05941009521484,143.93499755859375,118.24999237060547,78.8528823852539,37.23042678833008,194.200439453125,285.2538757324219,36.75373840332031,33.535423278808594
2020-07-02,88.05941009521484,144.51499938964844,118.7469711303711,79.10902404785156,37.280269622802734,195.680419921875,286.8247375488281,36.60633850097656,33.81929397583008
2020-07-06,90.4150390625,152.8520050048828,120.44011688232422,81.10680389404297,37.57099533081055,199.89268493652344,291.25262451171875,36.50807571411133,34.05714797973633
2020-07-07,90.13448333740234,150.00599670410156,120.33061218261719,78.8187255859375,37.55437469482422,197.56834411621094,288.24859619140625,38.983097076416016,33.17483139038086
2020-07-08,92.23371887207031,154.0554962158203,120.68439483642578,79.65543365478516,37.438079833984375,201.9134521484375,290.45343017578125,38.212337493896484,33.09810256958008
2020-07-09,92.63036346435547,159.13150024414062,120.02734375,77.93083190917969,36.474510192871094,203.32699584960938,288.79986572265625,39.228755950927734,31.732450485229492
2020-07-10,92.79239654541016,160.0,119.92628479003906,82.19107055664062,37.504547119140625,202.71035766601562,291.74859619140625,40.12849426269531,32.72216796875
2020-07-13,92.36432647705078,155.1999969482422,122.31855010986328,83.3692626953125,37.58761215209961,196.4488525390625,289.2225036621094,39.77227783203125,32.72983169555664
2020-07-14,93.8927993774414,154.1999969482422,124.60136413574219,83.84736633300781,38.102622985839844,197.6632537841797,292.9704284667969,40.53689956665039,33.81162643432617
2020-07-15,94.53852844238281,150.44349670410156,124.88775634765625,85.14507293701172,38.542869567871094,197.369140625,295.6620788574219,40.53382110595703,34.24126434326172
2020-07-16,93.37525939941406,149.9949951171875,125.7216796875,85.38412475585938,38.335201263427734,193.46046447753906,294.688232421875,40.59524154663086,33.972747802734375
2020-07-17,93.18661499023438,148.09849548339844,125.805908203125,83.80467224121094,38.891754150390625,192.47381591796875,295.5425720214844,40.453983306884766,33.3896598815918
2020-07-20,95.15042114257812,159.8419952392578,126.0165023803711,83.07044219970703,38.31028747558594,200.7465362548828,297.9310607910156,40.37106704711914,32.60707473754883
2020-07-21,93.8371810913086,156.9145050048828,126.13443756103516,84.87188720703125,39.20740509033203,198.04270935058594,298.56494140625,40.635154724121094,34.25661849975586
2020-07-22,94.10079193115234,154.99549865722656,126.3618392944336,84.25717163085938,40.27066421508789,200.88885498046875,300.2643737792969,40.73650360107422,33.45870590209961
2020-07-23,89.8176498413086,149.32749938964844,126.02489471435547,84.50475311279297,40.10452651977539,192.1512451171875,296.68170166015625,40.42329025268555,33.52775192260742
2020-07-24,89.59515380859375,150.44549560546875,124.76979064941406,83.9071273803711,40.278968811035156,190.97483825683594,294.77099609375,40.300445556640625,33.320594787597656
2020-07-27,91.71855926513672,152.760498046875,123.97801208496094,82.72894287109375,40.27066421508789,193.39404296875,296.9205322265625,40.29123306274414,33.81162643432617
2020-07-28,90.21189880371094,150.01649475097656,123.68316650390625,83.0875244140625,40.021461486816406,191.65792846679688,295.0373840332031,40.46013259887695,33.41265869140625
2020-07-29,91.94107818603516,151.67649841308594,123.43891906738281,85.10237121582031,39.8885498046875,193.59327697753906,298.666015625,40.131553649902344,33.78093719482422
2020-07-30,93.05359649658203,152.593994140625,123.69161224365234,82.83138275146484,39.61442184448242,193.44146728515625,297.6003723144531,39.95652389526367,32.12373352050781
2020-07-31,102.79524230957031,158.23399353027344,122.7818603515625,82.5069580078125,39.24063491821289,194.49452209472656,299.9521179199219,39.73543167114258,32.284847259521484
2020-08-03,105.38544464111328,155.59449768066406,124.12123107910156,82.04593658447266,38.459808349609375,205.4331512451172,302.0373229980469,39.70472717285156,32.415279388427734
2020-08-04,106.08924102783203,156.94149780273438,124.01173400878906,81.57637786865234,38.783756256103516,202.3498077392578,303.2039794921875,40.42329025268555,33.35129165649414
2020-08-05,106.47376251220703,160.25149536132812,125.00567626953125,82.99361419677734,39.22401809692383,202.01779174804688,305.087158203125,39.861331939697266,33.64282989501953
2020-08-06,110.18855285644531,161.25,124.2896728515625,83.01922607421875,39.43999099731445,205.25289916992188,307.1266174316406,39.7200813293457,33.48172378540039
2020-08-07,107.68333435058594,158.3730010986328,125.17412567138672,84.84625244140625,39.705806732177734,201.58140563964844,307.3470764160156,39.91047286987305,33.32828140258789
2020-08-10,109.24848937988281,157.4080047607422,124.69400787353516,85.92198944091797,39.63935089111328,197.56834411621094,308.2655944824219,40.496978759765625,34.14920425415039
2020-08-11,105.99944305419922,154.0334930419922,123.80110931396484,88.63693237304688,39.81379318237305,192.94815063476562,305.7210388183594,39.98109436035156,34.502132415771484
2020-08-12,109.52227783203125,158.11199951171875,126.0670394897461,87.88563537597656,40.229122161865234,198.4601287841797,309.9834899902344,40.50004577636719,34.49431228637695
2020-08-13,111.46054077148438,158.05099487304688,124.66873168945312,87.39898681640625,40.18759536743164,197.99525451660156,309.4231872558594,40.654212951660156,33.649356842041016
2020-08-14,111.36121368408203,157.4010009765625,124.87090301513672,87.43313598632812,40.245731353759766,198.18499755859375,309.4323425292969,40.885467529296875,33.79800796508789
2020-08-17,111.0704574584961,159.12049865722656,125.50269317626953,85.12800598144531,40.04637908935547,199.49424743652344,310.4153137207031,41.81047439575195,33.35988235473633
2020-08-18,111.99598693847656,165.62449645996094,126.42920684814453,83.94129180908203,40.2208137512207,200.64218139648438,311.0858154296875,41.53605270385742,33.19558334350586
2020-08-19,112.13652801513672,163.0240020751953,126.68196105957031,84.13764953613281,39.34860610961914,199.4248809814453,309.79058837890625,40.826873779296875,32.82788848876953
2020-08-20,114.624755859375,164.86849975585938,127.54957580566406,83.13021850585938,39.33199691772461,204.06573486328125,310.75518798828125,40.259544372558594,32.32716751098633
2020-08-21,120.53166198730469,164.23599243164062,128.6783447265625,83.0875244140625,39.27385330200195,202.5821990966797,311.8575439453125,40.58638000488281,32.084632873535156
2020-08-24,121.97325134277344,165.3730010986328,129.017578125,85.42679595947266,39.84701919555664,203.21942138671875,315.0176696777344,40.493873596191406,33.03129577636719
2020-08-25,120.9726333618164,167.32449340820312,128.9412384033203,85.8024673461914,39.79717254638672,205.86317443847656,316.12005615234375,40.278045654296875,31.982927322387695
2020-08-26,122.61775207519531,172.09249877929688,129.1447296142578,84.59864807128906,40.00484848022461,210.31381225585938,319.289306640625,40.29962158203125,31.302261352539062
2020-08-27,121.15191650390625,170.0,129.7213592529297,87.38191986083984,40.062992095947266,215.47781372070312,319.9874267578125,42.12805938720703,31.091035842895508
2020-08-28,120.9556655883789,170.08999633789062,130.28102111816406,87.74048614501953,41.392051696777344,217.69363403320312,322.0543518066406,43.259647369384766,31.83428382873535
2020-08-31,125.05752563476562,172.54800415039062,130.08596801757812,85.53780364990234,41.142852783203125,214.47921752929688,320.88763427734375,42.812564849853516,31.24750518798828
2020-09-01,130.03890991210938,174.95599365234375,128.48330688476562,85.49510955810547,40.80228042602539,216.1339874267578,323.9100646972656,45.5074348449707,30.848501205444336
2020-09-02,127.3447265625,176.57249450683594,130.44207763671875,86.78427124023438,42.52174758911133,220.29934692382812,328.59503173828125,45.535179138183594,30.660737991333008
2020-09-03,117.14936065673828,168.39999389648438,126.81283569335938,86.51107788085938,41.93198776245117,206.6525115966797,317.28662109375,44.5670051574707,30.5981502532959
2020-09-04,117.2269058227539,164.7310028076172,125.99876403808594,88.38081359863281,42.39716720581055,203.751953125,314.6960754394531,44.03975296020508,30.574676513671875
2020-09-08,109.33811950683594,157.49200439453125,124.8709945678711,85.30728912353516,41.37544250488281,192.7298583984375,306.09771728515625,42.68924331665039,29.87054443359375
2020-09-09,113.6992416381836,163.4304962158203,126.94001770019531,86.11837005615234,41.69108963012695,200.9369659423828,312.14227294921875,43.13325500488281,29.690614700317383
2020-09-10,109.98745727539062,158.7554931640625,124.57418823242188,85.23046112060547,41.53326416015625,195.30703735351562,306.7223205566406,42.18356704711914,28.947370529174805
2020-09-11,108.54344940185547,155.81100463867188,125.31194305419922,86.2890853881836,42.41377258300781,194.03271484375,306.87860107421875,42.149635314941406,28.869131088256836
2020-09-14,111.79971313476562,155.14849853515625,125.79528045654297,87.48435974121094,42.46401596069336,195.34510803222656,310.92059326171875,42.34081268310547,28.68136215209961
2020-09-15,111.97418975830078,157.80650329589844,126.25318908691406,84.76087951660156,42.74872589111328,198.54994201660156,312.4913330078125,42.353153228759766,28.376239776611328
2020-09-16,108.66943359375,153.90499877929688,125.83769226074219,85.11946105957031,42.531009674072266,195.00277709960938,311.251220703125,42.01398849487305,29.581083297729492
2020-09-17,106.93464660644531,150.43649291992188,124.794677734375,84.14616394042969,42.33003234863281,192.96759033203125,308.51373291015625,42.14655685424805,29.573251724243164
2020-09-18,103.54267120361328,147.74549865722656,126.49907684326172,83.96687316894531,42.24629211425781,190.57106018066406,304.9618225097656,41.71489334106445,29.096010208129883
2020-09-21,106.68270874023438,148.02349853515625,123.03939819335938,81.37147521972656,41.10743713378906,192.61572265625,301.5677185058594,42.26373291015625,28.501419067382812
2020-09-22,108.35930633544922,156.44949340820312,122.28469848632812,80.4835433959961,41.584747314453125,197.25662231445312,304.6390075683594,42.64606857299805,27.797290802001953
2020-09-23,103.81404876708984,149.9929962158203,122.4797134399414,79.17733001708984,40.370540618896484,190.7613067626953,297.57415771484375,41.930728912353516,26.905405044555664
2020-09-24,104.88009643554688,150.989501953125,122.67476654052734,79.10902404785156,40.78086471557617,193.23387145996094,298.36737060546875,42.149635314941406,26.850637435913086
2020-09-25,108.8147964477539,154.75650024414062,123.51428985595703,79.80055236816406,40.797611236572266,197.63702392578125,303.1910400390625,42.32540512084961,27.10099983215332
2020-09-28,111.41209411621094,158.70249938964844,124.74378204345703,82.09718322753906,41.26654052734375,199.17764282226562,308.2268371582031,42.319236755371094,27.625173568725586
2020-09-29,110.56893157958984,157.24400329589844,124.70138549804688,81.40563201904297,40.965084075927734,197.10443115234375,306.54827880859375,42.28532028198242,26.819347381591797
2020-09-30,112.23584747314453,157.43649291992188,126.24472045898438,82.19107055664062,41.341915130615234,200.02403259277344,308.8725280761719,43.139408111572266,26.85846519470215
2020-10-01,113.18560028076172,161.06300354003906,124.92182922363281,82.78870391845703,41.18280792236328,202.0496368408203,310.85540771484375,44.11683654785156,25.919628143310547
2020-10-02,109.5319595336914,156.25,124.00605010986328,83.57415771484375,41.33354187011719,196.0868682861328,307.9040222167969,43.321319580078125,25.80227279663086
2020-10-05,112.90457153320312,159.9600067138672,125.69353485107422,85.3405990600586,41.35028839111328,200.0715789794922,313.3641357421875,43.7221565246582,26.396867752075195
2020-10-06,109.66763305664062,154.9980010986328,124.0230484008789,84.46168518066406,40.98182678222656,195.82058715820312,308.9093933105469,43.36140823364258,26.12303924560547
2020-10-07,111.52841186523438,159.7845001220703,125.39675903320312,85.9351577758789,41.50101852416992,199.5485076904297,314.2864685058594,43.44158172607422,26.20909881591797
2020-10-08,111.42178344726562,159.52749633789062,126.25318908691406,87.70159149169922,42.25467300415039,200.2617645263672,317.0718078613281,43.58649444580078,27.5860538482666
2020-10-09,113.36006164550781,164.33250427246094,128.0169219970703,87.20182037353516,42.54774856567383,205.2354736328125,319.9033203125,44.02433776855469,27.17923355102539
2020-10-12,120.56075286865234,172.14649963378906,128.7546844482422,88.27030944824219,42.782222747802734,210.5515899658203,325.04986572265625,44.47760009765625,27.09316635131836
2020-10-13,117.36258697509766,172.18150329589844,125.80378723144531,86.83992767333984,42.0536994934082,211.94007873535156,322.9284973144531,45.088104248046875,26.772401809692383
2020-10-14,117.4498291015625,168.1855010986328,125.58329010009766,86.35737609863281,41.9699592590332,210.03805541992188,320.8994140625,44.38201141357422,26.717636108398438
2020-10-15,116.98460388183594,166.9324951171875,124.8116226196289,87.64990997314453,41.86109924316406,208.89682006835938,320.5028381347656,44.56392288208008,26.952341079711914
2020-10-16,115.3467788696289,163.635498046875,125.58329010009766,87.46894073486328,41.89458465576172,208.89682006835938,320.30914306640625,44.619422912597656,26.678518295288086
2020-10-19,112.40060424804688,160.36050415039062,122.3780288696289,85.99546813964844,41.5512580871582,203.7234344482422,315.4393615722656,44.07675552368164,26.146512985229492
2020-10-20,113.88339233398438,160.85049438476562,122.57302856445312,86.48666381835938,42.078819274902344,204.13235473632812,316.702880859375,44.36967086791992,26.36557388305664
2020-10-21,113.26315307617188,159.2469940185547,122.04725646972656,85.6249771118164,41.86109924316406,204.2749786376953,316.1034851074219,44.52383041381836,25.943096160888672
2020-10-22,112.17770385742188,158.82000732421875,123.02245330810547,88.64944458007812,42.43888854980469,204.36058044433594,317.83734130859375,44.261756896972656,27.273115158081055
2020-10-23,111.4896240234375,160.22000122070312,123.15814208984375,89.4508056640625,42.30491256713867,205.63491821289062,318.91650390625,44.3542594909668,26.725465774536133
2020-10-26,111.49932098388672,160.3520050048828,122.08118438720703,87.23628997802734,41.70199966430664,199.7862548828125,313.02288818359375,43.833160400390625,26.09174156188965
2020-10-27,113.00147247314453,164.31649780273438,121.38589477539062,85.5904769897461,41.78573226928711,202.8009490966797,311.9437561035156,44.05208969116211,25.677091598510742
2020-10-28,107.76811981201172,158.13900756835938,117.32412719726562,83.1864242553711,40.16118240356445,192.7488555908203,301.28192138671875,43.17949295043945,24.699140548706055
2020-10-29,111.76095581054688,160.55050659179688,116.33202362060547,83.72926330566406,40.21144104003906,194.6889190673828,304.34405517578125,43.142494201660156,25.794445037841797
2020-10-30,105.50032806396484,151.8074951171875,116.26417541503906,84.47892761230469,40.244937896728516,192.5491180419922,301.1711730957031,42.78174591064453,25.5206241607666
2020-11-02,105.41311645507812,150.2239990234375,117.60396575927734,86.38323211669922,40.7138671875,192.416015625,304.546875,43.290489196777344,26.59246063232422
2020-11-03,107.03157806396484,152.42050170898438,117.44285583496094,89.10614013671875,41.32516098022461,196.31509399414062,309.9239501953125,44.02433776855469,26.13868522644043
2020-11-04,111.40239715576172,162.05799865722656,118.20602416992188,86.38323211669922,41.174434661865234,205.78704833984375,316.8504638671875,43.77149963378906,25.997861862182617
2020-11-05,115.3564682006836,166.10000610351562,118.51126098632812,89.91610717773438,41.40052795410156,212.3489532470703,323.02996826171875,44.23709487915039,25.950927734375
2020-11-06,115.22540283203125,165.56849670410156,120.62271118164062,88.71839141845703,41.40890884399414,212.75791931152344,322.9560852050781,44.94626235961914,25.64579963684082
2020-11-09,112.92459106445312,157.18699645996094,123.87039947509766,100.73017883300781,44.02156066894531,207.6890869140625,327.0143127441406,44.2586784362793,28.89259910583496
2020-11-10,112.5848159790039,151.75100708007812,125.73591613769531,100.40274047851562,45.2022819519043,200.67071533203125,326.53466796875,44.88151931762695,29.533586502075195
2020-11-11,116.00206756591797,156.8695068359375,125.3288803100586,98.90342712402344,44.86732864379883,205.9392547607422,328.9603576660156,45.627689361572266,29.2291202545166
2020-11-12,115.73025512695312,155.51400756835938,125.75288391113281,97.68846130371094,44.39000701904297,204.88360595703125,325.7692565917969,45.70477294921875,28.227581024169922
2020-11-13,115.77877807617188,156.4405059814453,127.10960388183594,98.30025482177734,44.75846481323242,205.90118408203125,330.279296875,46.417030334472656,28.908628463745117
2020-11-16,116.78841400146484,156.55299377441406,127.91517639160156,101.0748519897461,45.093414306640625,206.58590698242188,334.40203857421875,47.00286102294922,30.575193405151367
2020-11-17,115.90499877929688,156.7830047607422,126.64325714111328,100.04943084716797,44.95106506347656,203.95162963867188,332.60345458984375,46.056270599365234,30.983829498291016
2020-11-18,114.58467102050781,155.2729949951172,124.96427917480469,99.30839538574219,44.0550537109375,201.26283264160156,328.6007385253906,45.969932556152344,29.814023971557617
2020-11-19,115.1768798828125,155.8509979248047,124.76922607421875,99.57551574707031,44.49049758911133,202.5404510498047,329.9841003417969,46.904212951660156,29.966257095336914
2020-11-20,113.91482543945312,154.97000122070312,124.10781860351562,98.72247314453125,44.10529327392578,200.60488891601562,327.7244873046875,46.324520111083984,29.59769058227539
2020-11-23,110.52669525146484,154.91949462890625,122.84410095214844,101.56599426269531,44.11367416381836,200.33792114257812,329.68914794921875,46.53728103637695,31.53668212890625
2020-11-24,111.80818176269531,155.9029998779297,122.84410095214844,106.26214599609375,44.565860748291016,203.9135284423828,335.0015563964844,46.66986846923828,33.63591766357422
2020-11-25,112.6430435180664,159.2534942626953,122.68190002441406,105.15058135986328,44.32301712036133,203.9230499267578,334.48504638671875,46.81478500366211,32.69847106933594
2020-11-27,113.18671417236328,159.76699829101562,122.95513153076172,104.45262908935547,44.130428314208984,205.2198028564453,335.41656494140625,46.743865966796875,32.20170593261719
2020-11-30,115.57491302490234,158.40199279785156,123.53572845458984,101.57462310791016,43.54808807373047,204.11373901367188,333.931640625,47.110782623291016,30.551156997680664
2020-12-01,119.13778686523438,161.00399780273438,125.90092468261719,103.17735290527344,43.91943359375,206.15415954589844,337.5839538574219,47.06452941894531,30.84761619567871
2020-12-02,119.48727416992188,160.17649841308594,126.49010467529297,105.1592025756836,43.97850036621094,205.35328674316406,338.29412841796875,46.41086196899414,32.001399993896484
2020-12-03,119.35135650634766,159.3365020751953,127.22443389892578,104.46986389160156,44.54396057128906,204.27584838867188,338.201904296875,46.03468704223633,32.21772003173828
2020-12-04,118.68150329589844,158.12899780273438,128.30882263183594,105.4177017211914,45.44698715209961,204.3902587890625,341.11639404296875,45.914432525634766,33.39555358886719
2020-12-07,120.13770294189453,157.89999389648438,127.19882202148438,105.0213394165039,44.721195220947266,204.32347106933594,340.41552734375,45.66776657104492,32.770591735839844
2020-12-08,120.74933624267578,158.864501953125,129.4017333984375,105.12474060058594,44.88153839111328,205.96348571777344,341.4116516113281,46.08094787597656,33.844242095947266
2020-12-09,118.22521209716797,155.2100067138672,130.72520446777344,104.30613708496094,45.008140563964844,201.94932556152344,338.3494873046875,45.717105865478516,34.292938232421875
2020-12-10,119.6426010131836,155.07449340820312,129.9993896484375,103.63402557373047,44.771827697753906,200.7288818359375,338.2388610839844,45.50356674194336,35.26243591308594
2020-12-11,118.83685302734375,155.8209991455078,130.59715270996094,103.02226257324219,45.02500915527344,203.34140014648438,337.84228515625,45.49120330810547,35.09417724609375
2020-12-14,118.22521209716797,157.84849548339844,127.2841796875,101.93653106689453,44.95750045776367,204.2376708984375,336.32965087890625,45.07342529296875,33.82822036743164
2020-12-15,124.14715576171875,158.25599670410156,128.56492614746094,103.67713165283203,45.43854522705078,204.17095947265625,340.87664794921875,45.05176544189453,34.485233306884766
2020-12-16,124.07920837402344,162.04800415039062,127.79647064208984,103.97869873046875,44.7802619934082,209.0814208984375,341.4116516113281,45.005340576171875,35.01404571533203
2020-12-17,124.9432144165039,161.8040008544922,131.16917419433594,103.11701965332031,44.95750045776367,209.2149200439453,343.32080078125,45.212669372558594,34.837772369384766
2020-12-18,122.9627685546875,160.08250427246094,131.92910766601562,102.60863494873047,45.354156494140625,208.42349243164062,341.9499206542969,45.16626739501953,34.236846923828125
2020-12-21,124.48693084716797,160.3090057373047,130.6569061279297,106.4603271484375,44.56928634643555,212.23748779296875,340.7273254394531,45.17244338989258,33.611873626708984
2020-12-22,128.03041076660156,160.3260040283203,130.4007568359375,104.84037780761719,44.52708053588867,213.5247039794922,340.15301513671875,44.62468338012695,33.043006896972656
2020-12-23,127.1372299194336,159.2635040283203,129.7347412109375,107.77008819580078,44.79714584350586,210.74049377441406,340.4587097167969,44.32142639160156,33.467655181884766
2020-12-24,128.1177978515625,158.63450622558594,130.18727111816406,107.2961654663086,45.1009635925293,212.3900604248047,341.7831726074219,44.408077239990234,33.33145523071289
2020-12-28,132.6999969482422,164.197998046875,130.8020782470703,108.00273895263672,45.70862579345703,214.49728393554688,344.7193908691406,44.94035720825195,33.44361877441406
2020-12-29,130.93313598632812,166.10000610351562,131.61322021484375,107.71839904785156,45.68330383300781,213.7249298095703,344.0617980957031,44.65564727783203,33.06704330444336
2020-12-30,129.81668090820312,164.29249572753906,133.24407958984375,108.01997375488281,45.944923400878906,211.3697967529297,344.5526428222656,44.618507385253906,33.33145523071289
2020-12-31,128.81671142578125,162.84649658203125,134.37969970703125,109.49344635009766,46.28250503540039,212.0753936767578,346.3032531738281,44.60921859741211,33.0269775390625
2021-01-04,125.63250732421875,159.3314971923828,133.6282958984375,108.45941925048828,44.52708053588867,207.56536865234375,341.58868408203125,45.34574508666992,33.25132751464844
2021-01-05,127.18575286865234,160.92550659179688,135.1994171142578,109.0495834350586,44.0375862121582,207.765625,343.94134521484375,45.1043586730957,34.853797912597656
2021-01-06,122.90452575683594,156.91900634765625,136.47166442871094,114.17011260986328,42.636619567871094,202.37838745117188,345.99761962890625,45.385986328125,35.74317932128906
2021-01-07,127.09842681884766,158.10800170898438,136.93275451660156,117.91936492919922,42.164005279541016,208.13746643066406,351.13824462890625,45.38288116455078,36.02360534667969
2021-01-08,128.1954803466797,159.13499450683594,136.65097045898438,118.0495376586914,43.10923385620117,209.40562438964844,353.1388854980469,45.37670135498047,36.42422103881836
2021-01-11,125.2150650024414,155.7104949951172,136.0789031982422,119.81136322021484,42.36655807495117,207.37469482421875,350.7584533691406,45.5809440612793,37.52992248535156
2021-01-12,125.04029846191406,156.04150390625,135.0200958251953,121.69465637207031,42.290592193603516,204.93373107910156,350.8325500488281,46.100833892822266,38.363216400146484
2021-01-13,127.06928253173828,158.29449462890625,134.815185546875,121.8074951171875,42.332794189453125,206.2781219482422,351.77740478515625,45.630455017089844,38.79588317871094
2021-01-14,125.14710235595703,156.37350463867188,137.1717987060547,122.51913452148438,41.547908782958984,203.11257934570312,350.54547119140625,45.48191833496094,40.31023025512695
2021-01-15,123.42874145507812,155.21249389648438,136.87295532226562,120.32339477539062,41.100624084472656,202.759765625,347.98907470703125,44.760860443115234,38.371238708496094
2021-01-19,124.09861755371094,156.03799438476562,138.9905242919922,119.80268859863281,40.94026565551758,206.37350463867188,350.7214050292969,44.37403106689453,39.13240432739258
2021-01-20,128.17599487304688,163.16900634765625,138.64901733398438,118.00617218017578,41.08374786376953,213.90611267089844,355.57489013671875,45.03010177612305,39.68525695800781
2021-01-21,132.87477111816406,165.34950256347656,138.09397888183594,117.01676177978516,41.31160354614258,214.5067901611328,355.8991394042969,44.82585144042969,38.54750442504883
2021-01-22,135.01052856445312,164.6114959716797,139.64801025390625,116.1141586303711,40.92339324951172,215.4412078857422,354.6394348144531,45.28385925292969,38.00266647338867
2021-01-25,138.74810791015625,164.6999969482422,141.72283935546875,114.66480255126953,41.16813659667969,218.8546905517578,356.0380554199219,45.24363327026367,37.5780143737793
2021-01-26,138.98114013671875,166.30650329589844,145.56521606445312,114.1961441040039,41.59855270385742,221.5244903564453,355.4823303222656,45.649024963378906,36.75272750854492
2021-01-27,137.91323852539062,161.62899780273438,143.3451690673828,110.96760559082031,40.9571418762207,222.0679931640625,346.794189453125,44.5132942199707,36.336090087890625
2021-01-28,133.08831787109375,161.88099670410156,144.43814086914062,112.92034149169922,41.48040008544922,227.81753540039062,349.77667236328125,44.48543930053711,36.904972076416016
2021-01-29,128.10804748535156,160.30999755859375,139.28939819335938,111.67057800292969,40.63644790649414,221.17164611816406,342.7743225097656,43.47658920288086,35.927459716796875
2021-02-01,130.22438049316406,167.1439971923828,138.93075561523438,112.49506378173828,40.914955139160156,228.5040283203125,348.4798889160156,43.09904098510742,35.991554260253906
2021-02-02,131.0496368408203,169.0,137.6841278076172,115.95793151855469,41.320045471191406,228.37059020996094,353.4075012207031,43.563236236572266,36.560428619384766
2021-02-03,130.03024291992188,165.62649536132812,137.04373168945312,117.28580474853516,41.159698486328125,231.69825744628906,353.6854553222656,43.69629669189453,37.99464797973633
2021-02-04,133.3795928955078,166.5500030517578,138.31597900390625,119.98491668701172,41.36225128173828,230.75430297851562,357.7052307128906,44.107887268066406,38.72377014160156
2021-02-05,132.96632385253906,167.6074981689453,140.41647338867188,119.7505874633789,41.90237808227539,230.93540954589844,359.1131896972656,44.67420959472656,40.021785736083984
2021-02-08,133.11219787597656,166.14700317382812,140.8177490234375,121.62520599365234,42.1302490234375,231.19288635253906,361.70660400390625,44.881561279296875,41.74443817138672
2021-02-09,132.23715209960938,165.25,141.970458984375,121.13922119140625,41.944580078125,232.4324188232422,361.46588134765625,45.129119873046875,41.25554275512695
2021-02-10,131.63433837890625,164.32899475097656,142.4315643310547,121.2086410522461,41.86017990112305,231.52659606933594,361.3083801269531,44.60303497314453,41.65480041503906
2021-02-11,131.38157653808594,163.10650634765625,141.7912139892578,120.87014770507812,42.45094680786133,233.1189727783203,361.891845703125,44.56899642944336,40.61180114746094
2021-02-12,131.6149139404297,163.885498046875,142.23516845703125,122.58857727050781,42.780086517333984,233.59568786621094,363.6795959472656,44.708255767822266,41.165897369384766
2021-02-16,129.495361328125,163.44749450683594,140.9458465576172,125.53935241699219,42.425636291503906,232.36569213867188,363.3645935058594,45.07652282714844,42.40446472167969
2021-02-17,127.21055603027344,165.4320068359375,141.4496307373047,125.92996978759766,42.307472229003906,233.378662109375,363.44793701171875,45.55308532714844,43.064483642578125
2021-02-18,126.11190032958984,166.4114990234375,141.51792907714844,126.35518646240234,42.84761047363281,232.98684692382812,361.9011535644531,42.600799560546875,42.38816452026367
2021-02-19,126.26744079589844,162.4949951171875,139.16134643554688,128.46414184570312,42.290592193603516,230.29180908203125,361.2620544433594,42.81123733520508,42.67335510253906
2021-02-22,122.50483703613281,159.03700256347656,139.07533264160156,129.6705322265625,42.729454040527344,224.11807250976562,358.4833679199219,42.610084533691406,44.246009826660156
2021-02-23,122.36870574951172,159.72500610351562,137.84677124023438,130.71194458007812,42.65349578857422,222.93301391601562,358.91864013671875,41.92308044433594,44.85714340209961
2021-02-24,121.87284851074219,157.97650146484375,139.6939697265625,133.0118408203125,42.79697799682617,224.1563262939453,362.8736572265625,41.22368240356445,46.20164108276367
2021-02-25,117.63379669189453,152.85800170898438,139.84007263183594,131.20669555664062,42.34123229980469,218.84274291992188,354.1300354003906,40.833770751953125,45.43568420410156
2021-02-26,117.89629364013672,154.64649963378906,136.14559936523438,127.7264404296875,41.345367431640625,222.08248901367188,352.3053283691406,40.205562591552734,44.30304718017578
2021-03-01,124.24515533447266,157.3070068359375,136.88446044921875,130.6165008544922,42.113372802734375,226.4404296875,360.8452453613281,40.65428161621094,45.957183837890625
2021-03-02,121.64923858642578,154.72650146484375,136.62672424316406,130.19122314453125,42.282161712646484,223.50645446777344,358.029541015625,40.26435470581055,45.68827819824219
2021-03-03,118.67414093017578,150.25,134.2209930419922,132.70806884765625,42.180885314941406,217.47604370117188,353.287109375,39.4844970703125,46.05496597290039
2021-03-04,116.79763793945312,148.8784942626953,131.5146026611328,130.66859436035156,42.14712905883789,216.68284606933594,348.91534423828125,39.46592330932617,47.839473724365234
2021-03-05,118.0518798828125,150.0229949951172,134.11790466308594,130.9723358154297,42.86449432373047,221.33702087402344,355.33416748046875,39.957984924316406,49.64841842651367
2021-03-08,113.13224029541016,147.59750366210938,135.2348175048828,132.70806884765625,43.58185958862305,217.31361389160156,353.5649719238281,39.57424545288086,49.59952926635742
2021-03-09,117.73102569580078,153.1425018310547,135.49258422851562,131.7707977294922,42.923561096191406,223.42047119140625,358.6130676269531,39.88679885864258,48.83358383178711
2021-03-10,116.65182495117188,152.8820037841797,136.73841857910156,134.634765625,43.41305923461914,222.12069702148438,360.8452453613281,40.90494155883789,50.33289337158203
2021-03-11,118.57687377929688,155.67950439453125,136.7298126220703,133.9318084716797,42.94044876098633,226.6219482421875,364.50396728515625,40.889469146728516,49.95805740356445
2021-03-12,117.67267608642578,154.47450256347656,137.12503051757812,135.52005004882812,42.855350494384766,225.30313110351562,364.99481201171875,41.50530242919922,50.495853424072266
2021-03-15,120.55056762695312,154.08399963378906,137.8295440673828,134.8430633544922,43.42550277709961,224.40476989746094,367.1715393066406,41.29177474975586,49.20840072631836
2021-03-16,122.08675384521484,154.59300231933594,138.64576721191406,133.2288055419922,43.587196350097656,227.17628479003906,366.7083740234375,41.27938461303711,48.165409088134766
2021-03-17,121.29922485351562,156.7864990234375,138.13027954101562,134.6000518798828,43.60420608520508,226.53594970703125,367.9588317871094,40.93589401245117,48.37726593017578
2021-03-18,117.18656921386719,151.39950561523438,137.87254333496094,136.82186889648438,43.0340576171875,220.49606323242188,362.6051330566406,40.40139389038086,46.29126739501953
2021-03-19,116.66152954101562,153.7480010986328,137.50308227539062,134.6434783935547,43.238285064697266,220.14244079589844,361.9342041015625,40.938995361328125,46.030513763427734
2021-03-22,119.96723175048828,155.5435028076172,137.89830017089844,131.02438354492188,43.39997482299805,225.5325164794922,364.82421875,41.1347770690918,45.55790328979492
2021-03-23,119.14080047607422,156.875,137.76943969726562,129.71389770507812,43.731849670410156,227.05206298828125,361.9527282714844,41.62265396118164,44.99565505981445
2021-03-24,116.75875854492188,154.35350036621094,139.10975646972656,130.7206573486328,43.84248733520508,225.0260009765625,360.11279296875,41.3647346496582,45.90829086303711
2021-03-25,117.24488067626953,152.31300354003906,139.16131591796875,132.3956756591797,44.26797103881836,222.0442657470703,362.13861083984375,41.644412994384766,45.777915954589844
2021-03-26,117.8476791381836,152.60150146484375,141.70448303222656,134.6000518798828,45.13597106933594,226.00079345703125,367.9744873046875,41.99246597290039,47.02461242675781
2021-03-29,118.02269744873047,153.7864990234375,142.65818786621094,132.50845336914062,45.825260162353516,224.8157501220703,367.7886047363281,42.47101974487305,46.77202224731445
2021-03-30,116.57405853271484,152.76449584960938,141.77317810058594,134.07066345214844,45.22957992553711,221.57595825195312,366.8129577636719,42.18202590942383,46.193485260009766
2021-03-31,118.76164245605469,154.70399475097656,141.2061767578125,132.117919921875,44.85515594482422,225.322265625,368.2997131347656,42.20998764038086,45.49272155761719
2021-04-01,119.58804321289062,158.0500030517578,139.9001922607422,133.40240478515625,44.68495559692383,231.61068725585938,372.2769775390625,42.14472579956055,46.76387023925781
2021-04-05,122.40760803222656,161.3365020751953,140.41566467285156,134.10952758789062,44.940250396728516,238.0328826904297,377.620361328125,43.32870864868164,46.038658142089844
2021-04-06,122.708984375,161.1909942626953,140.38136291503906,133.1667022705078,45.26361846923828,236.87652587890625,377.3973388671875,43.53691482543945,45.90829086303711
2021-04-07,124.35211944580078,163.96949768066406,140.57037353515625,135.25315856933594,45.3402099609375,238.82606506347656,377.8341064453125,43.443687438964844,46.112003326416016
2021-04-08,126.74385070800781,164.96499633789062,140.02047729492188,135.4189910888672,45.20404815673828,242.0276641845703,379.6276550292969,43.41572570800781,45.63124084472656
2021-04-09,129.31063842773438,168.61000061035156,138.54269409179688,136.43170166015625,45.25511169433594,244.51243591308594,382.38763427734375,43.437469482421875,45.525306701660156
2021-04-12,127.59947967529297,168.96949768066406,138.87774658203125,136.1436309814453,45.39977264404297,244.56979370117188,382.5269470214844,43.443687438964844,45.22382736206055
2021-04-13,130.7009735107422,170.0,137.02195739746094,134.5198211669922,45.178524017333984,247.035400390625,383.6606140136719,43.310062408447266,45.394935607910156
2021-04-14,128.36753845214844,166.64999389648438,137.39999389648438,132.00563049316406,45.170013427734375,244.26394653320312,382.3504333496094,43.294532775878906,46.70684051513672
2021-04-15,130.76902770996094,168.95449829101562,137.80377197265625,132.84371948242188,45.38275909423828,248.00071716308594,386.457763671875,43.55554962158203,46.429786682128906
2021-04-16,130.4384765625,169.9720001220703,139.39328002929688,133.8302001953125,45.68059539794922,249.18576049804688,387.7494201660156,43.695404052734375,46.16904067993164
2021-04-19,131.09957885742188,168.60049438476562,139.7799072265625,133.26272583007812,45.952911376953125,247.27442932128906,385.8444519042969,43.41572570800781,46.02236557006836
2021-04-20,129.41761779785156,166.7344970703125,143.03619384765625,130.31201171875,46.09758377075195,246.81565856933594,383.01953125,43.75133514404297,45.052703857421875
2021-04-21,129.7967529296875,168.1009979248047,143.1306915283203,131.4207000732422,46.47201156616211,249.03285217285156,386.6436462402344,43.878746032714844,45.63124084472656
2021-04-22,128.28004455566406,165.45199584960938,141.9192352294922,128.6533203125,46.32733917236328,245.77395629882812,383.1123962402344,43.403289794921875,45.036407470703125
2021-04-23,130.5940399169922,167.04400634765625,142.21142578125,131.11520385742188,46.35287094116211,249.5775909423828,387.2662353515625,43.47477340698242,45.28087615966797
2021-04-26,130.98292541503906,170.4499969482422,141.00852966308594,131.4381561279297,45.66358184814453,249.9597930908203,388.0746154785156,42.85636520385742,45.37049102783203
2021-04-27,130.66209411621094,170.8715057373047,140.20089721679688,132.04052734375,45.59550094604492,250.36123657226562,387.9910583496094,43.00242233276367,45.965335845947266
2021-04-28,129.87454223632812,172.9250030517578,139.1698760986328,132.8960723876953,45.604007720947266,243.27960205078125,387.8795166015625,42.85014724731445,47.35055923461914
2021-04-29,129.77732849121094,173.5655059814453,141.07728576660156,135.4801788330078,46.174171447753906,241.3204345703125,390.3513488769531,43.39085388183594,48.02688217163086
2021-04-30,127.81336212158203,173.37100219726562,139.8142852783203,134.27537536621094,45.93589401245117,241.00506591796875,387.78662109375,43.477867126464844,46.64165115356445
2021-05-03,128.86343383789062,169.32449340820312,141.94505310058594,133.882568359375,46.36138153076172,240.69923400878906,388.6230773925781,44.16463851928711,47.92909622192383
2021-05-04,124.30351257324219,165.593505859375,144.14454650878906,135.7332763671875,46.07204055786133,236.80958557128906,386.2254638671875,43.729591369628906,48.230594635009766
2021-05-05,124.54657745361328,163.52699279785156,143.54310607910156,137.5142059326172,45.952911376953125,235.54811096191406,386.34619140625,43.69230270385742,49.68101119995117
2021-05-06,126.14107513427734,165.31849670410156,144.11878967285156,140.28163146972656,46.412445068359375,238.6636199951172,389.43145751953125,44.0042724609375,50.15362548828125
2021-05-07,126.81306457519531,164.58050537109375,144.77174377441406,140.76177978515625,46.38691711425781,241.2726593017578,392.26568603515625,43.73908996582031,50.87067794799805
2021-05-10,123.54074096679688,159.52450561523438,146.29249572753906,140.74427795410156,46.7273063659668,236.22657775878906,388.38134765625,43.93251419067383,50.99291229248047
2021-05-11,122.6252670288086,161.19549560546875,145.09820556640625,138.40464782714844,46.225223541259766,235.31874084472656,384.9151306152344,43.53630447387695,49.371368408203125
2021-05-12,119.56717681884766,157.5970001220703,144.51400756835938,137.45314025878906,45.9869499206543,228.40911865234375,376.737548828125,42.410057067871094,49.63592529296875
2021-05-13,121.70977783203125,158.07350158691406,146.02615356445312,140.98873901367188,46.38691711425781,232.26052856445312,381.26312255859375,43.127620697021484,49.0241584777832
2021-05-14,124.1250991821289,161.14500427246094,146.24952697753906,143.17996215820312,46.574127197265625,237.1536407470703,387.11749267578125,43.52694320678711,50.23942184448242
2021-05-17,122.97586822509766,163.51950073242188,146.3955841064453,143.75611877441406,46.497535705566406,234.3152313232422,386.1325378417969,43.33039474487305,51.41335678100586
2021-05-18,121.59290313720703,161.61399841308594,146.44715881347656,141.7307891845703,46.242244720458984,232.308349609375,382.80572509765625,44.27256774902344,49.958343505859375
2021-05-19,121.43709564208984,161.58999633789062,146.12924194335938,140.64828491210938,46.09758377075195,232.883056640625,381.80206298828125,44.27568817138672,48.75960922241211
2021-05-20,123.98873138427734,162.38400268554688,146.97984313964844,140.40383911132812,46.50605010986328,236.10157775878906,385.909423828125,44.43167495727539,48.64387512207031
2021-05-21,122.15776824951172,160.1540069580078,146.8852996826172,142.0014190673828,46.48051452636719,234.8467559814453,385.5935363769531,44.222652435302734,48.71000289916992
2021-05-24,123.78421783447266,162.24949645996094,147.44723510742188,142.7696533203125,46.633697509765625,240.2205352783203,389.5243835449219,44.225765228271484,49.280433654785156
2021-05-25,123.58943939208984,162.95249938964844,147.0409393310547,141.29434204101562,46.625186920166016,241.12095642089844,388.6601257324219,44.40671920776367,48.16437911987305
2021-05-26,123.54074096679688,163.25799560546875,146.16773986816406,141.27682495117188,46.82942199707031,240.900634765625,389.43145751953125,44.35368728637695,48.726539611816406
2021-05-27,122.01168823242188,161.5054931640625,145.94296264648438,143.47679138183594,47.22087478637695,238.81239318847656,389.6358642578125,44.20393371582031,48.41238784790039
2021-05-28,121.35916900634766,161.15350341796875,146.32339477539062,143.3807373046875,47.050682067871094,239.1668243408203,390.3327941894531,44.31001663208008,48.25531005859375
2021-06-01,121.03776550292969,160.9324951171875,143.1072540283203,144.9608612060547,47.04216766357422,236.98281860351562,389.98907470703125,44.194576263427734,49.9831428527832
2021-06-02,121.79743957519531,161.69949340820312,143.6865234375,144.96958923339844,47.22938919067383,236.88705444335938,390.6023254394531,44.097869873046875,50.379966735839844
2021-06-03,120.31707763671875,159.35049438476562,143.54818725585938,145.06564331054688,47.34851837158203,235.364013671875,389.1526184082031,44.17584991455078,50.5783805847168
2021-06-04,122.60575866699219,160.31100463867188,143.4876708984375,145.30133056640625,47.85911178588867,240.23011779785156,392.7117614746094,44.25385284423828,50.80158615112305
2021-06-07,122.61552429199219,159.90049743652344,142.51075744628906,144.6204071044922,47.688907623291016,243.1229705810547,392.3307800292969,43.95747375488281,50.470909118652344
2021-06-08,123.43360137939453,163.20550537109375,141.2571563720703,144.044189453125,47.35703659057617,241.93521118164062,392.4144287109375,43.623653411865234,51.36376190185547
2021-06-09,123.81343078613281,164.0574951171875,143.15916442871094,142.24581909179688,47.212364196777344,242.91220092773438,391.8289794921875,43.38967514038086,51.79364776611328
2021-06-10,122.82003784179688,167.4824981689453,144.4473419189453,140.0284423828125,47.57828903198242,246.4085235595703,393.6503601074219,43.63926696777344,51.87631607055664
2021-06-11,124.0276870727539,167.3415069580078,142.61447143554688,139.93243408203125,47.79103088378906,247.03115844726562,394.3008728027344,43.91067886352539,51.39682388305664
2021-06-14,127.07601165771484,169.19349670410156,142.9689483642578,137.55787658691406,47.62812423706055,248.94692993164062,395.1836853027344,43.85139846801758,51.31414794921875
2021-06-15,126.25794219970703,169.156494140625,142.20811462402344,135.47137451171875,47.508094787597656,247.4813232421875,394.4588623046875,43.676700592041016,53.182525634765625
2021-06-16,126.75466918945312,170.7624969482422,142.1562957763672,136.42300415039062,46.87361526489258,246.54261779785156,392.25634765625,42.78756332397461,52.99238204956055
2021-06-17,128.35186767578125,174.46200561523438,142.83929443359375,132.48573303222656,47.11369705200195,249.91436767578125,392.1263732910156,42.96539306640625,51.24802780151367
2021-06-18,127.05656433105469,174.34500122070312,140.03817749023438,129.13343811035156,46.101966857910156,248.50636291503906,386.8363952636719,42.16985321044922,49.93355178833008
2021-06-21,128.84857177734375,172.697998046875,141.64617919921875,131.3246307373047,46.60783004760742,251.57156372070312,392.3743591308594,42.553585052490234,51.744041442871094
2021-06-22,130.48472595214844,175.27200317382812,141.45599365234375,131.1326446533203,46.779300689697266,254.33030700683594,394.47210693359375,42.750118255615234,52.73610305786133
2021-06-23,130.21202087402344,175.1909942626953,140.60011291503906,131.927001953125,46.40204620361328,254.1004180908203,393.9965515136719,42.41631317138672,53.124664306640625
2021-06-24,129.9296112060547,172.45399475097656,141.23988342285156,133.14048767089844,46.633544921875,255.46058654785156,396.3274230957031,42.71268081665039,53.339599609375
2021-06-25,129.637451171875,170.072998046875,141.96607971191406,134.48492431640625,46.57353210449219,253.86093139648438,397.7351379394531,43.21809005737305,53.455345153808594
2021-06-28,131.2638702392578,172.1945037841797,141.80184936523438,134.72935485839844,46.5220947265625,257.4051818847656,398.5369567871094,43.08393859863281,52.09126663208008
2021-06-29,132.77340698242188,172.40699768066406,141.81045532226562,134.56349182128906,46.179134368896484,259.9723205566406,398.7514343261719,42.834346771240234,51.76884841918945
2021-06-30,133.3870086669922,172.00799560546875,142.42430114746094,135.78567504882812,46.39348220825195,259.49334716796875,399.0870056152344,43.99489974975586,52.14914321899414
2021-07-01,133.6889190673828,171.64849853515625,143.4790496826172,137.13006591796875,46.26487350463867,260.1638488769531,401.296630859375,43.46455001831055,52.29793930053711
2021-07-02,136.30873107910156,175.5489959716797,146.08993530273438,136.9983673095703,46.453495025634766,265.9590759277344,404.364013671875,43.71101379394531,52.22353744506836
2021-07-06,138.3149871826172,183.78700256347656,145.2167510986328,134.69798278808594,46.1962890625,265.96868896484375,403.6273498535156,43.65796661376953,50.73545837402344
2021-07-07,140.79847717285156,184.82899475097656,146.46170043945312,134.85598754882812,46.57353210449219,268.1431579589844,405.05389404296875,43.58622360229492,49.94179916381836
2021-07-08,139.50315856933594,186.57049560546875,146.17640686035156,132.52923583984375,46.4106330871582,265.7388000488281,401.75347900390625,43.548789978027344,49.718589782714844
2021-07-09,141.32437133789062,185.9669952392578,146.75564575195312,136.77011108398438,46.693565368652344,266.2369079589844,406.0420837402344,43.77027893066406,50.619712829589844
2021-07-12,140.73031616210938,185.92750549316406,146.52218627929688,138.7280731201172,46.710716247558594,265.64306640625,407.4964904785156,43.69230651855469,50.570106506347656
2021-07-13,141.84054565429688,183.8679962158203,146.34066772460938,136.66476440429688,47.17371368408203,269.1489562988281,406.10736083984375,43.85763931274414,50.33036422729492
2021-07-14,145.25897216796875,184.08399963378906,147.33485412597656,136.19935607910156,48.23687744140625,270.6144714355469,406.7133483886719,44.16025161743164,49.21430587768555
2021-07-15,144.6064453125,181.55999755859375,145.5625762939453,136.49789428710938,48.391204833984375,269.19683837890625,405.32421875,44.194576263427734,48.73480224609375
2021-07-16,142.57095336914062,178.68150329589844,145.32916259765625,133.38092041015625,48.356910705566406,268.9286193847656,402.14501953125,44.16337203979492,47.387264251708984
2021-07-19,138.7337646484375,177.47950744628906,144.27444458007812,129.04345703125,47.78245162963867,265.3460998535156,396.2061462402344,44.060420989990234,45.758628845214844
2021-07-20,142.33721923828125,178.6595001220703,145.6317138671875,131.4492950439453,47.868202209472656,267.5588684082031,401.8839416503906,44.26009750366211,46.26292419433594
2021-07-21,141.60679626464844,179.25999450683594,146.53082275390625,134.21505737304688,48.48551559448242,269.55126953125,405.1377868652344,44.04170608520508,47.751014709472656
2021-07-22,142.97030639648438,181.90150451660156,146.95448303222656,132.52041625976562,48.416927337646484,274.0915832519531,405.9861145019531,44.07291030883789,47.213645935058594
2021-07-23,144.684326171875,182.83200073242188,148.51927185058594,132.2658233642578,48.879913330078125,277.4730224609375,410.1629638671875,44.434791564941406,47.15578079223633
2021-07-26,145.10313415527344,184.99099731445312,148.5884552001953,133.15264892578125,48.92279815673828,276.8790283203125,411.16986083984375,44.497188568115234,48.34624481201172
2021-07-27,142.9410400390625,181.3195037841797,149.27145385742188,132.97703552246094,49.094261169433594,274.4747619628906,409.2958679199219,44.500308990478516,47.80887985229492
2021-07-28,141.19773864746094,181.51600646972656,148.85646057128906,133.19651794433594,48.6484260559082,274.1683654785156,409.12799072265625,44.31937026977539,48.13131332397461
2021-07-29,141.84054565429688,179.99600219726562,148.85646057128906,134.33799743652344,48.914215087890625,274.4364318847656,410.8249206542969,44.37551498413086,48.718265533447266
2021-07-30,142.0548095703125,166.37950134277344,148.87376403808594,133.2667999267578,48.897071838378906,272.9134216308594,408.82965087890625,44.472232818603516,47.59394454956055
2021-08-02,141.7237091064453,166.57400512695312,148.93429565429688,132.73117065429688,48.768455505371094,272.82720947265625,407.9720153808594,44.369285583496094,47.602203369140625
2021-08-03,143.515625,168.31199645996094,150.7671356201172,134.24139404296875,48.80274963378906,275.0303955078125,411.2909240722656,44.868438720703125,48.11476516723633
2021-08-04,143.1163787841797,167.73599243164062,149.87660217285156,132.7926483154297,48.09968566894531,274.44610595703125,409.2678527832031,44.56270217895508,46.99043655395508
2021-08-05,143.2235107421875,168.79949951171875,150.1619415283203,134.4696807861328,48.44265365600586,277.3293151855469,411.8597412109375,45.38945388793945,47.28805160522461
2021-08-06,142.54074096679688,167.2469940185547,149.66053771972656,138.28907775878906,48.56268310546875,277.2718505859375,412.5403137207031,45.308319091796875,47.83369064331055
2021-08-09,142.4919891357422,167.093505859375,150.17919921875,138.1398468017578,48.57125473022461,276.18939208984375,412.2047119140625,45.41752624511719,47.28805160522461
2021-08-10,142.0140380859375,166.03399658203125,150.23109436035156,139.83441162109375,48.699867248535156,274.3789978027344,412.71746826171875,46.3846435546875,48.098243713378906
2021-08-11,142.26763916015625,164.60549926757812,150.25701904296875,141.50265502929688,48.63985061645508,274.8675231933594,413.7430114746094,46.799583435058594,48.2387809753418
2021-08-12,145.22303771972656,165.1750030517578,151.4674072265625,142.0557861328125,48.734169006347656,277.6070861816406,414.9830627441406,46.67433166503906,48.12967300415039
2021-08-13,145.4278564453125,164.69850158691406,152.37513732910156,140.46656799316406,49.06855392456055,280.5191345214844,415.7381896972656,46.821495056152344,47.64292526245117
2021-08-16,147.39805603027344,164.94949340820312,153.749755859375,139.54464721679688,49.282894134521484,282.1954040527344,416.717041015625,47.20350646972656,46.94636535644531
2021-08-17,146.49099731445312,162.09800720214844,155.15896606445312,137.8588409423828,49.11140823364258,280.73944091796875,413.9853820800781,47.187862396240234,46.62745666503906
2021-08-18,142.7553253173828,160.06100463867188,153.18780517578125,136.603271484375,48.44265365600586,279.02154541015625,409.454345703125,46.68684768676758,45.64556121826172
2021-08-19,143.08692932128906,159.3874969482422,154.38092041015625,135.46185302734375,48.75130844116211,284.81829833984375,410.0882873535156,47.00310134887695,44.252445220947266
2021-08-20,144.54026794433594,159.99749755859375,155.133056640625,135.84817504882812,48.56268310546875,292.1025695800781,413.3514404296875,47.42270278930664,44.26084518432617
2021-08-23,146.02284240722656,163.2935028076172,154.46334838867188,137.58668518066406,48.391204833984375,292.38092041015625,416.98748779296875,47.10957336425781,46.08197021484375
2021-08-24,145.93502807617188,165.28900146484375,152.53271484375,138.43832397460938,48.02251434326172,290.4326477050781,417.64947509765625,46.62422180175781,46.45962142944336
2021-08-25,144.7061004638672,164.95899963378906,151.5238800048828,141.2919158935547,48.07396697998047,289.8472595214844,418.5258483886719,46.64301300048828,46.543540954589844
2021-08-26,143.90621948242188,165.8000030517578,150.71505737304688,142.02072143554688,47.61955642700195,287.04486083984375,416.05517578125,46.138885498046875,45.91410446166992
2021-08-27,144.94015502929688,167.48150634765625,150.3932647705078,143.1621551513672,47.713871002197266,287.6494445800781,419.775146484375,45.87898254394531,46.8036994934082
2021-08-30,149.34881591796875,171.07850646972656,151.02813720703125,140.87046813964844,48.16828155517578,291.3635559082031,421.62115478515625,46.24848175048828,46.291778564453125
2021-08-31,148.0906219482422,173.5395050048828,150.5671844482422,140.4402313232422,48.27975082397461,289.7225341796875,420.9964294433594,46.37372970581055,45.75466537475586
2021-09-01,148.7538604736328,173.9499969482422,151.0977325439453,140.2383270263672,48.60554885864258,289.67449951171875,421.22021484375,46.27353286743164,45.125244140625
2021-09-02,149.86578369140625,173.156005859375,152.13262939453125,140.88803100585938,48.67414474487305,289.0218200683594,422.51617431640625,46.517765045166016,46.22463607788086
2021-09-03,150.49977111816406,173.90249633789062,152.22828674316406,140.036376953125,48.63985061645508,289.0123291015625,422.41357421875,46.733821868896484,46.04839324951172
2021-09-07,152.8308868408203,175.46449279785156,149.86279296875,139.79051208496094,47.73100280761719,288.0909118652344,420.9031982421875,46.11383819580078,45.77983474731445
2021-09-08,151.28985595703125,176.27499389648438,149.49752807617188,139.1671142578125,48.374053955078125,288.1197204589844,420.39044189453125,46.17333221435547,45.3602294921875
2021-09-09,150.2754364013672,174.20799255371094,146.16668701171875,139.77293395996094,47.893924713134766,285.2789611816406,418.5910339355469,45.847679138183594,45.393795013427734
2021-09-10,145.30105590820312,173.45750427246094,145.2100067138672,138.16616821289062,47.67958068847656,283.8009033203125,415.2906188964844,45.68171691894531,45.30147933959961
2021-09-13,145.8667449951172,172.85850524902344,144.19248962402344,140.36123657226562,48.07396697998047,285.02935791015625,416.3534240722656,45.42183303833008,46.468013763427734
2021-09-14,144.47198486328125,172.5,143.32281494140625,137.91151428222656,48.108524322509766,287.71673583984375,414.10662841796875,45.18386459350586,45.80501937866211
2021-09-15,145.359619140625,173.7895050048828,143.8619842529297,138.86859130859375,48.27265930175781,292.5440673828125,417.56549072265625,45.26213455200195,47.34918975830078
2021-09-16,145.12548828125,174.41200256347656,143.68807983398438,138.80712890625,47.8148078918457,292.92791748046875,416.9035949707031,45.41244125366211,46.84566116333008
2021-09-17,142.46270751953125,173.12600708007812,143.27931213378906,138.44711303710938,47.028690338134766,287.7934265136719,412.842529296875,45.31849670410156,46.291778564453125
2021-09-20,139.41952514648438,167.7864990234375,142.46185302734375,134.3028564453125,46.7004280090332,282.4477233886719,405.9586486816406,44.69538879394531,45.058109283447266
2021-09-21,139.8975067138672,167.18150329589844,143.08799743652344,134.32040405273438,46.69178009033203,282.9276123046875,405.57525634765625,44.78306579589844,45.01613998413086
2021-09-22,142.25790405273438,169.00250244140625,142.5662078857422,136.89303588867188,46.760902404785156,286.5553894042969,409.5315856933594,44.679718017578125,46.333736419677734
2021-09-23,143.21376037597656,170.8000030517578,143.37503051757812,141.52023315429688,46.68314743041992,287.4958801269531,414.50738525390625,44.704769134521484,47.90309143066406
2021-09-24,143.30154418945312,171.2760009765625,142.9401397705078,143.15335083007812,46.55356979370117,287.29437255859375,415.1901550292969,44.83001708984375,48.33109664916992
2021-09-27,141.78970336914062,170.2899932861328,141.9052276611328,146.61273193359375,46.31169128417969,282.3230285644531,414.0022888183594,44.54195022583008,49.76616668701172
2021-09-28,138.4149169921875,165.79800415039062,141.5921173095703,145.8225555419922,45.47374725341797,272.10186767578125,405.659423828125,43.99397659301758,50.28648376464844
2021-09-29,139.31224060058594,165.05599975585938,142.6444549560547,145.70840454101562,45.75017547607422,272.5625305175781,406.3421325683594,43.975189208984375,50.25292205810547
2021-09-30,138.01504516601562,164.2519989013672,140.45286560058594,143.7240753173828,45.32688903808594,270.56634521484375,401.3757019042969,43.64328384399414,49.363346099853516
2021-10-01,139.13668823242188,164.16299438476562,139.55714416503906,146.74449157714844,45.80200958251953,277.4571838378906,406.14569091796875,42.9137077331543,51.13410949707031
2021-10-04,135.713134765625,159.48899841308594,138.4700164794922,146.58648681640625,45.776100158691406,271.7084045410156,400.9080505371094,42.5003776550293,51.79711151123047
2021-10-05,137.6346435546875,161.0500030517578,138.7830810546875,148.98023986816406,45.853843688964844,277.130859375,405.0794677734375,42.779056549072266,51.71318054199219
2021-10-06,138.50270080566406,163.10049438476562,139.070068359375,149.2982177734375,46.398075103759766,281.30560302734375,406.7630310058594,43.09217834472656,50.764854431152344
2021-10-07,139.7609100341797,165.1215057373047,140.313720703125,150.2433624267578,46.54494094848633,282.97552490234375,410.2797546386719,43.59944152832031,50.90751647949219
2021-10-08,139.38052368164062,164.43099975585938,139.95713806152344,150.3582000732422,46.75225067138672,282.97552490234375,409.5315856933594,43.73096466064453,52.18315124511719
2021-10-11,139.29273986816406,162.31500244140625,139.3657684326172,147.19589233398438,46.847286224365234,282.380615234375,406.5666198730469,43.690250396728516,51.66282653808594
2021-10-12,138.02474975585938,162.3665008544922,137.139404296875,146.06524658203125,46.847286224365234,281.08489990234375,405.5658874511719,43.64328384399414,51.39426803588867
2021-10-13,137.43954467773438,164.21400451660156,138.45262145996094,142.21405029296875,46.85592269897461,284.37677001953125,407.0249328613281,43.327030181884766,51.25160598754883
2021-10-14,140.21934509277344,164.9929962158203,139.2440185546875,144.39578247070312,47.17555236816406,290.5574645996094,413.87127685546875,43.796714782714844,52.03208541870117
2021-10-15,141.27276611328125,170.4510040283203,140.2789306640625,147.16940307617188,47.06325149536133,291.9586181640625,417.0233459472656,44.0096435546875,52.52723693847656
2021-10-18,142.94065856933594,172.33700561523438,139.25270080566406,147.1164093017578,46.59675979614258,294.9145812988281,418.2579345703125,44.363460540771484,52.50205612182617
2021-10-19,145.09622192382812,172.20750427246094,142.5139617919922,148.90074157714844,46.778175354003906,295.8168029785156,421.4847106933594,45.30597686767578,53.29093551635742
2021-10-20,145.58389282226562,170.7530059814453,142.43576049804688,150.9058380126953,47.19282150268555,295.0297546386719,423.1402893066406,45.716156005859375,53.584651947021484
2021-10-21,145.79847717285156,171.75050354003906,142.1052703857422,149.7222137451172,46.95094680786133,298.244873046875,424.2438049316406,45.96979904174805,52.611148834228516
2021-10-22,145.02793884277344,166.77749633789062,142.38356018066406,151.7361602783203,47.037330627441406,296.7093200683594,423.8042907714844,46.448875427246094,52.97201919555664
2021-10-25,144.97915649414062,166.01849365234375,142.69664001464844,150.99417114257812,46.847286224365234,295.72076416015625,426.0769958496094,46.98745346069336,54.00426483154297
2021-10-26,145.64244079589844,168.80349731445312,144.1490020751953,151.40049743652344,47.05461120605469,297.6210021972656,426.4605712890625,46.57725524902344,55.25471115112305
2021-10-27,145.18399047851562,169.62449645996094,142.4009552001953,148.2470703125,47.961669921875,310.1549987792969,424.5711975097656,46.19525146484375,53.81964111328125
2021-10-28,148.81236267089844,172.32850646972656,141.626953125,150.48187255859375,48.41087341308594,311.2875061035156,428.6678161621094,46.48332595825195,53.97069549560547
2021-10-29,146.1105499267578,168.6215057373047,141.65306091308594,150.06675720214844,48.695945739746094,318.26483154296875,429.53765869140625,46.787052154541016,54.104976654052734
2021-11-01,145.2913360595703,165.90550231933594,141.77476501464844,149.9872283935547,48.52317810058594,316.1053466796875,430.2764892578125,46.90290832519531,55.0784797668457
2021-11-02,146.32516479492188,165.6374969482422,144.00987243652344,150.57907104492188,48.462703704833984,319.7140197753906,432.0162048339844,46.88098907470703,54.39870834350586
2021-11-03,147.7589569091797,169.1999969482422,143.54891967773438,150.6320343017578,48.62683868408203,320.5489196777344,434.65374755859375,47.0250244140625,53.651790618896484
2021-11-04,147.2420196533203,173.85000610351562,143.14886474609375,148.6533660888672,48.8946418762207,322.8906555175781,436.7020568847656,47.369468688964844,54.05462646484375
2021-11-05,147.7694854736328,175.94949340820312,142.13131713867188,148.44139099121094,49.10197448730469,322.5259704589844,438.2173156738281,47.040679931640625,54.56654739379883
2021-11-08,146.948974609375,174.44900512695312,141.64434814453125,149.33351135253906,48.66139602661133,323.4184875488281,438.5914001464844,46.74008560180664,55.15401840209961
2021-11-09,147.31039428710938,178.81149291992188,141.33123779296875,148.202880859375,48.79962158203125,322.42047119140625,437.14166259765625,46.90290832519531,55.69112777709961
2021-11-10,144.48745727539062,174.1024932861328,142.8618621826172,148.0615692138672,48.9983024597168,317.4776916503906,433.6248779296875,46.48019790649414,54.59397506713867
2021-11-11,144.43861389160156,173.625,141.8095703125,148.052734375,49.01558303833008,319.04205322265625,433.7652282714844,46.49897766113281,54.696022033691406
2021-11-12,146.5094451904297,176.25750732421875,143.50540161132812,147.3902130126953,48.90327835083008,323.15936279296875,437.0387268066406,46.267269134521484,54.27927780151367
2021-11-15,146.51919555664062,177.28399658203125,142.2096405029297,147.12527465820312,48.91191482543945,322.53558349609375,437.18841552734375,46.0011100769043,54.74706268310547
2021-11-16,147.4959716796875,177.03500366210938,141.4704132080078,146.06524658203125,48.56637191772461,325.8370361328125,438.918701171875,44.83001708984375,55.29987716674805
2021-11-17,149.92823791503906,177.4499969482422,142.0009307861328,145.2791290283203,48.29857635498047,326.05816650390625,437.8525390625,44.44488525390625,54.696022033691406
2021-11-18,154.20655822753906,184.80299377441406,141.23558044433594,144.0248260498047,47.86664581298828,328.1252746582031,439.339599609375,44.8268928527832,54.100669860839844
2021-11-19,156.82440185546875,183.82850646972656,141.6617431640625,142.1433563232422,47.624759674072266,329.8944396972656,438.5540466308594,44.58579635620117,51.600189208984375
2021-11-22,157.2834930419922,178.6284942626953,139.79718017578125,145.1731414794922,47.91847610473633,326.74078369140625,437.3193359375,45.33415985107422,52.314605712890625
2021-11-23,157.66441345214844,179.0019989013672,140.66378784179688,148.6445770263672,48.27265930175781,324.6736145019531,437.8992614746094,45.65666961669922,53.69243240356445
2021-11-24,158.18212890625,179.02049255371094,140.26988220214844,147.47857666015625,47.8839225769043,324.89483642578125,439.0683898925781,45.885257720947266,53.9901008605957
2021-11-26,153.17115783691406,175.22799682617188,139.3594970703125,143.03549194335938,46.41535568237305,316.98175048828125,429.2757568359375,45.371726989746094,52.09347152709961
2021-11-29,156.5215606689453,178.07850646972656,139.84095764160156,142.41714477539062,47.149635314941406,323.6640625,434.5415344238281,44.66093826293945,52.38264846801758
2021-11-30,161.4641571044922,175.35350036621094,136.4969940185547,140.2971954345703,45.66097640991211,317.8567199707031,426.0863952636719,44.03468704223633,50.89427185058594
2021-12-01,160.9464569091797,172.18600463867188,138.37905883789062,139.46690368652344,45.5303955078125,317.3663024902344,421.3536682128906,42.94188690185547,50.85173797607422
2021-12-02,159.9598846435547,171.8679962158203,137.51248168945312,142.39950561523438,46.20072555541992,316.799072265625,427.807373046875,42.41896438598633,52.118988037109375
2021-12-03,158.0844268798828,169.489501953125,139.5170440673828,139.82022094726562,46.60988998413086,310.5686950683594,424.0848693847656,43.0577392578125,51.787296295166016
2021-12-06,161.4836883544922,171.36849975585938,142.6333770751953,141.4720458984375,47.802555084228516,313.6261901855469,429.1074523925781,43.524288177490234,52.374141693115234
2021-12-07,167.2076873779297,176.1645050048828,143.00103759765625,143.600830078125,48.06372833251953,322.01995849609375,437.9834899902344,43.383384704589844,52.960994720458984
2021-12-08,171.01722717285156,176.1580047607422,143.85891723632812,141.95785522460938,47.88090515136719,322.0679931640625,439.1432800292969,42.94501495361328,53.114078521728516
2021-12-09,170.50924682617188,174.17100524902344,145.22450256347656,141.73699951171875,47.759037017822266,320.2700500488281,436.1783142089844,43.542354583740234,53.25016403198242
2021-12-10,175.2857666015625,172.21200561523438,144.86563110351562,141.17172241210938,48.99523162841797,329.3464050292969,440.2842712402344,44.337738037109375,53.59035873413086
2021-12-13,171.661865234375,169.5675048828125,147.4567108154297,139.49337768554688,50.283653259277344,326.32733154296875,436.3840637207031,45.13628005981445,52.41667175292969
2021-12-14,170.2846221923828,169.0915069580078,149.06736755371094,140.5622100830078,50.31848907470703,315.6933288574219,433.3816833496094,45.56700134277344,52.340126037597656
2021-12-15,175.13926696777344,173.31500244140625,149.8114776611328,139.51104736328125,50.54482650756836,321.7602844238281,440.1534118652344,45.82792663574219,52.11048889160156
2021-12-16,168.2626495361328,168.87100219726562,151.4484100341797,141.69288635253906,51.0584602355957,312.3858642578125,436.2718811035156,45.06397247314453,52.19554138183594
2021-12-17,167.16864013671875,170.0175018310547,147.2641143798828,138.46873474121094,50.257545471191406,311.3282775878906,431.6286315917969,43.620941162109375,51.05585861206055
2021-12-20,165.8109130859375,167.07899475097656,146.84393310546875,135.97781372070312,50.092140197753906,307.58807373046875,427.0389099121094,43.762420654296875,50.31591796875
2021-12-21,168.97572326660156,170.41700744628906,146.37123107910156,137.87693786621094,50.29236602783203,314.6838073730469,434.6228332519531,43.89446258544922,51.455589294433594
2021-12-22,171.56419372558594,171.03700256347656,147.0015106201172,138.415771484375,50.649288177490234,320.36614990234375,438.9684143066406,43.951045989990234,51.872352600097656
2021-12-23,172.18934631347656,171.06849670410156,147.28163146972656,138.91043090820312,50.684120178222656,321.7987976074219,441.6997375488281,43.85359191894531,51.897857666015625
2021-12-27,176.1453857421875,169.66949462890625,148.524658203125,139.7053985595703,51.0584602355957,329.2598876953125,447.9507141113281,44.25285339355469,52.63779830932617
2021-12-28,175.1295166015625,170.66099548339844,149.11988830566406,140.12933349609375,51.25868606567383,328.1060791015625,447.5846252441406,44.887916564941406,52.46770477294922
2021-12-29,175.2174072265625,169.2010040283203,150.17039489746094,140.05873107910156,51.31962203979492,328.7791748046875,448.15716552734375,44.86591720581055,52.0084342956543
2021-12-30,174.0647735595703,168.64450073242188,150.83563232421875,139.98806762695312,51.17163848876953,326.2504577636719,446.91827392578125,45.010520935058594,51.70224380493164
2021-12-31,173.4494171142578,166.7169952392578,149.7501983642578,139.8732147216797,51.545963287353516,323.365966796875,445.7919006347656,45.48839569091797,52.042442321777344
2022-01-03,177.78639221191406,170.4044952392578,150.16162109375,142.8323211669922,51.62431716918945,321.8564453125,448.3730773925781,45.4758186340332,54.0411376953125
2022-01-04,175.5299835205078,167.52200317382812,149.7589569091797,148.2470703125,52.48617935180664,316.3376159667969,448.22283935546875,44.64268112182617,56.07384490966797
2022-01-05,170.86093139648438,164.35699462890625,150.75685119628906,145.5367889404297,52.92145919799805,304.19403076171875,439.6160888671875,45.24631118774414,56.7712516784668
2022-01-06,168.00868225097656,163.25399780273438,150.24038696289062,147.08299255371094,52.642879486083984,301.790283203125,439.2030944824219,45.12056350708008,58.1065559387207
2022-01-07,168.17474365234375,162.5540008544922,152.27125549316406,148.54034423828125,52.52101135253906,301.9441223144531,437.4666748046875,45.55126953125,58.58283233642578
2022-01-10,168.1942596435547,161.48599243164062,151.5184326171875,148.68251037597656,52.608062744140625,302.1653137207031,436.92218017578125,45.4632453918457,58.234134674072266
2022-01-11,171.01722717285156,165.36199951171875,149.90773010253906,148.8335723876953,52.62547302246094,302.8479309082031,440.9018859863281,45.33434295654297,60.68359375
2022-01-12,171.45675659179688,165.20700073242188,148.62969970703125,149.67774963378906,52.70381546020508,306.0112609863281,442.0939025878906,45.095420837402344,60.504981994628906
2022-01-13,168.1942596435547,161.21400451660156,147.72808837890625,149.49111938476562,53.01723098754883,293.0600280761719,436.0024108886719,45.73361587524414,60.07121276855469
2022-01-14,169.05386352539062,162.13800048828125,146.92269897460938,140.30288696289062,53.44379425048828,298.25201416015625,436.1807556152344,45.60471725463867,61.1258544921875
2022-01-18,165.85972595214844,158.91749572753906,146.27496337890625,134.4202880859375,53.01723098754883,290.9928894042969,428.45623779296875,44.80617904663086,62.154964447021484
2022-01-19,162.37255859375,156.2989959716797,145.81973266601562,132.34092712402344,53.10428237915039,291.6466064453125,424.00726318359375,45.25260925292969,62.18046951293945
2022-01-20,160.69247436523438,151.66749572753906,144.65553283691406,131.21237182617188,52.88664245605469,289.98333740234375,419.3143310546875,44.39747619628906,62.31654739379883
2022-01-21,158.64122009277344,142.64300537109375,144.32284545898438,128.9197540283203,52.62547302246094,284.6278076171875,411.08294677734375,44.07366180419922,61.381004333496094
2022-01-24,157.86952209472656,144.54400634765625,142.6596221923828,128.8042449951172,52.19890213012695,284.9547424316406,412.82867431640625,44.07680130004883,61.9083251953125
2022-01-25,156.0722198486328,139.98599243164062,146.7388916015625,130.20823669433594,52.077022552490234,277.378173828125,407.7885437011719,43.11792755126953,63.72840118408203
2022-01-26,155.98434448242188,138.87249755859375,147.39541625976562,131.4434356689453,51.88549041748047,285.2816467285156,406.76544189453125,42.67778778076172,63.08201217651367
2022-01-27,155.52523803710938,139.6374969482422,149.3300018310547,129.12411499023438,51.92901611328125,288.2911071777344,404.7568664550781,42.70608139038086,63.889991760253906
2022-01-28,166.37742614746094,143.97799682617188,150.3804168701172,130.27935791015625,52.964988708496094,296.3867492675781,414.80914306640625,43.2342529296875,64.02608489990234
2022-01-31,170.7241973876953,149.57350158691406,150.81813049316406,132.04769897460938,53.11299133300781,299.001953125,422.28033447265625,43.95419692993164,64.60442352294922
2022-02-01,170.55809020996094,151.19349670410156,149.5839080810547,134.3136444091797,52.721229553222656,296.8675537109375,425.1335754394531,44.300018310546875,68.74636840820312
2022-02-02,171.759521484375,150.6125030517578,151.23831176757812,133.23843383789062,53.2609748840332,301.386474609375,429.263427734375,44.28115463256836,68.56779479980469
2022-02-03,168.88780212402344,138.8455047607422,151.22958374023438,132.13653564453125,53.635318756103516,289.6467590332031,419.17352294921875,44.32516098022461,67.768310546875
2022-02-04,168.60415649414062,157.63949584960938,150.24038696289062,135.5666046142578,53.069461822509766,294.1560974121094,421.1446533203125,43.803279876708984,69.23965454101562
2022-02-07,167.89019775390625,157.9355010986328,149.74139404296875,136.01980590820312,53.62661361694336,289.35833740234375,419.79296875,43.372581481933594,70.07316589355469
2022-02-08,170.99058532714844,161.4134979248047,150.13536071777344,138.5789337158203,53.9748420715332,292.8291931152344,423.2470703125,43.38200759887695,68.2615966796875
2022-02-09,172.4087371826172,161.1894989013672,150.1178436279297,139.15658569335938,53.139102935791016,299.2231750488281,429.4417724609375,43.287689208984375,67.934814453125
2022-02-10,168.34007263183594,159.0034942626953,148.30581665039062,138.5789337158203,53.43510055541992,290.7333068847656,421.7264709472656,42.781532287597656,67.2812728881836
2022-02-11,164.9365234375,153.2935028076172,146.8089141845703,136.77508544921875,52.48617935180664,283.676025390625,413.4106140136719,42.54574203491211,68.97534942626953
2022-02-14,165.17124938964844,155.16700744628906,144.9618682861328,135.50436401367188,52.825706481933594,283.6374816894531,412.05908203125,42.111900329589844,67.91761779785156
2022-02-15,168.99537658691406,156.510498046875,146.4587860107422,137.48602294921875,53.02593231201172,288.8968811035156,418.7043151855469,42.24393844604492,67.06627655029297
2022-02-16,168.76063537597656,158.10049438476562,146.37123107910156,137.7347869873047,53.01723098754883,288.55963134765625,419.17352294921875,41.97984313964844,67.3758544921875
2022-02-17,165.17124938964844,154.65249633789062,145.47836303710938,134.5624542236328,54.07931137084961,280.1099548339844,410.2193908691406,43.66181182861328,67.27266693115234
2022-02-18,163.62599182128906,152.60150146484375,143.91897583007812,135.19337463378906,54.4449462890625,277.41229248046875,407.5632629394531,43.38200759887695,66.52452087402344
2022-02-22,160.71136474609375,150.19749450683594,141.96319580078125,134.95343017578125,54.218597412109375,277.20989990234375,403.1894226074219,42.897857666015625,65.75056457519531
2022-02-23,156.55470275878906,144.82699584960938,142.03366088867188,132.12765502929688,53.61790466308594,270.03204345703125,396.037353515625,42.457725524902344,66.01716613769531
2022-02-24,159.16612243652344,151.35800170898438,139.32022094726562,128.4488067626953,52.677703857421875,283.8289489746094,401.9974365234375,42.29424285888672,65.18302917480469
2022-02-25,161.22975158691406,153.7884979248047,146.24481201171875,131.48788452148438,54.714820861816406,286.4495849609375,410.8670959472656,42.87584686279297,66.93729400634766
2022-02-28,161.4937744140625,153.56300354003906,144.98501586914062,126.00511169433594,54.183773040771484,287.8755798339844,409.81585693359375,42.4922981262207,67.43605041503906
2022-03-01,159.61598205566406,151.14199829101562,144.48284912109375,121.25106048583984,53.94872283935547,284.17578125,403.5742492675781,42.753238677978516,68.08100891113281
2022-03-02,162.90219116210938,152.05250549316406,146.280029296875,123.76583862304688,54.34919357299805,289.2244873046875,410.99847412109375,42.806678771972656,69.25050354003906
2022-03-03,162.5794219970703,147.89849853515625,148.4296875,122.8860855102539,54.38400650024414,285.1103820800781,408.9523010253906,43.790714263916016,69.6890869140625
2022-03-04,159.58668518066406,145.64100646972656,149.31065368652344,119.4294204711914,54.4710578918457,279.2716979980469,405.6297607421875,44.90048599243164,72.31188201904297
2022-03-07,155.80165100097656,137.4530029296875,151.71580505371094,114.81751251220703,53.17392349243164,268.72174072265625,393.672119140625,44.5389518737793,74.91749572753906
2022-03-08,153.9824676513672,136.01449584960938,148.64111328125,114.00886535644531,51.06716537475586,265.7735900878906,390.6874084472656,43.617801666259766,75.48503875732422
2022-03-09,159.37147521972656,139.2790069580078,149.20489501953125,118.5762939453125,51.32834243774414,277.96142578125,401.16204833984375,43.84415817260742,71.1939697265625
2022-03-10,155.03875732421875,146.8175048828125,149.4692840576172,117.17231750488281,50.38813400268555,275.15771484375,399.3505859375,44.840763092041016,73.40399169921875
2022-03-11,151.33200073242188,145.52450561523438,149.19615173339844,114.53314971923828,50.422935485839844,269.83941650390625,394.2728271484375,44.66470718383789,73.025634765625
2022-03-14,147.31224060058594,141.85299682617188,151.25767517089844,115.67056274414062,51.352813720703125,266.3419189453125,391.3913269042969,45.28718566894531,70.41142272949219
2022-03-15,151.68411254882812,147.3665008544922,155.17808532714844,117.72323608398438,52.30021286010742,276.6607666015625,399.99822998046875,45.83106994628906,66.40414428710938
2022-03-16,156.0852508544922,153.10400390625,153.75086975097656,122.98384857177734,52.159847259521484,283.63629150390625,408.86785888671875,45.69588088989258,66.1547622680664
2022-03-17,157.09262084960938,157.23899841308594,155.75953674316406,124.53889465332031,52.7125129699707,284.43597412109375,413.98321533203125,45.765316009521484,67.91761779785156
2022-03-18,160.3788299560547,161.25050354003906,154.0327606201172,124.4944839477539,52.72128677368164,289.45562744140625,418.5174560546875,45.901023864746094,67.65103912353516
2022-03-21,161.7480926513672,161.4915008544922,154.90496826171875,124.09458923339844,53.14234924316406,288.23199462890625,418.3951110839844,45.51914978027344,70.68660736083984
2022-03-22,165.11256408691406,164.88900756835938,154.1737823486328,126.7337646484375,53.33534240722656,292.953125,423.2909240722656,45.383445739746094,70.37702941894531
2022-03-23,166.4720458984375,163.4080047607422,153.59230041503906,124.21012878417969,52.98445129394531,288.54998779296875,417.8395690917969,44.799583435058594,71.48633575439453
2022-03-24,170.24729919433594,163.64950561523438,154.38519287109375,125.01875305175781,53.49323654174805,292.9915466308594,424.13824462890625,45.077308654785156,71.70133972167969
2022-03-25,170.88299560546875,164.77349853515625,155.86526489257812,126.11176300048828,53.97571563720703,292.5868835449219,426.20947265625,45.27298355102539,73.26640319824219
2022-03-28,171.74365234375,168.99049377441406,156.66697692871094,125.1786880493164,54.31782531738281,299.3505859375,429.2412109375,46.0777587890625,71.2111587524414
2022-03-29,175.0299072265625,169.31500244140625,156.5876922607422,125.45416259765625,54.52836608886719,303.8884582519531,434.5513000488281,46.46595001220703,70.83280181884766
2022-03-30,173.86605834960938,166.30099487304688,158.21751403808594,124.8854751586914,54.572227478027344,302.39495849609375,431.8679504394531,47.29914474487305,72.04529571533203
2022-03-31,170.77540588378906,162.99749755859375,156.1383819580078,121.13555908203125,54.38801193237305,297.0478515625,425.220947265625,46.99931335449219,71.02198791503906
2022-04-01,170.48202514648438,163.55999755859375,156.98411560058594,120.238037109375,55.15119934082031,298.1172790527344,426.4261169433594,47.6589241027832,71.47776794433594
2022-04-04,174.5213165283203,168.34649658203125,155.46881103515625,120.77120971679688,54.86171340942383,303.4644775390625,430.0790710449219,47.66839599609375,71.51215362548828
2022-04-05,171.21554565429688,164.05499267578125,156.47312927246094,119.3657455444336,54.80031204223633,299.5239562988281,424.6466369628906,47.80410385131836,71.14236450195312
2022-04-06,168.0564727783203,158.75599670410156,160.5432891845703,117.70962524414062,55.35295867919922,288.55963134765625,420.4004211425781,48.915016174316406,71.93351745605469
2022-04-07,168.3596649169922,157.7845001220703,160.12925720214844,117.3515396118164,55.65121841430664,290.3612976074219,422.51885986328125,49.404197692871094,73.13742065429688
2022-04-08,166.3546600341797,154.4604949951172,160.4464111328125,119.5000228881836,55.99333190917969,286.1220397949219,421.3890686035156,49.678775787353516,74.67670440673828
2022-04-11,162.11000061035156,151.1219940185547,158.437744140625,119.06139373779297,55.97578811645508,274.83978271484375,414.1865539550781,48.694095611572266,72.10549926757812
2022-04-12,163.97804260253906,150.78750610351562,158.49063110351562,117.75437927246094,56.63370895385742,271.7567138671875,412.6518859863281,48.359561920166016,73.6103744506836
2022-04-13,166.65785217285156,155.54100036621094,159.16014099121094,113.95874786376953,56.782833099365234,277.11358642578125,417.37823486328125,49.61880874633789,74.65090942382812
2022-04-14,161.6600799560547,151.7064971923828,158.49063110351562,112.90241241455078,57.0372314453125,269.6081848144531,412.1811218261719,49.574623107910156,75.52804565429688
2022-04-18,161.44493103027344,152.78500366210938,156.51718139648438,114.99718475341797,56.528446197509766,270.27294921875,412.3506164550781,49.19590759277344,76.14720153808594
2022-04-19,163.72373962402344,158.11549377441406,161.29217529296875,117.3783950805664,57.081092834472656,274.8782653808594,419.00701904296875,49.7545166015625,75.46785736083984
2022-04-20,163.55751037597656,153.9980010986328,162.0057830810547,117.7901840209961,57.86183166503906,275.89959716796875,418.6963195800781,50.37941360473633,75.63983154296875
2022-04-21,162.76527404785156,148.29600524902344,161.53884887695312,116.87708282470703,58.08113098144531,270.5523376464844,412.435302734375,50.45515441894531,74.840087890625
2022-04-22,158.2369384765625,144.35000610351562,159.93544006347656,113.52010345458984,57.238990783691406,264.02001953125,401.11846923828125,49.50518798828125,73.20622253417969
2022-04-25,159.30300903320312,146.07400512695312,163.87347412109375,113.48429107666016,57.84428024291992,270.4656677246094,403.4439697265625,49.53044128417969,70.73822021484375
2022-04-26,153.35655212402344,139.39100646972656,162.70175170898438,110.12728881835938,57.06354904174805,260.3492126464844,391.7598571777344,49.01285934448242,70.76399993896484
2022-04-27,153.131591796875,138.16700744628906,160.42880249023438,108.69498443603516,57.51093292236328,272.8743896484375,392.8614196777344,48.678314208984375,72.78485107421875
2022-04-28,160.04632568359375,144.59649658203125,161.62696838378906,110.41375732421875,58.0635871887207,279.0501403808594,402.784912109375,49.300048828125,74.98626708984375
2022-04-29,154.18788146972656,124.28150177001953,158.98399353027344,106.85087585449219,56.67756271362305,267.3824462890625,387.89971923828125,48.283817291259766,73.30940246582031
2022-05-02,154.4910430908203,124.5,157.3805389404297,107.82664489746094,55.65121841430664,274.07867431640625,390.23468017578125,47.96506118774414,74.30693817138672
2022-05-03,155.97767639160156,124.25350189208984,157.0722198486328,110.1362533569336,55.335418701171875,271.4869384765625,392.0235290527344,48.132328033447266,75.83761596679688
2022-05-04,162.3740692138672,125.92849731445312,158.75494384765625,113.77971649169922,57.04600524902344,279.387451171875,403.9617919921875,48.798248291015625,78.85599517822266
2022-05-05,153.3271942138672,116.40699768066406,155.72430419921875,110.9329605102539,56.58985137939453,267.21881103515625,389.60394287109375,48.3801383972168,77.66067504882812
2022-05-06,154.05203247070312,114.77249908447266,155.38070678710938,110.75394439697266,56.791603088378906,264.6944274902344,387.2783508300781,47.37287139892578,78.84738159179688
2022-05-09,148.93911743164062,108.78900146484375,156.22647094726562,109.08885955810547,56.67756271362305,254.91514587402344,374.8787536621094,47.92719650268555,72.63005065917969
2022-05-10,151.33885192871094,108.85900115966797,156.01504516601562,106.43013000488281,56.15123748779297,259.655517578125,375.744873046875,47.25252151489258,73.11161804199219
2022-05-11,143.4932403564453,105.37200164794922,155.16928100585938,105.75873565673828,56.41439437866211,251.0323944091797,369.7757568359375,46.75838851928711,74.63370513916016
2022-05-12,139.63414001464844,106.93049621582031,156.7021942138672,105.66920471191406,56.58985137939453,246.02236938476562,369.3897399902344,46.714046478271484,74.97252655029297
2022-05-13,144.09072875976562,113.05500030517578,155.8035888671875,106.60917663574219,57.65128707885742,251.58160400390625,378.2211608886719,46.89459228515625,77.19649505615234
2022-05-16,142.5529327392578,110.81050109863281,156.88722229003906,105.86615753173828,57.86183166503906,251.94773864746094,376.6864318847656,46.94527053833008,79.01216888427734
2022-05-17,146.1770477294922,115.36849975585938,157.5391082763672,109.37533569335938,57.70392990112305,257.07342529296875,384.43505859375,41.604888916015625,80.01991271972656
2022-05-18,137.92982482910156,107.11250305175781,154.61422729492188,107.50437927246094,53.68623352050781,245.36892700195312,368.93780517578125,38.77949142456055,78.75153350830078
2022-05-19,134.5310516357422,107.31900024414062,153.23988342285156,105.9109115600586,52.63356399536133,244.4611358642578,366.6782531738281,37.71522521972656,79.17723846435547
2022-05-20,134.76612854003906,107.59100341796875,155.91810607910156,105.04255676269531,53.49323654174805,243.90103149414062,366.8382873535156,37.756404876708984,79.80272674560547
2022-05-23,140.17286682128906,107.55699920654297,159.1011962890625,111.54170989990234,55.14242172241211,251.71365356445312,373.701904296875,38.833343505859375,81.56627655029297
2022-05-24,137.479248046875,104.0999984741211,160.83901977539062,113.11726379394531,56.16000747680664,250.7189483642578,370.84906005859375,39.31797409057617,82.00934600830078
2022-05-25,137.63597106933594,106.7750015258789,159.2608184814453,113.90503692626953,56.20386505126953,253.51953125,374.1255187988281,39.07723617553711,83.65995025634766
2022-05-26,140.82907104492188,111.07749938964844,159.11895751953125,115.87446594238281,56.40563201904297,256.7836608886719,381.60107421875,39.91029357910156,83.955322265625
2022-05-27,146.56878662109375,115.14649963378906,160.56417846679688,117.51268005371094,56.73897933959961,263.8720397949219,390.96905517578125,40.695823669433594,84.7806167602539
2022-05-31,145.7852325439453,120.20950317382812,159.18099975585938,118.37205505371094,55.598575592041016,262.5489196777344,388.7752685546875,40.74332809448242,83.3993148803711
2022-06-01,145.6579132080078,121.68399810791016,157.56729125976562,116.29521942138672,55.326637268066406,263.08013916015625,385.6307067871094,39.73607635498047,84.99781036376953
2022-06-02,148.1065673828125,125.51100158691406,157.0707550048828,118.16617584228516,55.90561294555664,265.166015625,392.9745178222656,40.388572692871094,84.85011291503906
2022-06-03,142.396240234375,122.3499984741211,156.42349243164062,116.51900482177734,55.238922119140625,260.7622985839844,386.5251770019531,39.69490432739258,86.083740234375
2022-06-06,143.14065551757812,124.79000091552734,156.40576171875,116.13407135009766,55.15119934082031,259.53594970703125,387.70196533203125,39.55236053466797,85.86654663085938
2022-06-07,145.6579132080078,123.0,158.12588500976562,116.4384536743164,55.48454284667969,263.15740966796875,391.4209289550781,39.07723617553711,89.80194854736328
2022-06-08,144.92327880859375,121.18000030517578,157.18600463867188,114.58538055419922,55.168739318847656,261.1391296386719,387.1654052734375,38.738319396972656,90.86183166503906
2022-06-09,139.7124786376953,116.1500015258789,154.02064514160156,112.17729949951172,54.212554931640625,255.71176147460938,377.95745849609375,38.3328857421875,88.8984603881836
2022-06-10,134.31558227539062,109.6500015258789,152.9921417236328,107.02095031738281,53.870445251464844,244.31629943847656,366.9983825683594,38.54827117919922,87.27391052246094
2022-06-13,129.17332458496094,103.66999816894531,151.4493865966797,103.83406066894531,53.80903625488281,233.95413208007812,353.0640563964844,37.822914123535156,83.26904296875
2022-06-14,130.03524780273438,102.30999755859375,149.12635803222656,102.1063232421875,52.3334846496582,236.10772705078125,352.00018310546875,37.83875274658203,83.48621368408203
2022-06-15,132.65045166015625,107.66999816894531,150.72232055664062,103.3148422241211,52.72226333618164,243.1284637451172,357.0184020996094,37.813411712646484,82.43500518798828
2022-06-16,127.39065551757812,103.66000366210938,150.8021240234375,101.54234313964844,52.19211959838867,236.5712890625,345.2025146484375,38.20618438720703,79.39441680908203
2022-06-17,128.85987854003906,106.22000122070312,150.25241088867188,101.18424987792969,52.51020431518555,239.15939331054688,345.9466857910156,37.46814727783203,74.816162109375
2022-06-21,133.08140563964844,108.68000030517578,153.4000244140625,103.6908187866211,53.632320404052734,245.0406036376953,354.65545654296875,38.6971435546875,79.47260284423828
2022-06-22,132.5720977783203,108.94999694824219,155.82057189941406,103.10894012451172,54.029930114746094,244.4514923095703,354.0124816894531,38.22835159301758,76.32776641845703
2022-06-23,135.4321746826172,112.44000244140625,159.29629516601562,101.98100280761719,54.674930572509766,249.98504638671875,357.4826354980469,39.156429290771484,74.02558135986328
2022-06-24,138.7525634765625,116.45999908447266,161.62818908691406,105.02464294433594,55.69987106323242,258.52191162109375,368.8484802246094,39.188106536865234,75.49375915527344
2022-06-27,138.7525634765625,113.22000122070312,161.47743225097656,104.18318176269531,55.584999084472656,255.80838012695312,367.43951416015625,39.31480026245117,77.34416961669922
2022-06-28,134.61920166015625,107.4000015258789,156.8845977783203,103.6818618774414,55.028358459472656,247.68667602539062,359.93170166015625,38.760498046875,79.48998260498047
2022-06-29,136.37245178222656,108.91999816894531,156.92892456054688,103.21637725830078,55.42596435546875,251.3370361328125,359.6385803222656,38.617958068847656,76.55362701416016
2022-06-30,133.91400146484375,106.20999908447266,157.38995361328125,100.80829620361328,55.584999084472656,248.02464294433594,356.7167053222656,38.51026153564453,74.3991470336914
2022-07-01,136.07858276367188,109.55999755859375,159.17213439941406,102.09737396240234,56.88383483886719,250.68035888671875,360.48956298828125,38.84284210205078,76.05844116210938
2022-07-05,138.65463256835938,113.5,157.9485321044922,101.70903015136719,55.911922454833984,253.8383026123047,361.1703796386719,39.35598373413086,73.6780776977539
2022-07-06,139.98672485351562,114.33000183105469,158.0904541015625,101.04975891113281,56.02679443359375,257.0830078125,362.3901672363281,39.63471221923828,72.34890747070312
2022-07-07,143.3463134765625,116.33000183105469,158.2677459716797,103.60556030273438,55.584999084472656,259.19793701171875,367.8177185058594,39.69490432739258,74.65975952148438
2022-07-08,144.02215576171875,115.54000091552734,158.0726776123047,103.28044891357422,55.788230895996094,258.4833984375,367.51519775390625,39.72024154663086,74.7813949584961
2022-07-11,141.89671325683594,111.75,158.13475036621094,101.92577362060547,55.61151885986328,255.4412841796875,363.3168640136719,39.73607635498047,74.3991470336914
2022-07-12,142.8664093017578,109.22000122070312,155.9181365966797,102.02513885498047,55.372947692871094,244.9729766845703,360.10186767578125,39.61570739746094,73.40878295898438
2022-07-13,142.50399780273438,110.4000015258789,155.55458068847656,101.06781768798828,55.11671447753906,244.05555725097656,358.21075439453125,39.71073913574219,73.70415496826172
2022-07-14,145.42282104492188,110.62999725341797,155.7673797607422,97.53662109375,54.94000244140625,245.36892700195312,357.3407897949219,40.486778259277344,72.22728729248047
2022-07-15,147.0879364013672,113.55000305175781,158.02835083007812,102.0070571899414,55.22274398803711,247.91839599609375,364.1678771972656,40.882713317871094,73.44353485107422
2022-07-18,144.05157470703125,113.76000213623047,154.48175048828125,100.95943450927734,54.47171401977539,245.5330810546875,361.160888671875,40.78767776489258,74.79876708984375
2022-07-19,147.90087890625,118.20999908447266,152.22964477539062,103.4610595703125,55.24924850463867,250.63204956054688,370.919189453125,41.03791046142578,76.68395233154297
2022-07-20,149.8990478515625,122.7699966430664,151.36074829101562,103.44300079345703,54.33917999267578,253.2781524658203,373.283203125,41.3800048828125,77.52660369873047
2022-07-21,152.16162109375,124.62999725341797,151.89273071289062,104.14744567871094,54.21548080444336,255.76004028320312,377.0843505859375,41.98499298095703,76.2322006225586
2022-07-22,150.92747497558594,122.41999816894531,152.61087036132812,103.6417007446289,54.418701171875,251.43362426757812,373.58575439453125,41.877296447753906,75.650146484375
2022-07-25,149.8108673095703,121.13999938964844,152.912353515625,104.05713653564453,54.9488410949707,249.9560546875,374.0396728515625,41.81711196899414,78.16949462890625
2022-07-26,148.4886016845703,114.80999755859375,153.9940643310547,102.4315185546875,55.850074768066406,243.26368713378906,369.6143798828125,38.636959075927734,77.86541748046875
2022-07-27,153.57205200195312,120.97000122070312,153.56849670410156,104.07518768310547,55.67335891723633,259.5262145996094,379.2118835449219,40.097171783447266,79.55078887939453
2022-07-28,154.12057495117188,122.27999877929688,154.4551544189453,103.68685913085938,56.60110092163086,266.93328857421875,383.9681396484375,41.09809875488281,80.48033142089844
2022-07-29,159.17466735839844,134.9499969482422,154.73887634277344,104.18356323242188,56.69829177856445,271.1148376464844,389.5658874511719,41.82661056518555,84.20724487304688
2022-08-01,158.19517517089844,135.38999938964844,154.197998046875,103.14498901367188,57.00753402709961,268.4784851074219,388.4123229980469,41.981815338134766,82.07884216308594
2022-08-02,156.7259979248047,134.16000366210938,153.32022094726562,101.53744506835938,56.23000717163086,265.3978576660156,385.8498229980469,42.026161193847656,81.72264862060547
2022-08-03,162.72035217285156,139.52000427246094,154.80091857910156,102.60310363769531,56.47739791870117,272.7856140136719,391.89202880859375,41.33566665649414,79.07298278808594
2022-08-04,162.40695190429688,142.57000732421875,152.3182830810547,101.47422790527344,56.256507873535156,273.92510986328125,391.6272277832031,39.77408981323242,75.74569702148438
2022-08-05,162.18133544921875,140.8000030517578,151.71539306640625,104.54480743408203,56.00027847290039,273.2105407714844,390.9653015136719,40.09400939941406,76.84031677246094
2022-08-08,161.71051025390625,139.41000366210938,150.9085693359375,103.27141571044922,55.638023376464844,270.70928955078125,390.5114440917969,40.420249938964844,77.27467346191406
2022-08-09,161.7595672607422,137.8300018310547,150.89077758789062,104.20162963867188,55.70869827270508,272.6214599609375,388.96075439453125,40.819358825683594,78.69942474365234
2022-08-10,165.99679565429688,142.69000244140625,151.32525634765625,106.9200210571289,56.23884582519531,279.2461853027344,397.1304931640625,40.90487289428711,79.446533203125
2022-08-11,165.26116943359375,140.63999938964844,148.19537353515625,108.50047302246094,55.85891342163086,277.1795349121094,397.1304931640625,41.29935836791992,81.74476623535156
2022-08-12,168.80198669433594,143.5500030517578,146.56390380859375,110.29766082763672,56.283016204833984,281.90191650390625,403.8535461425781,42.0628662109375,82.4552993774414
2022-08-15,169.87110900878906,143.17999267578125,147.26438903808594,110.595703125,56.989871978759766,283.40850830078125,405.5177001953125,42.18375015258789,80.98161315917969
2022-08-16,169.71417236328125,144.77999877929688,148.57666015625,111.65235137939453,57.45815658569336,282.6744384765625,406.3120422363281,44.33747863769531,80.22723388671875
2022-08-17,171.20504760742188,142.10000610351562,148.58551025390625,110.71308898925781,57.325618743896484,281.9293212890625,403.4280090332031,44.385196685791016,80.87635040283203
2022-08-18,170.8126983642578,142.3000030517578,147.86729431152344,109.85515594482422,57.626041412353516,280.81640625,404.60052490234375,44.24205017089844,82.78861999511719
2022-08-19,168.2331085205078,138.22999572753906,150.1194305419922,107.13674926757812,57.58185958862305,276.9259033203125,399.16351318359375,43.58987808227539,82.52545928955078
2022-08-22,164.35882568359375,133.22000122070312,149.5927734375,105.36665344238281,56.72480392456055,268.79669189453125,390.8518981933594,42.810462951660156,82.46405029296875
2022-08-23,164.0253143310547,133.6199951171875,148.28958129882812,104.32805633544922,56.786651611328125,267.5289001464844,389.9062805175781,42.6291389465332,85.96401977539062
2022-08-24,164.31956481933594,133.8000030517578,147.798583984375,104.5809555053711,56.866172790527344,266.8999328613281,391.1544494628906,42.93771743774414,86.4727783203125
2022-08-25,166.77163696289062,137.27999877929688,149.18215942382812,107.06451416015625,57.14006805419922,269.8612365722656,396.6766052246094,43.224037170410156,86.92015075683594
2022-08-26,160.48448181152344,130.75,146.6293182373047,103.56041717529297,55.761714935302734,259.4481201171875,383.2494812011719,41.86562728881836,85.8499984741211
2022-08-29,158.28741455078125,129.7899932861328,145.4956817626953,103.30753326416016,55.42596435546875,256.6802978515625,380.7153015136719,42.272830963134766,87.82364654541016
2022-08-30,155.86477661132812,128.72999572753906,144.9868927001953,103.32559967041016,54.91350555419922,254.49319458007812,376.5360107421875,42.14557647705078,84.48157501220703
2022-08-31,154.20712280273438,126.7699966430664,144.01393127441406,102.71149444580078,54.52473831176758,253.04153442382812,373.67083740234375,42.167842864990234,83.8499984741211
2022-09-01,154.9329833984375,127.81999969482422,147.58441162109375,103.4159164428711,54.78095626831055,252.00601196289062,374.8433532714844,42.781837463378906,82.34125518798828
2022-09-02,152.82412719726562,127.51000213623047,145.26364135742188,102.69342803955078,54.029930114746094,247.805908203125,370.8908996582031,42.31100845336914,83.8499984741211
2022-09-06,151.56869506835938,126.11000061035156,145.65634155273438,102.72050476074219,54.056434631347656,245.0865020751953,369.4914855957031,42.101036071777344,83.28860473632812
2022-09-07,152.97128295898438,129.47999572753906,146.4507598876953,104.67125701904297,55.05487060546875,249.77047729492188,376.1293029785156,43.18267059326172,82.5781021118164
2022-09-08,151.50006103515625,129.82000732421875,147.62899780273438,107.10965728759766,54.886993408203125,250.18663024902344,378.5877990722656,43.40217971801758,83.25352478027344
2022-09-09,154.3542938232422,133.27000427246094,147.9146270751953,107.62445068359375,55.0637092590332,255.9351348876953,384.46917724609375,43.532615661621094,84.64823913574219
2022-09-12,160.29812622070312,136.4499969482422,147.85218811035156,108.89784240722656,55.22274398803711,258.0545654296875,388.6014404296875,43.92390823364258,85.62191772460938
2022-09-13,150.89190673828125,126.81999969482422,144.0050048828125,105.1137924194336,53.429107666015625,243.86712646484375,371.70404052734375,43.017250061035156,83.62191772460938
2022-09-14,152.333740234375,128.5500030517578,146.97743225097656,104.86993408203125,53.711849212646484,244.08969116210938,373.12237548828125,42.92180633544922,85.6745376586914
2022-09-15,149.4500732421875,126.27999877929688,147.35231018066406,106.45037841796875,52.98203659057617,237.47021484375,368.8861999511719,42.46052551269531,83.18334197998047
2022-09-16,147.8120880126953,123.52999877929688,149.60171508789062,105.7369384765625,52.99094009399414,236.85081481933594,366.07208251953125,42.3714485168457,81.7623062133789
2022-09-19,151.51962280273438,124.66000366210938,148.4234619140625,106.71228790283203,53.39145278930664,236.63790893554688,368.9109191894531,42.73411560058594,81.75353240966797
2022-09-20,153.89324951171875,122.19000244140625,147.25413513183594,104.60802459716797,53.31134796142578,234.63462829589844,364.6764221191406,42.48596954345703,81.08688354492188
2022-09-21,150.7742462158203,118.54000091552734,145.74562072753906,101.59161376953125,52.86634826660156,231.24745178222656,358.3149719238281,42.874088287353516,79.77987670898438
2022-09-22,149.81300354003906,117.30999755859375,148.33419799804688,100.43563842773438,52.74174499511719,233.21202087402344,355.30517578125,42.43507385253906,79.44654083251953
2022-09-23,147.5472412109375,113.77999877929688,148.8162078857422,98.56620025634766,52.15433883666992,230.2506561279297,349.3522033691406,41.37570571899414,75.21852111816406
2022-09-26,147.88075256347656,115.1500015258789,147.90574645996094,96.44386291503906,51.50463104248047,229.79580688476562,345.8960876464844,41.773372650146484,73.66590118408203
2022-09-27,148.85177612304688,114.41000366210938,147.22731018066406,95.59492492675781,50.17852020263672,228.78933715820312,345.0130920410156,41.658836364746094,75.20973205566406
2022-09-28,146.96853637695312,118.01000213623047,148.49485778808594,97.52759552001953,50.712528228759766,233.29910278320312,351.8017272949219,42.34599685668945,77.9465560913086
2022-09-29,139.74961853027344,114.80000305175781,146.86138916015625,95.87489318847656,50.34762954711914,229.84417724609375,344.45294189453125,42.07240295410156,77.78865051269531
2022-09-30,135.55162048339844,113.0,145.81703186035156,94.37571716308594,49.858123779296875,225.3924560546875,339.1264953613281,41.26118850708008,76.58690643310547
2022-10-03,139.72018432617188,115.87999725341797,145.6741943359375,97.29279327392578,50.418827056884766,232.9797821044922,348.07989501953125,42.16148376464844,80.6307373046875
2022-10-04,143.30023193359375,121.08999633789062,147.8343048095703,101.84449005126953,50.53452682495117,240.8573455810547,358.86572265625,42.70867156982422,83.56929779052734
2022-10-05,143.594482421875,120.94999694824219,147.3791046142578,100.58704376220703,50.053924560546875,241.1670379638672,358.0301818847656,42.28554916381836,86.94646453857422
2022-10-06,142.64309692382812,120.30000305175781,144.5227508544922,98.53684997558594,48.97702407836914,238.834716796875,354.3368225097656,41.89107131958008,89.525390625
2022-10-07,137.4053955078125,114.55999755859375,142.99636840820312,96.56865692138672,48.51421356201172,226.6892852783203,344.45294189453125,40.89851379394531,88.62187194824219
2022-10-10,137.7290802001953,113.66999816894531,143.18380737304688,95.66655731201172,48.407413482666016,221.86009216308594,341.82293701171875,41.14029312133789,86.70085906982422
2022-10-11,136.31666564941406,112.20999908447266,145.25466918945312,92.9056625366211,48.48751449584961,218.14395141601562,339.658203125,42.20601272583008,85.96401977539062
2022-10-12,135.68896484375,112.9000015258789,145.21897888183594,94.40911865234375,49.07492446899414,218.4729766845703,338.537841796875,41.72882843017578,86.34120178222656
2022-10-13,140.24981689453125,112.52999877929688,147.41481018066406,99.65763854980469,49.7246208190918,226.6892852783203,347.47222900390625,42.08195114135742,89.35872650146484
2022-10-14,135.72817993164062,106.9000015258789,146.7989044189453,101.31600952148438,48.93251037597656,221.19236755371094,339.5537109375,41.493408203125,87.00786590576172
2022-10-17,139.68093872070312,113.79000091552734,148.70013427734375,105.57129669189453,49.56441116333008,229.87322998046875,348.2793273925781,41.79244613647461,88.26223754882812
2022-10-18,140.99526977539062,116.36000061035156,148.18243408203125,108.2866439819336,50.23193359375,230.8119659423828,352.3714294433594,42.673675537109375,88.42012786865234
2022-10-19,141.10316467285156,115.06999969482422,147.0041961669922,106.16356658935547,49.80472183227539,228.85707092285156,349.87432861328125,42.55278396606445,91.04292297363281
2022-10-20,140.6421661376953,115.25,147.3791046142578,105.81730651855469,49.021514892578125,228.53770446777344,346.94049072265625,42.657772064208984,91.16571807861328
2022-10-21,144.44781494140625,119.31999969482422,150.59251403808594,111.37561798095703,49.80472183227539,234.3152618408203,355.37176513671875,43.51987838745117,92.85868835449219
2022-10-24,146.58604431152344,119.81999969482422,152.61871337890625,111.5123062133789,51.23762512207031,239.27993774414062,359.7201843261719,44.3502082824707,93.50779724121094
2022-10-25,149.42066955566406,120.5999984741211,152.37774658203125,111.80388641357422,52.46583938598633,242.57997131347656,365.4643859863281,44.5601692199707,92.876220703125
2022-10-26,146.4879608154297,115.66000366210938,153.71665954589844,113.08867645263672,52.85744094848633,223.86343383789062,362.7109680175781,44.90055847167969,93.9814682006836
2022-10-27,142.02511596679688,110.95999908447266,153.8058624267578,113.53515625,52.98203659057617,219.4407196044922,360.7740783691406,44.7701301574707,94.34111785888672
2022-10-28,152.75550842285156,103.41000366210938,156.09095764160156,114.88372039794922,54.07675552368164,228.26673889160156,369.35711669921875,45.336395263671875,97.104248046875
2022-10-31,150.4014892578125,102.44000244140625,155.28761291503906,114.70148468017578,53.266841888427734,224.6472930908203,366.6891784667969,45.279136657714844,97.20072937011719
2022-11-01,147.7630615234375,96.79000091552734,154.50210571289062,116.76988983154297,53.07994842529297,220.81494140625,365.0845947265625,45.07552719116211,98.16564178466797
2022-11-02,142.250732421875,92.12000274658203,152.1277618408203,115.69468688964844,52.34124755859375,213.0050811767578,355.9223937988281,44.77649688720703,96.14813232421875
2022-11-03,136.21859741210938,89.30000305175781,152.38665771484375,115.90426635742188,52.31453323364258,207.34364318847656,352.25750732421875,44.76695251464844,97.45513153076172
2022-11-04,135.9533233642578,90.9800033569336,153.0650177001953,119.0752182006836,52.74174499511719,214.2534942626953,357.32757568359375,44.84648513793945,98.51652526855469
2022-11-07,136.4838409423828,90.52999877929688,154.4039306640625,119.70396423339844,52.94644546508789,220.5246124267578,360.74560546875,45.317317962646484,99.68316650390625
2022-11-08,137.05369567871094,89.9800033569336,155.1715850830078,119.77686309814453,53.044342041015625,221.4923553466797,362.6920166015625,45.42546844482422,99.99895477294922
2022-11-09,132.5048828125,86.13999938964844,153.9308319091797,118.21870422363281,52.305641174316406,217.27291870117188,355.21978759765625,44.369293212890625,95.52531433105469
2022-11-10,144.29444885253906,96.62999725341797,155.7339324951172,123.08447265625,54.18355178833008,235.14755249023438,374.7406311035156,45.2886848449707,96.92882537841797
2022-11-11,147.07484436035156,100.79000091552734,151.07449340820312,123.28499603271484,54.57515335083008,239.14439392089844,378.3674621582031,45.35866928100586,99.9551010131836
2022-11-14,145.6797332763672,98.48999786376953,153.44886779785156,122.01842498779297,54.050045013427734,233.76365661621094,375.14886474609375,44.02570724487305,100.24691009521484
2022-11-15,147.4088897705078,98.94000244140625,153.8772735595703,121.13452911376953,53.961055755615234,234.17010498046875,378.3485412597656,46.90476989746094,100.91893005371094
2022-11-16,146.18075561523438,97.12000274658203,154.8323974609375,121.29855346679688,53.86315155029297,234.5970916748047,375.4621887207031,47.24198532104492,99.84014892578125
2022-11-17,148.0769500732422,94.8499984741211,156.08206176757812,120.77007293701172,54.03225326538086,234.54856872558594,374.3133239746094,47.082923889160156,99.9727783203125
2022-11-18,148.6369171142578,94.13999938964844,157.27813720703125,121.95458984375,54.414947509765625,234.1021728515625,376.0128479003906,47.7923469543457,99.10623168945312
2022-11-21,145.41445922851562,92.45999908447266,158.08668518066406,121.23477935791016,55.25155258178711,234.9076385498047,374.6456604003906,48.08502197265625,98.12471008300781
2022-11-22,147.54641723632812,93.19999694824219,158.85032653808594,123.04805755615234,55.491851806640625,237.79974365234375,379.687255859375,48.256813049316406,100.963134765625
2022-11-23,148.4208221435547,94.12999725341797,159.02098083496094,124.36016082763672,55.741058349609375,240.27452087402344,382.0798645019531,48.48905563354492,100.45912170410156
2022-11-25,145.5126953125,93.41000366210938,159.22764587402344,124.59707641601562,55.794456481933594,240.18711853027344,381.9944763183594,48.695831298828125,100.10540771484375
2022-11-28,141.69091796875,93.94999694824219,159.3084716796875,122.4193344116211,55.80337142944336,234.62620544433594,375.89886474609375,48.83579635620117,97.0989761352539
2022-11-29,138.69439697265625,92.41999816894531,158.1945037841797,124.4330825805664,55.60756301879883,233.23843383789062,375.2532653808594,48.66401672363281,97.74449157714844
2022-11-30,145.43409729003906,96.54000091552734,159.91036987304688,125.90921020507812,57.01477813720703,247.61143493652344,387.0739440917969,48.48905563354492,98.45187377929688
2022-12-01,145.70919799804688,95.5,160.57521057128906,124.1415023803711,57.176109313964844,247.1747283935547,386.7891540527344,48.7912712097168,97.97438049316406
2022-12-02,145.2179718017578,94.12999725341797,160.7009735107422,123.15739440917969,57.67805099487305,247.49496459960938,386.3429260253906,48.74354934692383,97.1431884765625
2022-12-05,144.0586700439453,91.01000213623047,160.61111450195312,119.70396423339844,56.88930130004883,242.81716918945312,379.3929138183594,48.244083404541016,94.48161315917969
2022-12-06,140.4039306640625,88.25,158.20347595214844,119.90442657470703,56.862403869628906,237.88705444335938,373.92401123046875,47.6841926574707,91.85543060302734
2022-12-07,138.4684600830078,88.45999908447266,159.16473388671875,119.82244110107422,56.9520263671875,237.15919494628906,373.28790283203125,47.43604278564453,91.65204620361328
2022-12-08,140.1484375,90.3499984741211,159.19171142578125,121.07988739013672,57.19403839111328,240.0998077392578,376.2122497558594,47.509490966796875,92.33289337158203
2022-12-09,139.6670379638672,89.08999633789062,157.88003540039062,120.42381286621094,56.593509674072266,238.17823791503906,373.40185546875,46.40143585205078,91.5547866821289
2022-12-12,141.95620727539062,90.55000305175781,159.76666259765625,122.2917709350586,57.337459564208984,245.05902099609375,378.7852478027344,47.26679992675781,93.80960083007812
2022-12-13,142.9190216064453,92.48999786376953,160.9974365234375,122.17327880859375,57.35538101196289,249.33889770507812,381.6526184082031,47.097557067871094,94.83531951904297
2022-12-14,140.6986541748047,91.58000183105469,161.49148559570312,121.56278991699219,57.35538101196289,249.63006591796875,379.21246337890625,46.83570098876953,94.13677215576172
2022-12-15,134.1063232421875,88.44999694824219,159.4522247314453,118.5467529296875,56.566619873046875,241.6623077392578,369.93634033203125,46.417388916015625,93.23481750488281
2022-12-16,132.15121459960938,87.86000061035156,157.8171844482422,117.80866241455078,56.24394607543945,237.4697723388672,365.56878662109375,45.583946228027344,92.58048248291016
2022-12-19,130.0487518310547,84.91999816894531,157.6464385986328,118.51029205322266,56.324615478515625,233.35488891601562,362.4689025878906,45.599910736083984,92.99610137939453
2022-12-20,129.97998046875,85.19000244140625,157.8171844482422,119.08434295654297,56.2797966003418,234.66505432128906,362.9649353027344,45.99906921386719,94.34014129638672
2022-12-21,133.07472229003906,86.7699966430664,159.62286376953125,120.42381286621094,57.185081481933594,237.21743774414062,368.39208984375,46.35990524291992,95.55155944824219
2022-12-22,129.91119384765625,83.79000091552734,159.03895568847656,119.05699920654297,56.77277755737305,231.16156005859375,363.1365966796875,45.81705856323242,93.62389373779297
2022-12-23,129.54766845703125,85.25,159.44320678710938,119.62193298339844,57.203006744384766,231.68563842773438,365.2254333496094,45.90964889526367,96.09979248046875
2022-12-27,127.74977111816406,83.04000091552734,159.3983154296875,120.04113006591797,57.55257034301758,229.9678955078125,363.78521728515625,45.922428131103516,97.43499755859375
2022-12-28,123.8297348022461,81.81999969482422,158.70657348632812,120.69715881347656,56.97892379760742,227.60955810546875,359.26409912109375,45.11773681640625,95.83450317382812
2022-12-29,127.3371353149414,84.18000030517578,159.5150909423828,121.38966369628906,57.31953430175781,233.8983612060547,365.7309875488281,45.39234924316406,96.55960845947266
2022-12-30,127.6515121459961,84.0,158.69757080078125,122.19152069091797,57.01477813720703,232.7434844970703,364.7675476074219,45.27738571166992,97.53227996826172
2023-01-03,122.87673950195312,85.81999969482422,160.0810546875,123.12095642089844,56.42321014404297,232.51052856445312,363.2319641113281,45.85537338256836,94.18097686767578
2023-01-04,124.14413452148438,85.13999938964844,161.82391357421875,124.2690658569336,56.39631652832031,222.3397979736328,366.0362548828125,45.90646743774414,94.4551010131836
2023-01-05,122.82762908935547,83.12000274658203,160.6290740966797,124.24154663085938,55.750972747802734,215.75015258789062,361.8585205078125,45.750003814697266,96.56844329833984
2023-01-06,127.34693908691406,86.08000183105469,161.9317169189453,126.61897277832031,56.82655715942383,218.29281616210938,370.1567077636719,46.87083053588867,97.73564910888672
2023-01-09,127.86766815185547,87.36000061035156,157.73631286621094,126.0957260131836,56.11845779418945,220.41822814941406,369.94683837890625,46.28646469116211,95.91409301757812
2023-01-10,128.4375,89.87000274658203,157.35897827148438,127.22478485107422,55.688228607177734,222.09718322753906,372.54119873046875,46.25773239135742,97.34657287597656
2023-01-11,131.1491241455078,95.08999633789062,157.1074981689453,128.17025756835938,55.580665588378906,228.81298828125,377.25311279296875,46.663272857666016,98.47842407226562
2023-01-12,131.0704803466797,95.2699966430664,156.31689453125,128.04171752929688,54.863616943359375,231.47215270996094,378.62652587890625,46.24176025390625,100.11427307128906
2023-01-13,132.39682006835938,98.12000274658203,155.80482482910156,131.27281188964844,55.06080627441406,232.1708984375,380.095458984375,46.39503479003906,100.05238342285156
2023-01-17,133.55612182617188,96.05000305175781,154.8435821533203,129.24420166015625,55.28488540649414,233.25782775878906,379.39910888671875,46.11402130126953,99.85784912109375
2023-01-18,132.83892822265625,95.45999908447266,152.50775146484375,125.36140441894531,53.60877227783203,228.85179138183594,373.4091796875,44.974029541015625,97.80638885498047
2023-01-19,132.8978729248047,93.68000030517578,152.3011474609375,123.69075775146484,53.528106689453125,225.08628845214844,370.6908264160156,44.332183837890625,98.43418884277344
2023-01-20,135.45225524902344,97.25,151.59146118164062,123.9936752319336,53.85078430175781,233.13168334960938,377.59649658203125,44.87823486328125,100.22920227050781
2023-01-23,138.63551330566406,97.5199966430664,151.20513916015625,126.00393676757812,53.9852180480957,235.42205810546875,382.1271057128906,45.548824310302734,99.70751190185547
2023-01-24,140.03053283691406,96.31999969482422,151.20513916015625,127.08708953857422,54.272037506103516,234.89794921875,381.7169494628906,45.6701545715332,100.63595581054688
2023-01-25,139.37228393554688,97.18000030517578,152.28317260742188,127.70209503173828,54.61265182495117,233.51016235351562,381.8599853515625,45.45301818847656,100.10540771484375
2023-01-26,141.4355010986328,99.22000122070312,151.72616577148438,128.4915313720703,54.50509262084961,240.68211364746094,386.0567626953125,45.4114990234375,104.12873840332031
2023-01-27,143.3709259033203,102.23999786376953,151.1332550048828,128.80364990234375,54.2182731628418,240.83740234375,386.94384765625,45.75956726074219,102.22760772705078
2023-01-30,140.4923095703125,100.55000305175781,145.53640747070312,127.71126556396484,54.352718353271484,235.54818725585938,382.08892822265625,45.39234924316406,100.41490936279297
2023-01-31,141.7596893310547,103.12999725341797,146.81211853027344,128.47317504882812,54.962215423583984,240.4976806640625,387.7069396972656,45.941593170166016,102.58130645751953
2023-02-01,142.87969970703125,105.1500015258789,148.15966796875,128.133544921875,54.97117614746094,245.2919158935547,391.8273620605469,46.197044372558594,101.45832824707031
2023-02-02,148.17515563964844,112.91000366210938,148.7166748046875,127.53687286376953,54.03003692626953,256.79229736328125,397.53125,45.86176681518555,98.28386688232422
2023-02-03,151.79066467285156,103.38999938964844,147.88116455078125,129.51040649414062,53.6266975402832,250.7266845703125,393.3057861328125,45.25183868408203,98.96473693847656
2023-02-06,149.06922912597656,102.18000030517578,146.75820922851562,130.27230834960938,53.93144226074219,249.1933135986328,390.9021911621094,44.92293167114258,98.79673767089844
2023-02-07,151.9380340576172,102.11000061035156,146.7941436767578,131.86032104492188,53.84181213378906,259.6649475097656,396.0146179199219,45.01873016357422,101.61748504638672
2023-02-08,149.25587463378906,100.05000305175781,146.98281860351562,130.93319702148438,53.528106689453125,258.8594055175781,391.6843566894531,44.77605056762695,100.73323059082031
2023-02-09,148.2242889404297,98.23999786376953,144.99737548828125,128.89540100097656,53.438472747802734,255.8411407470703,388.2887268066406,45.1911735534668,101.11347961425781
2023-02-10,148.58836364746094,97.61000061035156,145.67115783691406,129.46450805664062,53.438472747802734,255.3365020751953,389.1948547363281,45.8936882019043,105.37554168701172
2023-02-13,151.38282775878906,99.54000091552734,146.21017456054688,130.8689727783203,54.31685256958008,263.3139953613281,393.7635803222656,46.593013763427734,104.96565246582031
2023-02-14,150.74325561523438,99.69999694824219,145.57235717773438,131.44723510742188,53.41158676147461,264.1388854980469,393.5823669433594,46.458900451660156,103.73599243164062
2023-02-15,152.839111328125,101.16000366210938,143.1737060546875,131.99801635742188,53.41158676147461,262.02764892578125,394.8605041503906,46.803775787353516,103.42413330078125
2023-02-16,151.24508666992188,98.1500015258789,142.15853881835938,130.1805419921875,53.07994842529297,255.05178833007812,389.4237976074219,46.0693244934082,103.12117767333984
2023-02-17,150.1036834716797,97.19999694824219,145.1263885498047,130.5660400390625,53.886634826660156,251.07249450683594,388.4508361816406,46.762271881103516,99.15599822998047
2023-02-21,146.0989532470703,94.58000183105469,142.96383666992188,128.17025756835938,53.59980392456055,245.82847595214844,380.658203125,47.04646301269531,99.0579833984375
2023-02-22,146.52203369140625,95.79000091552734,142.76478576660156,127.18806457519531,53.761146545410156,244.69989013671875,380.13360595703125,46.059749603271484,97.77486419677734
2023-02-23,147.0042266845703,95.81999969482422,142.7195281982422,128.2069549560547,53.8597412109375,247.8716278076172,382.15570068359375,45.373191833496094,98.6748275756836
2023-02-24,144.35731506347656,93.5,141.12701416015625,129.36355590820312,53.635658264160156,242.471923828125,378.0733947753906,45.49453353881836,98.68375396728516
2023-02-27,145.54794311523438,93.76000213623047,140.8193817138672,130.49261474609375,53.617733001708984,243.386474609375,379.3609619140625,45.16563034057617,98.50552368164062
2023-02-28,145.04611206054688,94.2300033569336,138.67489624023438,131.58494567871094,53.339874267578125,242.66650390625,377.9589538574219,45.385963439941406,97.93526458740234
2023-03-01,142.97976684570312,92.16999816894531,138.0505828857422,130.85060119628906,52.75727081298828,239.60177612304688,376.50909423828125,44.753692626953125,98.8084945678711
2023-03-02,143.57017517089844,92.12999725341797,137.94203186035156,129.49203491210938,53.528106689453125,244.31072998046875,379.43731689453125,44.86545944213867,99.26293182373047
2023-03-03,148.60804748535156,94.9000015258789,139.36257934570312,131.8695068359375,53.27712631225586,248.37754821777344,385.52264404296875,44.91974639892578,100.51930236816406
2023-03-06,151.36314392089844,93.75,140.7560272216797,131.0984344482422,54.101741790771484,249.9147491455078,385.78973388671875,44.91335678100586,101.41032409667969
2023-03-07,149.16891479492188,93.55000305175781,139.42591857910156,127.2431411743164,53.78803253173828,247.26840209960938,379.8759765625,44.466304779052734,99.4500503540039
2023-03-08,150.4185333251953,93.91999816894531,138.40347290039062,126.49044799804688,53.814918518066406,246.83062744140625,380.49603271484375,44.09907913208008,97.99763488769531
2023-03-09,148.17506408691406,92.25,136.84716796875,119.6427001953125,53.29505920410156,245.48800659179688,373.4759521484375,43.802101135253906,97.240234375
2023-03-10,146.1186065673828,90.7300033569336,137.18194580078125,122.68106079101562,53.070980072021484,241.8589630126953,368.0869140625,43.73823928833008,96.03731536865234
2023-03-13,148.05703735351562,92.43000030517578,138.4939422607422,120.47799682617188,53.60877227783203,247.04466247558594,367.562255859375,43.865966796875,94.93242645263672
2023-03-14,150.14303588867188,94.87999725341797,139.2720947265625,123.57144927978516,53.80596160888672,253.72862243652344,373.6380615234375,44.09907913208008,95.28883361816406
2023-03-15,150.53660583496094,96.19999694824219,139.6612091064453,117.73340606689453,54.16448974609375,258.25274658203125,371.3013000488281,44.5908317565918,90.5484619140625
2023-03-16,153.35076904296875,100.04000091552734,139.37164306640625,120.01903533935547,54.46253967285156,268.721435546875,377.8157958984375,44.3375358581543,90.02274322509766
2023-03-17,152.51437377929688,98.94999694824219,137.878662109375,115.48448944091797,54.20964813232422,271.8639221191406,373.3981628417969,44.69664764404297,88.96239471435547
2023-03-20,154.87591552734375,97.70999908447266,139.24496459960938,116.70532989501953,54.73349380493164,264.85888671875,376.9885559082031,45.17760467529297,91.28803253173828
2023-03-21,156.72576904296875,100.61000061035156,139.24496459960938,119.83547973632812,54.4806022644043,266.366943359375,381.9385986328125,45.0236930847168,95.3779525756836
2023-03-22,155.2989959716797,98.69999694824219,136.6752471923828,116.7420425415039,54.23674774169922,264.9172058105469,375.427978515625,44.73512268066406,93.19486999511719
2023-03-23,156.38134765625,98.70999908447266,136.74761962890625,116.42996978759766,54.119327545166016,270.141845703125,376.4428405761719,45.09743881225586,92.14342498779297
2023-03-24,157.68020629882812,98.12999725341797,138.1229705810547,114.65835571289062,55.00445556640625,272.9730224609375,378.91302490234375,45.4661750793457,92.25035095214844
2023-03-27,155.74179077148438,98.04000091552734,138.7111053466797,117.94453430175781,55.410892486572266,268.896484375,379.62158203125,46.22607421875,94.2730484008789
2023-03-28,155.1219024658203,97.23999786376953,137.37196350097656,118.30254364013672,55.474117279052734,267.7776794433594,378.76953125,46.04652404785156,95.44921875
2023-03-29,158.19186401367188,100.25,138.7201690673828,118.54120635986328,55.871524810791016,272.9146423339844,384.2747802734375,46.245323181152344,97.0887680053711
2023-03-30,159.75634765625,102.0,138.8287353515625,118.18319702148438,55.862491607666016,276.3587951660156,386.52484130859375,46.707035064697266,97.5610122680664
2023-03-31,162.255615234375,103.29000091552734,140.24932861328125,119.61515045166016,56.025062561035156,280.4937438964844,391.9727783203125,47.277767181396484,97.71249389648438
2023-04-03,163.5052947998047,102.41000366210938,141.9232940673828,119.47747802734375,56.3592414855957,279.4527282714844,393.4664306640625,47.67535400390625,103.4775619506836
2023-04-04,162.97393798828125,103.94999694824219,143.40721130371094,117.88027954101562,56.1876335144043,279.4040222167969,391.2833557128906,47.20723342895508,102.488525390625
2023-04-05,161.13392639160156,101.0999984741211,149.84962463378906,118.05604553222656,56.720523834228516,276.64093017578125,390.2589416503906,47.98957443237305,104.24388122558594
2023-04-06,162.01950073242188,102.05999755859375,149.43338012695312,117.9265365600586,56.75665283203125,283.7043762207031,391.78125,48.351898193359375,102.51524353027344
2023-04-10,159.43165588378906,102.16999816894531,148.682373046875,118.31509399414062,56.62117004394531,281.55419921875,392.18341064453125,48.258907318115234,102.0608139038086
2023-04-11,158.2213897705078,99.91999816894531,148.63714599609375,118.89791107177734,56.521820068359375,275.1718444824219,392.2886962890625,48.117828369140625,102.78256225585938
2023-04-12,157.53262329101562,97.83000183105469,148.3204345703125,118.8794174194336,56.62117004394531,275.8139953613281,390.6897888183594,47.88376235961914,102.67564392089844
2023-04-13,162.90504455566406,102.4000015258789,150.30203247070312,119.33274841308594,57.03664779663086,281.9920654296875,395.879150390625,47.93186569213867,103.15681457519531
2023-04-14,162.5606689453125,102.51000213623047,150.05772399902344,128.34353637695312,56.94632339477539,278.39227294921875,394.91217041015625,47.60801696777344,103.40630340576172
2023-04-17,162.5803680419922,102.73999786376953,149.90390014648438,129.36117553710938,57.31663131713867,280.9802551269531,396.3292236328125,47.94148635864258,102.20338439941406
2023-04-18,163.80044555664062,102.30000305175781,145.68736267089844,130.81361389160156,57.40694808959961,280.5617980957031,396.5876770019531,48.04729461669922,104.19934844970703
2023-04-19,164.9418487548828,104.30000305175781,147.06272888183594,130.64710998535156,57.515342712402344,280.6396484375,396.5207214355469,48.098594665527344,103.86964416503906
2023-04-20,163.97755432128906,103.80999755859375,148.01280212402344,130.2677764892578,57.76823043823242,278.363037109375,394.3568115234375,48.40640640258789,103.04096984863281
2023-04-21,162.37368774414062,106.95999908447266,147.20751953125,130.0179901123047,57.84951400756836,278.0224914550781,394.6632080078125,48.65008544921875,103.37066650390625
2023-04-24,162.67874145507812,106.20999908447266,148.10328674316406,130.1937713623047,57.75919723510742,274.14056396484375,395.0749206542969,48.98033905029297,105.3220443725586
2023-04-25,161.14376831054688,102.56999969482422,149.46054077148438,127.36286926269531,57.66887664794922,267.9625244140625,388.80352783203125,48.59878158569336,103.82510375976562
2023-04-26,161.13392639160156,104.9800033569336,147.1441650390625,125.10553741455078,57.39792251586914,287.372314453125,387.15673828125,48.38716506958008,102.87167358398438
2023-04-27,165.70933532714844,109.81999969482422,147.48802185058594,126.7892837524414,57.515342712402344,296.576171875,394.8642272949219,48.537864685058594,104.101318359375
2023-04-28,166.958984375,105.44999694824219,148.1213836669922,127.89018249511719,57.93983840942383,298.9403381347656,398.2345275878906,48.40640640258789,105.44680786132812
2023-05-01,166.8704071044922,102.05000305175781,148.03091430664062,130.6285858154297,58.0753173828125,297.2864074707031,397.8323669433594,48.60519790649414,102.1766586303711
2023-05-02,165.83729553222656,103.62999725341797,149.3248291015625,128.519287109375,57.81339645385742,297.1404724121094,393.3611145019531,48.473731994628906,98.10456085205078
2023-05-03,164.76473999023438,103.6500015258789,147.37039184570312,125.79937744140625,57.48823928833008,296.1578369140625,390.6610107421875,48.294185638427734,96.17098999023438
2023-05-04,163.13136291503906,104.0,146.7008056640625,124.07865905761719,57.55146408081055,297.1404724121094,387.8940124511719,48.42935562133789,94.48690032958984
2023-05-05,170.78660583496094,105.66000366210938,147.19847106933594,126.50250244140625,57.822418212890625,302.23858642578125,395.0749206542969,48.8477783203125,96.83927154541016
2023-05-08,170.71771240234375,105.83000183105469,146.86366271972656,126.80782318115234,57.732093811035156,300.2927551269531,395.1802673339844,49.15353012084961,97.22240447998047
2023-05-09,169.0154571533203,106.62000274658203,145.7235870361328,126.19721221923828,57.25340270996094,298.6874084472656,393.4472351074219,49.237213134765625,97.24915313720703
2023-05-10,170.7767791748047,110.19000244140625,146.2664794921875,126.26199340820312,57.35275650024414,303.8536376953125,395.2855224609375,49.09881591796875,96.00167846679688
2023-05-11,170.9636993408203,112.18000030517578,145.66929626464844,125.8641586303711,57.67790985107422,301.7131652832031,394.5962219238281,49.28227615356445,94.2641372680664
2023-05-12,170.0375213623047,110.26000213623047,145.47926330566406,124.06016540527344,57.90370178222656,300.6040344238281,394.07916259765625,49.26618576049805,94.25521087646484
2023-05-15,169.54483032226562,111.19999694824219,144.3663330078125,125.10553741455078,57.75016403198242,301.0807800292969,395.4386901855469,48.8831787109375,94.43497467041016
2023-05-16,169.54483032226562,113.4000015258789,144.1763153076172,124.263671875,57.09986114501953,303.29901123046875,392.79620361328125,48.207279205322266,92.14309692382812
2023-05-17,170.15573120117188,115.5,143.85960388183594,128.08447265625,57.03664779663086,306.16571044921875,397.5643005371094,48.12682342529297,94.21028137207031
2023-05-18,172.48110961914062,118.1500015258789,143.39813232421875,129.05584716796875,56.720523834228516,310.5729064941406,401.3941345214844,48.75121307373047,95.06412506103516
2023-05-19,172.58950805664062,116.25,143.78721618652344,128.7598419189453,56.747615814208984,310.3974609375,400.8100891113281,48.24912643432617,95.5045394897461
2023-05-22,171.64356994628906,115.01000213623047,143.0123291015625,127.6959457397461,55.5554084777832,313.1665954589844,400.97283935546875,47.82427215576172,94.3451156616211
2023-05-23,169.04232788085938,114.98999786376953,142.95762634277344,126.36373138427734,55.456058502197266,307.3942565917969,396.47283935546875,47.73415756225586,95.63035583496094
2023-05-24,169.31820678710938,116.75,142.8208770751953,125.20732879638672,54.98639678955078,306.0194396972656,393.6004333496094,47.515296936035156,96.69989776611328
2023-05-25,170.4513397216797,115.0,140.76962280273438,125.51260375976562,54.561893463134766,317.788330078125,397.00897216796875,47.042171478271484,94.96527099609375
2023-05-26,172.85556030273438,120.11000061035156,140.71495056152344,126.68753814697266,54.426414489746094,324.58441162109375,402.15057373046875,47.1258544921875,94.3451156616211
2023-05-30,174.69808959960938,121.66000366210938,140.73316955566406,127.16859436035156,53.992881774902344,322.9462890625,402.3037109375,47.00999450683594,93.50923156738281
2023-05-31,174.6488494873047,120.58000183105469,141.3622283935547,125.54962921142578,53.88449478149414,320.1966857910156,400.0728759765625,47.27069091796875,91.83749389648438
2023-06-01,177.4471435546875,122.7699966430664,140.8881378173828,127.27961730957031,54.191585540771484,324.2821044921875,403.8739318847656,47.444488525390625,92.89805603027344
2023-06-02,178.29452514648438,124.25,143.1034698486328,129.9532470703125,55.239280700683594,327.0317687988281,409.71435546875,47.89830017089844,95.05513000488281
2023-06-05,176.9446258544922,125.30000305175781,144.33419799804688,128.6765594482422,54.86897659301758,327.5583190917969,408.9293518066406,48.21372604370117,94.63272094726562
2023-06-06,176.58004760742188,126.61000061035156,144.2066192626953,128.9078369140625,54.47157669067383,325.3547058105469,409.81976318359375,48.207279205322266,95.4056625366211
2023-06-07,175.21044921875,121.2300033569336,144.51657104492188,130.15676879882812,54.39029312133789,315.3116760253906,408.4027404785156,48.278099060058594,97.54476928710938
2023-06-08,177.9201202392578,124.25,146.1028594970703,130.1937713623047,54.525760650634766,317.1447448730469,410.87298583984375,48.97650909423828,97.23917388916016
2023-06-09,178.30438232421875,123.43000030517578,145.87490844726562,130.4528045654297,54.616085052490234,318.6365966796875,411.61016845703125,49.272621154785156,96.5201416015625
2023-06-12,181.09286499023438,126.56999969482422,145.774658203125,130.44354248046875,54.381248474121094,323.5704040527344,415.3442687988281,49.59770202636719,95.6483154296875
2023-06-13,180.6199188232422,126.66000366210938,146.5404510498047,131.38720703125,54.598026275634766,325.94952392578125,418.08258056640625,49.983917236328125,95.66631317138672
2023-06-14,181.25048828125,126.41999816894531,147.28802490234375,130.89688110351562,54.96833419799805,328.92340087890625,418.5804138183594,50.489227294921875,94.51587677001953
2023-06-15,183.28025817871094,127.11000061035156,149.26634216308594,132.37709045410156,55.72368621826172,339.4149169921875,423.7698974609375,50.766021728515625,95.17198944091797
2023-06-16,182.2062530517578,125.48999786376953,149.72210693359375,132.5343780517578,56.12411880493164,333.78875732421875,422.326416015625,50.05794143676758,94.48889923095703
2023-06-20,182.29493713378906,125.77999877929688,149.63099670410156,131.8590087890625,55.75099563598633,329.6156311035156,420.13525390625,49.617000579833984,92.32284545898438
2023-06-21,181.26036071777344,124.83000183105469,149.403076171875,131.66473388671875,55.90570831298828,325.2377014160156,417.98260498046875,49.71355438232422,93.35645294189453
2023-06-22,184.25575256347656,130.14999389648438,150.98934936523438,129.12986755371094,56.28793716430664,331.23419189453125,419.4914245605469,50.12874984741211,92.8441390991211
2023-06-23,183.9404296875,129.3300018310547,150.86172485351562,128.45452880859375,55.69639587402344,326.6612243652344,416.3200988769531,50.03540802001953,92.03524017333984
2023-06-26,182.55116271972656,127.33000183105469,149.17515563964844,128.76905822753906,55.714595794677734,320.4014587402344,414.6191101074219,49.90345001220703,93.73393249511719
2023-06-27,185.3001708984375,129.17999267578125,148.8651580810547,128.77830505371094,55.59627914428711,326.2225036621094,419.1647033691406,49.723209381103516,93.96761322021484
2023-06-28,186.4727325439453,129.0399932861328,148.5643310546875,128.21400451660156,55.07754135131836,327.4705810546875,419.3761291503906,49.99357223510742,94.73158264160156
2023-06-29,186.80772399902344,127.9000015258789,149.60360717773438,132.69163513183594,54.62250518798828,326.6905517578125,421.029052734375,49.65562438964844,95.89997863769531
2023-06-30,191.12344360351562,130.36000061035156,150.89817810058594,134.55113220214844,54.80452346801758,332.0435485839844,425.9974670410156,50.58899688720703,96.39433288574219
2023-07-03,189.63565063476562,130.22000122070312,148.91989135742188,135.63356018066406,55.13215255737305,329.5570983886719,426.48760986328125,50.91729736328125,96.58306121826172
2023-07-05,188.52220153808594,130.3800048828125,148.4275665283203,134.73001098632812,55.54166793823242,329.713134765625,425.8533630371094,50.888328552246094,96.08875274658203
2023-07-06,188.99513244628906,128.36000061035156,147.32447814941406,133.3979949951172,55.11394119262695,332.7552490234375,422.5186462402344,50.56646728515625,92.50259399414062
2023-07-07,187.88174438476562,129.77999877929688,145.1820831298828,134.45057678222656,54.38588333129883,328.8063659667969,421.4518737792969,49.401363372802734,92.71831512451172
2023-07-10,185.84210205078125,127.12999725341797,145.41909790039062,135.20504760742188,53.976348876953125,323.55078125,422.5186462402344,49.8487434387207,94.09344482421875
2023-07-11,185.31991577148438,128.77999877929688,144.6168670654297,137.3195037841797,54.1674690246582,324.1748352050781,425.20947265625,49.77470779418945,95.24390411376953
2023-07-12,186.98507690429688,130.8000030517578,144.1154327392578,137.99954223632812,54.45868682861328,328.786865234375,428.6306457519531,49.900230407714844,95.71125030517578
2023-07-13,187.7437744140625,134.3000030517578,144.78094482421875,138.6702117919922,54.92282485961914,334.11065673828125,432.03265380859375,49.60735321044922,93.95863342285156
2023-07-14,187.89158630371094,134.67999267578125,145.74728393554688,139.50851440429688,55.423362731933594,336.6262512207031,431.7635803222656,49.777923583984375,90.72301483154297
2023-07-17,191.1431427001953,133.55999755859375,145.01795959472656,142.87120056152344,55.341461181640625,337.10406494140625,433.26275634765625,49.83908462524414,91.11846160888672
2023-07-18,190.88697814941406,132.8300018310547,145.0088653564453,143.1320343017578,55.123043060302734,350.5207214355469,436.48211669921875,49.748958587646484,90.70504760742188
2023-07-19,192.23687744140625,135.36000061035156,144.7171173095703,143.68154907226562,56.09682083129883,346.22076416015625,437.45281982421875,49.76506042480469,91.33418273925781
2023-07-20,190.29579162597656,129.9600067138672,153.5055389404297,145.45138549804688,56.77937316894531,338.2156066894531,434.5505065917969,50.68555450439453,92.94300842285156
2023-07-21,189.12326049804688,130.0,155.15565490722656,144.33358764648438,56.824867248535156,335.1929016113281,434.5505065917969,50.97201156616211,93.37442779541016
2023-07-24,189.9213409423828,128.8000030517578,155.96702575683594,147.17462158203125,56.84307861328125,336.4994812011719,436.49176025390625,51.271324157714844,94.83942413330078
2023-07-25,190.778564453125,129.1300048828125,157.1613006591797,146.07550048828125,56.65196228027344,342.2230529785156,437.6833801269531,51.229488372802734,94.98322296142578
2023-07-26,191.64569091796875,128.14999389648438,157.46214294433594,146.9510955810547,57.38002014160156,329.34259033203125,437.75067138671875,51.4129524230957,94.45295715332031
2023-07-27,190.38446044921875,128.25,158.34646606445312,145.330322265625,56.824867248535156,322.4685363769531,434.8484802246094,51.22627258300781,94.74954986572266
2023-07-28,192.95611572265625,132.2100067138672,159.06666564941406,146.15933227539062,56.86127853393555,329.9276123046875,439.105712890625,51.46766662597656,93.61709594726562
2023-07-31,193.5670623779297,133.67999267578125,152.7306365966797,147.1374053955078,56.36074447631836,327.538818359375,439.94183349609375,51.451576232910156,96.38534545898438
2023-08-01,192.73941040039062,131.69000244140625,153.97047424316406,146.41082763671875,56.21512985229492,327.94830322265625,438.68292236328125,51.210182189941406,95.82807922363281
2023-08-02,189.75387573242188,128.2100067138672,154.90037536621094,144.75279235839844,56.38804244995117,319.3288879394531,432.5804138183594,51.245574951171875,94.63272094726562
2023-08-03,188.36453247070312,128.91000366210938,155.5658721923828,145.63771057128906,56.09682083129883,318.50982666015625,431.34075927734375,51.25845718383789,96.27749633789062
2023-08-04,179.31924438476562,139.57000732421875,154.10720825195312,145.330322265625,55.250450134277344,319.6019287109375,429.3898620605469,50.96235275268555,96.54711151123047
2023-08-07,176.225341796875,142.22000122070312,157.80859375,146.0196075439453,55.687286376953125,321.8737487792969,433.1377868652344,51.65433883666992,96.34938049316406
2023-08-08,177.161376953125,139.94000244140625,157.88153076171875,145.1999053955078,55.44156265258789,317.9150390625,431.25421142578125,51.70582962036133,96.82575225830078
2023-08-09,175.57505798339844,137.85000610351562,157.78126525878906,143.2530975341797,55.56898498535156,314.19036865234375,428.37115478515625,51.789520263671875,98.47049713134766
2023-08-10,175.35826110839844,138.55999755859375,156.9607696533203,143.0388641357422,55.44156265258789,314.8728942871094,428.52490234375,51.763671875,98.97382354736328
2023-08-11,175.41744995117188,138.41000366210938,158.49232482910156,143.86788940429688,55.6690788269043,313.0008239746094,428.27508544921875,52.067298889160156,100.51073455810547
2023-08-14,177.065185546875,140.57000732421875,158.1185760498047,144.16595458984375,55.40516662597656,315.9552307128906,430.63916015625,51.67970275878906,100.59162902832031
2023-08-15,175.0819854736328,137.6699981689453,157.66270446777344,140.49588012695312,55.03203582763672,313.8295593261719,425.6227111816406,51.41484069824219,98.00910949707031
2023-08-16,174.2137451171875,135.07000732421875,157.1613006591797,139.89974975585938,55.041133880615234,313.0674133300781,422.4994201660156,51.440670013427734,96.35991668701172
2023-08-17,171.6780548095703,133.97999572753906,158.63819885253906,138.44662475585938,55.159446716308594,309.6279296875,419.2799987792969,50.287574768066406,98.2265853881836
2023-08-18,172.16151428222656,133.22000122070312,157.2524871826172,138.76332092285156,55.468875885009766,309.2371826171875,419.4818115234375,51.0110969543457,99.7126693725586
2023-08-21,173.4934844970703,134.67999267578125,152.56651306152344,139.2384033203125,54.995628356933594,314.51361083984375,422.21112060546875,50.87542724609375,98.50749206542969
2023-08-22,174.8649444580078,134.25,151.35401916503906,136.35081481933594,54.658905029296875,315.080322265625,421.06744384765625,50.71394348144531,97.95472717285156
2023-08-23,178.70303344726562,135.52000427246094,149.9956512451172,137.27294921875,54.85002136230469,319.51641845703125,425.75726318359375,51.066001892089844,97.0938949584961
2023-08-24,174.02630615234375,131.83999633789062,150.50616455078125,137.14256286621094,54.70441818237305,312.6473083496094,419.85662841796875,50.6751708984375,96.36897277832031
2023-08-25,176.2265167236328,133.25999450683594,152.66412353515625,136.97488403320312,54.959228515625,315.5884094238281,422.8165283203125,50.97556686401367,98.09066772460938
2023-08-28,177.785400390625,133.13999938964844,150.86431884765625,137.44992065429688,55.11394119262695,316.29193115234375,425.49774169921875,51.266258239746094,98.91526794433594
2023-08-29,181.66297912597656,134.91000366210938,150.8826446533203,138.56771850585938,55.05934143066406,320.8941345214844,431.64825439453125,51.69584274291992,99.50424194335938
2023-08-30,185.1458740234375,135.07000732421875,150.35006713867188,138.00885009765625,55.03203582763672,321.265380859375,433.4261169433594,52.067298889160156,100.47383117675781
2023-08-31,185.3629608154297,138.00999450683594,148.4675750732422,136.30422973632812,54.4495964050293,320.25897216796875,432.7918395996094,52.5227165222168,100.75473022460938
2023-09-01,186.93173217773438,138.1199951171875,147.3656463623047,136.76063537597656,53.976348876953125,321.1384582519531,433.5990905761719,52.186805725097656,102.8660659790039
2023-09-05,187.16851806640625,137.27000427246094,147.54930114746094,135.25161743164062,53.530418395996094,325.91644287109375,431.72515869140625,51.766902923583984,102.87512969970703
2023-09-06,180.46914672851562,135.36000061035156,145.0974884033203,135.02810668945312,53.49401092529297,325.2618713378906,428.8228454589844,52.15450668334961,103.76314544677734
2023-09-07,175.19053649902344,137.85000610351562,146.9524383544922,133.873046875,53.084476470947266,322.35986328125,427.5063171386719,52.80050277709961,103.25570678710938
2023-09-08,175.80224609375,138.22999572753906,147.43910217285156,133.9755096435547,53.084476470947266,326.6200256347656,428.1501770019531,52.897403717041016,104.7599105834961
2023-09-11,176.96653747558594,143.10000610351562,149.36752319335938,134.56234741210938,53.585025787353516,330.2060546875,430.96588134765625,53.081504821777344,103.44600677490234
2023-09-12,173.94732666015625,141.22999572753906,150.21231079101562,136.31353759765625,53.05718231201172,324.1772766113281,428.6018371582031,53.139644622802734,106.4634780883789
2023-09-13,171.88525390625,144.85000610351562,150.5888214111328,136.3787384033203,53.184593200683594,328.3690490722656,429.1015625,53.1525764465332,105.51201629638672
2023-09-14,173.3948211669922,144.72000122070312,150.35926818847656,139.02415466308594,53.6248893737793,330.94866943359375,432.80145263671875,53.37543487548828,107.39680480957031
2023-09-15,172.674560546875,140.38999938964844,148.25637817382812,138.6143035888672,53.14789962768555,322.6627197265625,427.5869445800781,53.17841339111328,105.74760437011719
2023-09-18,175.5950469970703,139.97999572753906,149.19300842285156,138.90306091308594,53.47812271118164,321.5292663574219,427.8376770019531,52.78434371948242,106.59940338134766
2023-09-19,176.68035888671875,137.6300048828125,148.94508361816406,138.72605895996094,53.36804962158203,321.12860107421875,426.9504089355469,52.77143478393555,106.31848907470703
2023-09-20,173.14817810058594,135.2899932861328,149.59706115722656,138.1392364501953,53.60654830932617,313.428955078125,423.0252990722656,52.94261932373047,105.47578430175781
2023-09-21,171.6089630126953,129.3300018310547,148.44921875,137.05873107910156,52.780982971191406,312.2174072265625,416.03338623046875,52.29985427856445,103.98969268798828
2023-09-22,172.45745849609375,129.1199951171875,147.38401794433594,135.74533081054688,52.83601760864258,309.7550964355469,415.0979919433594,52.43874740600586,104.15279388427734
2023-09-25,173.73028564453125,131.27000427246094,147.1636199951172,136.416015625,52.28564453125,310.2729187011719,416.843505859375,52.671302795410156,105.32174682617188
2023-09-26,169.66526794433594,125.9800033569336,146.0249786376953,135.0001220703125,51.854515075683594,304.9964904785156,410.7195739746094,52.4871940612793,105.4848403930664
2023-09-27,168.15567016601562,125.9800033569336,144.27105712890625,135.79188537597656,51.32248306274414,305.63165283203125,410.88348388671875,52.23524475097656,108.91914367675781
2023-09-28,168.41221618652344,125.9800033569336,144.05984497070312,137.4779052734375,51.19407272338867,306.4621887207031,413.2655029296875,52.5001106262207,108.25764465332031
2023-09-29,168.92529296875,127.12000274658203,143.02220153808594,135.08396911621094,51.350013732910156,308.5238952636719,412.2626037597656,51.65708541870117,106.54502868652344
2023-10-02,171.43138122558594,129.4600067138672,142.47122192382812,133.9196014404297,50.891357421875,314.4353942871094,412.0986633300781,51.71200180053711,104.77803039550781
2023-10-03,170.09939575195312,124.72000122070312,142.6456756591797,132.9322509765625,50.34098815917969,306.2178955078125,406.5823059082031,51.385772705078125,104.95926666259766
2023-10-04,171.34255981445312,127.0,142.81097412109375,133.52841186523438,50.48775100708008,311.660400390625,409.5429992675781,52.0026969909668,101.03563690185547
2023-10-05,172.57586669921875,125.95999908447266,144.298583984375,134.09140014648438,48.04776382446289,312.0512390136719,409.3885803222656,51.382545471191406,98.76119995117188
2023-10-06,175.12147521972656,127.95999908447266,144.7577362060547,136.15582275390625,48.744903564453125,319.7705078125,414.249267578125,50.5201301574707,97.11201477050781
2023-10-09,176.60145568847656,128.25999450683594,145.58416748046875,135.84613037109375,48.50640106201172,322.2718200683594,416.9013977050781,50.336021423339844,100.51007080078125
2023-10-10,176.00949096679688,129.47999572753906,145.4189453125,136.67193603515625,49.56128692626953,320.8746032714844,419.07122802734375,50.904502868652344,100.08418273925781
2023-10-11,177.40061950683594,131.8300018310547,143.41705322265625,137.1410675048828,49.26774978637695,324.8123779296875,420.78790283203125,51.10798645019531,96.49584197998047
2023-10-12,178.29849243164062,132.3300018310547,143.5548095703125,136.82203674316406,48.442195892333984,323.5812072753906,418.22259521484375,51.34054946899414,96.47772979736328
2023-10-13,176.46336364746094,129.7899932861328,144.0323028564453,138.8770294189453,48.51557159423828,320.2297058105469,416.13946533203125,51.624786376953125,99.5586166381836
2023-10-16,176.33505249023438,132.5500030517578,144.65672302246094,138.7362823486328,49.01091003417969,325.02734375,420.5179138183594,52.070533752441406,99.63111114501953
2023-10-17,174.78598022460938,131.47000122070312,143.3343963623047,138.43601989746094,49.59797286987305,324.46063232421875,420.4985656738281,52.13835525512695,100.93597412109375
2023-10-18,173.4934844970703,128.1300048828125,140.24896240234375,136.91590881347656,49.57963562011719,322.5552673339844,414.8953552246094,52.17711639404297,102.34955596923828
2023-10-19,173.1185760498047,128.39999389648438,139.8725128173828,136.33409118652344,49.85481643676758,323.737548828125,411.2499694824219,51.928409576416016,102.41300201416016
2023-10-20,170.57298278808594,125.16999816894531,140.4969024658203,134.13832092285156,50.05662536621094,319.19403076171875,406.19647216796875,51.2791748046875,100.65505981445312
2023-10-23,170.69139099121094,126.55999755859375,139.0184783935547,132.3085174560547,49.607154846191406,321.7833251953125,405.492431640625,52.00593185424805,99.17803955078125
2023-10-24,171.12550354003906,128.55999755859375,138.87158203125,132.4680633544922,51.038124084472656,322.9656066894531,408.54962158203125,52.72944259643555,98.21751403808594
2023-10-25,168.8167266845703,121.38999938964844,139.1837921142578,131.74551391601562,51.47842788696289,332.87359619140625,402.68609619140625,52.571170806884766,98.39875030517578
2023-10-26,164.66290283203125,119.56999969482422,136.8237762451172,132.0833282470703,51.16654968261719,320.3860778808594,397.8640441894531,52.25140380859375,97.50165557861328
2023-10-27,165.97515869140625,127.73999786376953,133.70164489746094,127.32584381103516,50.67121124267578,322.26214599609375,396.0606689453125,52.05760192871094,95.64405059814453
2023-10-30,168.0175323486328,132.7100067138672,135.01478576660156,128.94921875,51.50594711303711,329.5904541015625,400.7958068847656,52.6551513671875,95.94307708740234
2023-10-31,168.4911346435547,133.08999633789062,136.21771240234375,130.4881134033203,51.81782150268555,330.37213134765625,403.31292724609375,52.781124114990234,95.91590118408203
2023-11-01,171.6484375,137.0,136.5391387939453,130.37551879882812,51.7719612121582,338.14996337890625,407.6141357421875,53.25270080566406,95.7256088256836
2023-11-02,175.20040893554688,138.07000732421875,137.96246337890625,132.70265197753906,52.368202209472656,340.3485107421875,415.4259033203125,53.462650299072266,98.86994934082031
2023-11-03,174.2926483154297,138.60000610351562,138.97254943847656,134.1852569580078,52.04715347290039,344.7259826660156,419.2159423828125,53.18486785888672,97.66475677490234
2023-11-06,176.83822631835938,139.74000549316406,139.30316162109375,135.19866943359375,52.25812530517578,348.37060546875,420.1802978515625,53.255924224853516,95.93401336669922
2023-11-07,179.3936767578125,142.7100067138672,138.56851196289062,135.13299560546875,52.45075988769531,352.279052734375,421.37615966796875,53.504638671875,94.42980194091797
2023-11-08,180.44940185546875,142.0800018310547,138.06349182128906,135.79922485351562,52.368202209472656,354.887939453125,421.6847839355469,53.0685920715332,93.26993560791016
2023-11-09,179.97579956054688,140.60000610351562,135.37290954589844,135.39572143554688,51.9737663269043,352.4354553222656,418.3961181640625,52.94584655761719,93.297119140625
2023-11-10,184.15484619140625,143.55999755859375,135.21678161621094,137.40379333496094,52.02880096435547,361.20989990234375,424.9251708984375,53.67906951904297,94.01297760009766
2023-11-13,182.57412719726562,142.58999633789062,135.5657501220703,136.7938690185547,52.221431732177734,358.2882995605469,424.5201416015625,54.16032791137695,95.00068664550781
2023-11-14,185.182373046875,145.8000030517578,135.5933074951172,139.28994750976562,52.37737274169922,361.7962341308594,432.7561340332031,54.15062713623047,95.366455078125
2023-11-15,185.74545288085938,143.1999969482422,136.64016723632812,140.50978088378906,52.478275299072266,361.9430236816406,433.67230224609375,54.838623046875,94.79036712646484
2023-11-16,187.4250030517578,142.8300018310547,137.83392333984375,142.1143798828125,52.42323684692383,368.3071594238281,434.2027587890625,50.40061950683594,93.69305419921875
2023-11-17,187.4052276611328,145.17999267578125,137.54922485351562,143.39991760253906,52.52413558959961,362.1192932128906,434.7427673339844,50.17774963378906,95.97913360595703
2023-11-20,189.14404296875,146.1300048828125,138.76182556152344,143.84092712402344,52.65256118774414,369.55059814453125,438.08929443359375,50.1616096496582,95.55850219726562
2023-11-21,188.34381103515625,143.89999389648438,139.88182067871094,143.5406951904297,53.2304573059082,365.2720031738281,437.1344909667969,50.34248352050781,95.52191925048828
2023-11-22,189.00570678710938,146.7100067138672,139.60415649414062,143.87850952148438,53.58819580078125,369.9520568847656,438.82220458984375,49.9581184387207,95.11042785644531
2023-11-24,187.68185424804688,146.74000549316406,141.15919494628906,144.07554626464844,53.725791931152344,369.54083251953125,439.0922546386719,50.40708541870117,95.62249755859375
2023-11-27,187.50401306152344,147.72999572753906,140.02993774414062,143.7471160888672,53.6248893737793,370.6961669921875,438.30145263671875,50.636409759521484,95.06470489501953
2023-11-28,188.106689453125,147.02999877929688,140.35391235351562,144.07554626464844,53.734962463378906,374.7006530761719,438.73541259765625,51.24041748046875,95.00984954833984
2023-11-29,187.0890655517578,146.32000732421875,140.79820251464844,144.80746459960938,53.413917541503906,370.93115234375,438.4267578125,50.41353988647461,93.58330535888672
2023-11-30,187.66207885742188,146.08999633789062,143.1585693359375,146.458984375,54.033390045166016,370.9898681640625,440.153076171875,50.287574768066406,93.9490966796875
2023-12-01,188.9365692138672,147.02999877929688,146.60195922851562,147.17210388183594,54.21830368041992,366.681884765625,442.75701904296875,49.851524353027344,94.17770385742188
2023-12-04,187.14837646484375,144.83999633789062,147.0647735595703,148.251220703125,54.15358352661133,361.42413330078125,440.4327697753906,49.83860397338867,93.6656265258789
2023-12-05,191.09033203125,146.8800048828125,146.75930786132812,148.2324981689453,54.2368049621582,364.7333984375,440.34600830078125,50.300498962402344,91.84588623046875
2023-12-06,190.00357055664062,144.52000427246094,144.9728546142578,146.67478942871094,54.18132781982422,361.0911560058594,438.5715026855469,49.7546272277832,90.62969207763672
2023-12-07,191.9300537109375,146.8800048828125,143.8435516357422,147.12521362304688,54.310768127441406,363.1962890625,441.91790771484375,49.427188873291016,89.99873352050781
2023-12-08,193.3527374267578,147.4199981689453,142.93641662597656,148.74856567382812,54.19057846069336,366.40771484375,443.8178405761719,48.908470153808594,91.03203582763672
2023-12-11,190.85321044921875,145.88999938964844,143.5288543701172,149.29283142089844,54.58815383911133,363.5389404296875,445.5440979003906,49.03166580200195,91.09605407714844
2023-12-12,192.36477661132812,147.47999572753906,143.53807067871094,150.62527465820312,54.939491271972656,366.5545654296875,447.57904052734375,49.07057189941406,89.66039276123047
2023-12-13,195.5756072998047,148.83999633789062,144.2045440673828,151.13198852539062,55.411041259765625,366.5447998046875,453.7511291503906,49.94266128540039,90.45594024658203
2023-12-14,195.72381591796875,147.4199981689453,145.20423889160156,153.8813934326172,54.58815383911133,358.2811584472656,455.2074279785156,49.333168029785156,92.88835906982422
2023-12-15,195.19032287597656,149.97000122070312,143.62139892578125,155.04495239257812,54.18132781982422,362.9808349609375,454.4579162597656,49.51795959472656,92.26653289794922
2023-12-18,193.53057861328125,154.07000732421875,143.8805694580078,155.98329162597656,54.56965637207031,364.8607482910156,457.0142822265625,50.24092102050781,92.9523696899414
2023-12-19,194.56790161132812,153.7899932861328,144.82472229003906,158.06646728515625,54.39398193359375,365.4579772949219,459.7933654785156,50.4224739074707,94.17770385742188
2023-12-20,192.48330688476562,152.1199951171875,141.87196350097656,156.28359985351562,53.2659797668457,362.8731689453125,453.42181396484375,49.832435607910156,92.6048583984375
2023-12-21,192.33511352539062,153.83999633789062,143.3251953125,157.17503356933594,53.61732864379883,365.73211669921875,457.7211608886719,50.185813903808594,93.0255126953125
2023-12-22,191.2681427001953,153.4199981689453,143.89910888671875,157.08120727539062,53.92244338989258,366.7503662109375,458.6410217285156,50.785579681396484,93.19010162353516
2023-12-26,190.72474670410156,153.41000366210938,144.52853393554688,158.01014709472656,54.14434814453125,366.8287353515625,460.5776672363281,50.707763671875,93.40042877197266
2023-12-27,190.8235321044922,153.33999633789062,144.72291564941406,158.95790100097656,54.28302764892578,366.2510681152344,461.410400390625,51.18434524536133,92.96151733398438
2023-12-28,191.2483367919922,153.3800048828125,144.935791015625,159.80242919921875,54.320011138916016,367.43572998046875,461.5846862792969,51.083839416503906,91.6172866821289
2023-12-29,190.21099853515625,151.94000244140625,145.08389282226562,159.61474609375,54.48644256591797,368.17987060546875,460.24847412109375,51.10977554321289,91.42525482177734
2024-01-02,183.4039764404297,149.92999267578125,148.07369995117188,161.4727020263672,55.30933380126953,363.1178894042969,457.6727294921875,51.64146041870117,93.60160827636719
2024-01-03,182.03077697753906,148.47000122070312,148.99935913085938,160.76895141601562,55.438777923583984,362.85357666015625,453.93499755859375,51.64470291137695,94.38802337646484
2024-01-04,179.71896362304688,144.57000732421875,148.6846160888672,161.8358154296875,55.253849029541016,360.2491760253906,452.47283935546875,51.14543914794922,93.56502532958984
2024-01-05,178.9977264404297,145.24000549316406,149.14743041992188,162.64781188964844,55.17064666748047,360.0631103515625,453.09259033203125,50.80502700805664,93.84849548339844
2024-01-08,183.32496643066406,149.10000610351562,149.51766967773438,162.41175842285156,55.57747268676758,366.8581237792969,459.5609436035156,51.304290771484375,92.28482818603516
2024-01-09,182.91004943847656,151.3699951171875,149.61026000976562,161.1277313232422,55.475765228271484,367.93511962890625,458.8637390136719,51.647945404052734,91.14176940917969
2024-01-10,183.9473876953125,153.72999572753906,149.83238220214844,161.4676055908203,55.66068649291992,374.7691955566406,461.4588623046875,52.289859771728516,90.24563598632812
2024-01-11,183.35462951660156,155.17999267578125,149.1659393310547,160.78782653808594,55.30009841918945,376.5903015136719,461.2554931640625,52.231510162353516,90.22734069824219
2024-01-12,183.68063354492188,154.6199951171875,150.313720703125,159.60763549804688,55.83635330200195,380.35003662109375,461.57501220703125,52.29957962036133,91.39781188964844
2024-01-16,181.418212890625,153.16000366210938,148.58279418945312,158.6068572998047,55.466514587402344,382.1123962402344,459.8804016113281,52.46492004394531,89.33119201660156
2024-01-17,180.47964477539062,151.7100067138672,148.4994659423828,157.75714111328125,55.466514587402344,381.32916259765625,457.3241882324219,52.21853256225586,88.68195343017578
2024-01-18,186.35801696777344,153.5,149.2214813232422,158.06869506835938,55.62369918823242,385.6371765136719,461.3910217285156,52.92204284667969,88.51734924316406
2024-01-19,189.252685546875,155.33999633789062,149.65652465820312,160.79727172851562,55.318580627441406,390.33685302734375,467.1427917480469,52.64323043823242,88.65451049804688
2024-01-22,191.5546417236328,154.77999877929688,150.38775634765625,160.6084442138672,55.07818603515625,388.2220153808594,468.1305236816406,52.64647674560547,88.53562927246094
2024-01-23,192.82908630371094,156.02000427246094,147.92562866210938,159.55101013183594,55.337066650390625,390.5620422363281,469.4958190917969,52.77939224243164,89.53237915039062
2024-01-24,192.1572723388672,156.8699951171875,147.13882446289062,160.9766387939453,54.467952728271484,394.1455078125,470.009033203125,52.03373718261719,91.07775115966797
2024-01-25,191.8312530517578,157.75,147.69419860839844,163.28036499023438,54.699100494384766,396.4072570800781,472.5653381347656,52.792354583740234,93.39127349853516
2024-01-26,190.10235595703125,159.1199951171875,147.63865661621094,162.65724182128906,54.89326477050781,395.4868469238281,471.9649963378906,53.255958557128906,94.18684387207031
2024-01-29,189.420654296875,161.25999450683594,147.50904846191406,163.0821075439453,55.22611618041992,401.1558532714844,475.7027282714844,53.50559616088867,94.30570983886719
2024-01-30,185.7751007080078,159.0,146.96295166015625,166.4243621826172,55.383304595947266,400.04949951171875,475.334716796875,53.683902740478516,95.87854766845703
2024-01-31,182.17893981933594,155.1999969482422,147.083251953125,164.62103271484375,55.00422286987305,389.2696228027344,467.5785217285156,53.57367706298828,94.01309204101562
2024-02-01,184.60928344726562,159.27999877929688,146.5834503173828,164.02621459960938,56.38186264038086,395.3399963378906,473.69830322265625,54.56572341918945,93.6290283203125
2024-02-02,183.61148071289062,171.80999755859375,144.96359252929688,164.9704132080078,55.975040435791016,402.6244812011719,478.6851501464844,54.97421646118164,93.2449722290039
2024-02-05,185.41944885253906,170.30999755859375,144.21380615234375,164.75323486328125,55.51274871826172,397.17095947265625,476.94207763671875,54.67919158935547,92.86091613769531
2024-02-06,187.01991271972656,169.14999389648438,146.3057403564453,165.31971740722656,55.42028045654297,397.0142822265625,478.32684326171875,55.05202102661133,93.50101470947266
2024-02-07,187.12860107421875,170.52999877929688,146.23167419433594,165.6312713623047,55.466514587402344,405.3953857421875,482.3162841796875,54.91261672973633,93.47357940673828
2024-02-08,186.0517120361328,169.83999633789062,144.76918029785156,165.03646850585938,55.318580627441406,405.4541015625,482.529296875,54.90938186645508,95.0738525390625
2024-02-09,186.81344604492188,174.4499969482422,145.10238647460938,165.23472595214844,55.06893539428711,411.7594909667969,485.31805419921875,54.88019943237305,93.06208801269531
2024-02-12,185.1317596435547,172.33999633789062,146.111328125,165.97116088867188,55.198387145996094,406.580078125,485.1050109863281,55.21087646484375,94.34230041503906
2024-02-13,183.04449462890625,168.63999938964844,144.833984375,164.52664184570312,54.8747673034668,397.8270263671875,478.4236145019531,54.834808349609375,93.53009796142578
2024-02-14,182.1641082763672,170.97999572753906,144.1582794189453,166.19778442382812,54.819297790527344,401.672119140625,482.7713928222656,54.65974044799805,93.06863403320312
2024-02-15,181.87721252441406,169.8000030517578,146.17613220214844,169.82327270507812,54.92100524902344,398.79803466796875,486.1024169921875,54.88343811035156,95.73593139648438
2024-02-16,180.34396362304688,169.50999450683594,146.00827026367188,169.03021240234375,54.91176223754883,396.3457946777344,483.6816101074219,55.2303352355957,95.73593139648438
2024-02-20,179.60202026367188,167.0800018310547,147.2300567626953,169.69110107421875,56.12298583984375,395.1000061035156,481.0187683105469,57.0134162902832,94.8314437866211
2024-02-21,180.35385131835938,168.58999633789062,147.99484252929688,170.79576110839844,56.62226867675781,394.50164794921875,481.4544372558594,56.313148498535156,96.76959991455078
2024-02-22,182.38174438476562,174.5800018310547,149.64564514160156,172.84457397460938,56.53904342651367,403.79083251953125,491.4184265136719,56.867523193359375,96.6865463256836
2024-02-23,180.55169677734375,174.99000549316406,150.94204711914062,173.7131805419922,56.585289001464844,402.50592041015625,491.7573547363281,56.91615676879883,95.83744812011719
2024-02-26,179.20635986328125,174.72999572753906,149.96275329589844,173.11837768554688,56.132225036621094,399.75933837890625,489.95623779296875,57.966552734375,96.21583557128906
2024-02-27,180.6605224609375,173.5399932861328,150.1399383544922,173.20333862304688,55.790122985839844,399.7005615234375,490.8664245605469,57.95682907104492,96.01280212402344
2024-02-28,179.4635467529297,173.16000366210938,150.6715850830078,174.08140563964844,55.84560012817383,399.9359130859375,490.21771240234375,57.98600387573242,96.28044891357422
2024-02-29,178.80076599121094,176.75999450683594,150.51303100585938,175.6675567626953,55.4942512512207,405.7428894042969,491.97998046875,57.003692626953125,96.46504211425781
2024-03-01,177.72254943847656,178.22000122070312,151.20318603515625,174.9405517578125,55.04119873046875,407.5673522949219,496.59881591796875,57.14957809448242,97.6833267211914
2024-03-04,173.21170043945312,177.5800018310547,149.07672119140625,176.2529296875,55.30009841918945,406.99847412109375,496.0662841796875,57.674774169921875,96.3173828125
2024-03-05,168.28541564941406,174.1199951171875,149.19798278808594,178.01844787597656,55.03195571899414,394.9626770019531,491.1085205078125,58.394500732421875,97.49872589111328
2024-03-06,167.29617309570312,173.50999450683594,148.6103973388672,178.94374084472656,55.059688568115234,394.4133605957031,493.59710693359375,58.909976959228516,98.5416488647461
2024-03-07,167.17750549316406,176.82000732421875,148.17202758789062,177.37644958496094,54.95798873901367,401.32879638671875,498.496826171875,58.70572280883789,99.09540557861328
2024-03-08,168.8888397216797,175.35000610351562,148.77828979492188,177.70689392089844,55.03195571899414,398.4645080566406,495.5046691894531,58.47229766845703,100.027587890625
2024-03-11,170.88705444335938,171.9600067138672,150.37313842773438,177.77297973632812,55.69766616821289,396.7970275878906,495.0786437988281,58.99750518798828,100.61824035644531
2024-03-12,171.3618621826172,175.38999938964844,151.78146362304688,179.2364044189453,55.93806457519531,407.3515319824219,500.4043884277344,59.726951599121094,99.97219848632812
2024-03-13,169.28451538085938,176.55999755859375,150.2518768310547,180.69041442871094,56.51131057739258,407.1750183105469,499.6200256347656,59.60050964355469,101.08893585205078
2024-03-14,171.13433837890625,178.75,148.48915100097656,177.47085571289062,56.385498046875,417.1017761230469,498.6322937011719,59.54976272583008,102.87943267822266
2024-03-15,170.75845336914062,174.4199981689453,147.52850341796875,179.67074584960938,55.80765914916992,408.46978759765625,495.2084655761719,59.21795654296875,102.69483947753906
2024-03-18,171.84657287597656,174.47999572753906,146.2041015625,181.89891052246094,56.04065704345703,409.3525695800781,498.1515197753906,59.39362335205078,103.6454849243164
2024-03-19,174.1811065673828,175.89999389648438,145.691162109375,182.9657745361328,56.13385772705078,413.3645324707031,500.9197998046875,59.40338134765625,104.37459564208984
2024-03-20,176.7432098388672,178.14999389648438,145.27145385742188,185.36390686035156,56.61848831176758,417.11163330078125,505.552978515625,59.77422332763672,104.28229522705078
2024-03-21,169.5219268798828,178.14999389648438,145.26214599609375,187.94140625,56.3575325012207,421.17254638671875,507.2236633300781,59.96940612792969,104.7437515258789
2024-03-22,170.422119140625,178.8699951171875,144.77716064453125,185.63771057128906,56.37617874145508,420.55462646484375,506.2621154785156,59.40338134765625,104.7437515258789
2024-03-25,169.00753784179688,179.7100067138672,144.76785278320312,183.93826293945312,56.29229736328125,414.786865234375,504.86346435546875,59.11061096191406,105.81436920166016
2024-03-26,167.8798370361328,178.3000030517578,145.28077697753906,184.79742431640625,56.422767639160156,413.5998840332031,503.93084716796875,59.052059173583984,105.02063751220703
2024-03-27,171.44100952148438,179.8300018310547,147.3233184814453,188.37576293945312,56.87944412231445,413.3841857910156,508.1659240722656,59.256996154785156,106.10968780517578
2024-03-28,169.6307373046875,180.3800048828125,147.53782653808594,189.11215209960938,57.01924514770508,412.68768310546875,508.0686950683594,58.72024154663086,107.2818374633789
2024-04-01,168.19638061523438,180.97000122070312,147.1554412841797,187.82810974121094,56.55324935913086,416.46417236328125,507.18475341796875,58.554344177246094,107.97402954101562
2024-04-02,167.01919555664062,180.69000244140625,147.1088104248047,187.75259399414062,56.05929183959961,413.3939208984375,503.9600524902344,57.73458480834961,110.0875473022461
2024-04-03,167.82046508789062,182.41000366210938,143.8724365234375,187.22389221191406,55.76105880737305,412.4228820800781,504.5137023925781,57.99807357788086,110.10601806640625
2024-04-04,166.9994354248047,180.0,142.23097229003906,185.79940795898438,55.2671012878418,409.9019775390625,498.3554992675781,58.06638717651367,110.49364471435547
2024-04-05,167.751220703125,185.07000732421875,142.12840270996094,187.50875854492188,55.46282196044922,417.3961181640625,503.5617370605469,58.40795135498047,112.0164794921875
2024-04-08,166.63340759277344,185.19000244140625,141.38226318359375,188.4868927001953,55.239139556884766,416.4837951660156,503.8434143066406,58.33964538574219,111.25967407226562
2024-04-09,167.8402557373047,185.6699981689453,142.0351104736328,187.223876953125,55.658538818359375,418.14154052734375,504.4262390136719,58.34940719604492,111.84111785888672
2024-04-10,165.9706573486328,185.9499969482422,140.08584594726562,185.62844848632812,54.912940979003906,415.1791687011719,499.3753967285156,59.159400939941406,112.78250885009766
2024-04-11,173.15234375,189.0500030517578,138.7707977294922,185.59046936035156,55.03410339355469,419.76007080078125,503.14422607421875,58.64216613769531,112.40411376953125
2024-04-12,174.6461181640625,186.1300048828125,137.58631896972656,173.5868682861328,54.316471099853516,413.8451843261719,496.19915771484375,58.69097137451172,111.09355163574219
2024-04-15,170.82769775390625,183.6199951171875,137.65159606933594,173.6818389892578,54.18598937988281,405.7428894042969,489.9826965332031,58.48602294921875,110.45671081542969
2024-04-16,167.5533905029297,183.32000732421875,134.7230682373047,171.6970977783203,54.11143493652344,406.6649169921875,489.089111328125,58.398193359375,109.54302215576172
2024-04-17,166.18826293945312,181.27999877929688,135.02151489257812,171.0133056640625,54.530826568603516,403.9772644042969,486.1945495605469,58.2127799987793,109.48763275146484
2024-04-18,165.23863220214844,179.22000122070312,135.92620849609375,172.12442016601562,54.903621673583984,396.5517578125,485.194091796875,57.8321647644043,109.3861083984375
2024-04-19,163.2206268310547,174.6300048828125,137.9500732421875,176.4453125,56.07793045043945,391.5001220703125,480.95916748046875,58.09566116333008,110.64131164550781
2024-04-22,164.0515594482422,177.22999572753906,139.07858276367188,179.8735809326172,56.432090759277344,393.304931640625,485.3883972167969,58.69097137451172,111.26890563964844
2024-04-23,165.10012817382812,179.5399932861328,139.4889373779297,182.4661407470703,56.51597213745117,399.7887878417969,491.1483154296875,57.66626739501953,111.70269012451172
2024-04-24,167.197265625,176.58999633789062,138.5283203125,183.35879516601562,57.36408615112305,401.2503356933594,490.9151916503906,58.42747116088867,111.72113800048828
2024-04-25,168.05789184570312,173.6699981689453,136.9334716796875,183.63418579101562,57.541160583496094,391.4216003417969,489.05023193359375,58.759281158447266,111.97956848144531
2024-04-26,167.4742431640625,179.6199951171875,136.29925537109375,183.7481689453125,57.541160583496094,398.5626525878906,493.6834411621094,58.71048355102539,108.86927795410156
2024-04-29,171.62896728515625,180.9600067138672,136.9334716796875,183.5487518310547,57.82075881958008,394.5703430175781,495.4317932128906,58.78855895996094,110.41980743408203
2024-04-30,168.4931640625,175.0,134.85362243652344,182.0862274169922,57.56911849975586,381.89697265625,487.58355712890625,57.92000198364258,109.1553726196289
2024-05-01,167.4742431640625,179.0,140.99986267089844,182.20021057128906,57.718238830566406,387.3998718261719,486.00030517578125,57.43205261230469,107.08802795410156
2024-05-02,171.16404724121094,184.72000122070312,139.82470703125,182.0102996826172,57.7741584777832,390.24456787109375,490.5460510253906,58.271331787109375,107.2818374633789
2024-05-03,181.4024200439453,186.2100067138672,139.21849060058594,180.91818237304688,57.94191360473633,398.8961181640625,496.6265563964844,58.3786735534668,107.0603256225586
2024-05-06,179.7504425048828,188.6999969482422,138.574951171875,182.33316040039062,58.10967254638672,405.644775390625,501.755126953125,58.42747116088867,107.7525405883789
2024-05-07,180.43295288085938,188.75999450683594,138.70550537109375,182.0957489013672,58.361305236816406,401.52496337890625,502.30877685546875,59.159400939941406,107.21721649169922
2024-05-08,180.7693328857422,188.0,138.92001342773438,185.79940795898438,58.5756721496582,402.7020568847656,502.3572998046875,58.847110748291016,107.19876861572266
2024-05-09,182.57960510253906,189.5,139.75941467285156,187.55628967285156,58.603633880615234,404.4480895996094,505.25189208984375,59.18790054321289,109.31229400634766
2024-05-10,181.32154846191406,187.47999572753906,139.81539916992188,188.76231384277344,58.957794189453125,406.8218994140625,505.9027404785156,59.227073669433594,108.86927795410156
2024-05-13,184.52110290527344,186.57000732421875,141.03717041015625,188.72433471679688,59.25602722167969,405.8213806152344,505.9706115722656,59.15852737426758,108.82313537597656
2024-05-14,185.66018676757812,187.07000732421875,141.18641662597656,191.36434936523438,58.80866622924805,408.60711669921875,508.2921142578125,58.61991882324219,109.48373413085938
2024-05-15,187.92857360839844,185.99000549316406,142.3895263671875,191.9341583251953,58.83662796020508,415.7511901855469,514.5863037109375,58.59054183959961,110.33041381835938
2024-05-16,188.0474395751953,183.6300048828125,143.89111328125,192.27603149414062,59.013702392578125,413.6974182128906,513.5275268554688,62.6839485168457,109.6698226928711
2024-05-17,188.07716369628906,184.6999969482422,144.22689819335938,194.47921752929688,58.74342727661133,412.9308776855469,514.2656860351562,63.31069564819336,111.31668090820312
2024-05-20,189.2361297607422,183.5399932861328,142.22425842285156,185.73289489746094,58.314720153808594,417.9720458984375,514.858154296875,62.85041809082031,110.41415405273438
2024-05-21,190.53378295898438,183.14999389648438,142.19606018066406,189.4745635986328,58.631587982177734,421.60797119140625,516.1210327148438,63.80033874511719,109.65121459960938
2024-05-22,189.09742736816406,183.1300048828125,144.32089233398438,188.32546997070312,58.715476989746094,423.062255859375,514.6348266601562,63.898258209228516,107.44610595703125
2024-05-23,185.11541748046875,181.0500030517578,140.7481231689453,187.0054473876953,57.86736297607422,419.6032409667969,510.8757629394531,63.49674606323242,105.61315155029297
2024-05-24,188.18612670898438,180.75,138.181396484375,190.60464477539062,57.783477783203125,422.70855712890625,514.256103515625,64.02557373046875,105.5293960571289
2024-05-28,188.196044921875,182.14999389648438,135.7462615966797,189.45555114746094,57.615726470947266,422.86578369140625,514.6154174804688,63.69260787963867,106.86922454833984
2024-05-29,188.49319458007812,182.02000427246094,135.8026885986328,188.13552856445312,57.50387954711914,421.73565673828125,511.0118408203125,63.57509994506836,105.72478485107422
2024-05-30,189.48377990722656,179.32000732421875,136.59243774414062,189.2941436767578,57.755516052246094,407.4869079589844,507.6219482421875,63.54572677612305,106.05975341796875
2024-05-31,190.43467712402344,176.44000244140625,137.89932250976562,192.42799377441406,58.65023422241211,407.93890380859375,512.2453002929688,64.39769744873047,109.10226440429688
2024-06-03,192.19790649414062,178.33999633789062,138.90536499023438,191.6587677001953,58.65023422241211,406.3568115234375,512.6630249023438,64.45645904541016,106.48774719238281
2024-06-04,192.514892578125,179.33999633789062,138.9617462158203,189.13270568847656,59.59153747558594,408.8626708984375,513.236083984375,65.22029113769531,104.83158111572266
2024-06-05,194.02049255371094,181.27999877929688,137.24119567871094,187.32835388183594,59.572898864746094,416.6650695800781,519.3359985351562,65.70013427734375,105.25028991699219
2024-06-06,192.64366149902344,185.0,137.6642608642578,186.99594116210938,59.787261962890625,417.16619873046875,519.3263549804688,65.75890350341797,106.0411376953125
2024-06-07,195.0308837890625,184.3000030517578,138.28480529785156,189.88291931152344,59.5635871887207,416.5079040527344,518.695068359375,64.51519775390625,104.90602111816406
2024-06-10,191.29647827148438,187.05999755859375,138.33180236816406,189.56002807617188,59.265350341796875,420.458251953125,520.297607421875,65.57283020019531,105.21306610107422
2024-06-11,205.19400024414062,187.22999572753906,137.98394775390625,184.57435607910156,59.228065490722656,425.18487548828125,521.5506591796875,65.34760284423828,104.36637115478516
2024-06-12,211.05810546875,186.88999938964844,136.7146453857422,181.88682556152344,58.603633880615234,433.4197082519531,525.834228515625,64.93629455566406,103.21263885498047
2024-06-13,212.21707153320312,183.8300018310547,136.75228881835938,183.90957641601562,58.706153869628906,433.9307556152344,526.8929443359375,65.3182144165039,102.3845443725586
2024-06-14,210.4835968017578,183.66000366210938,136.8369140625,184.02352905273438,58.748416900634766,434.90362548828125,527.2135009765625,65.63158416748047,101.51924133300781
2024-06-17,214.62413024902344,184.05999755859375,137.22238159179688,185.16311645507812,58.814151763916016,440.60308837890625,531.4095458984375,66.02330017089844,100.82142639160156
2024-06-18,212.2666015625,182.80999755859375,136.94029235839844,187.0814208984375,58.82355499267578,438.6082763671875,532.7597045898438,66.19957733154297,101.77046966552734
2024-06-20,207.70010375976562,186.10000610351562,138.94296264648438,188.66734313964844,58.40089797973633,437.9793701171875,531.3124389648438,66.60108184814453,103.96627044677734
2024-06-21,205.53082275390625,189.0800018310547,139.8549346923828,186.4166717529297,58.95504379272461,441.9886779785156,530.6002197265625,66.5031509399414,103.05445861816406
2024-06-24,206.17466735839844,185.57000732421875,140.2028045654297,188.8667755126953,60.08211135864258,439.91522216796875,528.8753662109375,67.47264862060547,106.1155776977539
2024-06-25,207.09588623046875,186.33999633789062,138.38824462890625,188.09756469726562,59.96001052856445,443.1384582519531,530.9119262695312,66.02330017089844,106.41332244873047
2024-06-26,211.23641967773438,193.61000061035156,138.0403594970703,187.48976135253906,60.15724563598633,444.3274841308594,531.5745849609375,66.87529754638672,106.45053100585938
2024-06-27,212.0784149169922,197.85000610351562,137.08135986328125,189.14218139648438,60.025760650634766,445.0055236816406,532.41259765625,66.47377014160156,106.90644836425781
2024-06-28,208.6312255859375,193.25,137.41981506347656,192.07656860351562,59.78156661987305,439.20770263671875,530.3174438476562,66.30728912353516,107.11113739013672
2024-07-01,214.703369140625,197.1999969482422,137.68309020996094,195.10598754882812,59.43404769897461,448.8182678222656,531.4088745117188,66.0820541381836,106.96226501464844
2024-07-02,218.1901092529297,200.0,137.29759216308594,198.31581115722656,59.311954498291016,451.32415771484375,534.9852294921875,66.65983581542969,106.23652648925781
2024-07-03,219.4580535888672,197.58999633789062,136.97793579101562,198.182861328125,59.48100662231445,452.78826904296875,537.37255859375,66.8263168334961,106.77619171142578
2024-07-05,224.20278930664062,200.0,137.72068786621094,195.5568389892578,59.8848762512207,459.460693359375,540.4713134765625,68.58901977539062,105.48287963867188
2024-07-08,225.66885375976562,199.2899932861328,136.7804718017578,195.91970825195312,59.13349151611328,458.16357421875,541.0949096679688,68.2364730834961,104.37567901611328
2024-07-09,226.52072143554688,199.33999633789062,138.25660705566406,198.26882934570312,58.879905700683594,451.57958984375,541.6211547851562,68.45194244384766,103.22193908691406
2024-07-10,230.78013610839844,199.7899932861328,140.49424743652344,198.43112182617188,59.01139831542969,458.1733703613281,546.9805908203125,68.95137023925781,104.1337661743164
2024-07-11,225.42120361328125,195.0500030517578,140.7481231689453,198.09690856933594,59.264984130859375,446.823486328125,542.2642822265625,68.35399627685547,105.3712387084961
2024-07-12,228.36314392089844,194.49000549316406,140.91737365722656,195.70005798339844,59.82852554321289,445.693359375,545.6846313476562,67.80559539794922,105.38982391357422
2024-07-15,232.18670654296875,192.72000122070312,140.31564331054688,200.5797119140625,59.556148529052734,446.0963134765625,547.1853637695312,68.16793823242188,107.19487762451172
2024-07-16,232.60275268554688,193.02000427246094,141.9798126220703,203.98873901367188,60.3638801574707,441.73321533203125,550.43017578125,68.5400619506836,107.96713256835938
2024-07-17,226.71884155273438,187.92999267578125,147.21670532226562,207.0922088623047,61.24674606323242,435.8370666503906,542.7125854492188,69.55852508544922,109.45582580566406
2024-07-18,222.0631866455078,183.75,146.12608337402344,200.5128631591797,61.227970123291016,432.74169921875,538.5419311523438,69.35285949707031,110.53511810302734
2024-07-19,222.1919708251953,183.1300048828125,145.43972778320312,200.3218536376953,61.32188415527344,429.53814697265625,534.965576171875,69.28431701660156,107.99504852294922
2024-07-22,221.84527587890625,182.5500030517578,145.01666259765625,200.79933166503906,60.833492279052734,435.26715087890625,540.4810791015625,68.92198181152344,107.2507095336914
2024-07-23,222.88534545898438,186.41000366210938,143.2396697998047,200.84706115722656,61.01194381713867,437.1440734863281,539.6333618164062,69.18639373779297,105.52010345458984
2024-07-24,216.4764404296875,180.8300018310547,146.9346466064453,199.1855010986328,61.81028366088867,421.4703369140625,527.40380859375,69.13742065429688,107.0087890625
2024-07-25,215.43638610839844,179.85000610351562,150.09373474121094,199.26190185546875,62.054473876953125,411.1523132324219,524.6558837890625,68.56944274902344,109.26042175292969
2024-07-26,215.90194702148438,182.5,151.033935546875,202.67095947265625,62.97492599487305,417.9032287597656,530.5319213867188,68.33441925048828,109.16738891601562
2024-07-29,216.17929077148438,183.1999969482422,149.0782928466797,201.3436279296875,62.768287658691406,419.3379821777344,530.8438720703125,68.17771911621094,108.02295684814453
2024-07-30,216.73402404785156,181.7100067138672,151.6826934814453,205.48794555664062,63.56663513183594,415.5939636230469,528.1541748046875,67.75662994384766,109.94894409179688
2024-07-31,219.98304748535156,186.97999572753906,148.41078186035156,203.20570373535156,62.68375015258789,411.1031799316406,536.7391357421875,67.21802520751953,110.3397216796875
2024-08-01,216.2981719970703,184.07000732421875,151.14675903320312,198.58395385742188,63.82960891723633,409.88458251953125,529.138427734375,68.34420776367188,108.8138198852539
2024-08-02,217.7839813232422,167.89999389648438,154.32464599609375,190.16156005859375,65.11634826660156,401.4139099121094,519.2867431640625,67.04175567626953,108.74869537353516
2024-08-05,207.29400634765625,161.02000427246094,151.60745239257812,186.1127166748047,63.96110153198242,388.3050231933594,504.1631774902344,66.18977355957031,106.78549194335938
2024-08-06,205.2732391357422,161.92999267578125,149.46383666992188,191.3074493408203,63.91413497924805,392.687744140625,508.8113708496094,66.336669921875,106.21792602539062
2024-08-07,207.83880615234375,162.77000427246094,149.39794921875,191.36477661132812,64.29923248291016,391.5282287597656,505.4104309082031,65.52387237548828,107.63218688964844
2024-08-08,211.2958526611328,165.8000030517578,150.6390838623047,194.85977172851562,64.55282592773438,395.7143859863281,517.09423828125,66.25833892822266,109.68843078613281
2024-08-09,214.19821166992188,166.94000244140625,151.01512145996094,196.52130126953125,64.50585174560547,398.9866943359375,519.3744506835938,66.54231262207031,110.58163452148438
2024-08-12,215.7254180908203,166.8000030517578,150.3193817138672,196.89373779296875,64.0268325805664,399.7630310058594,519.647216796875,67.27676391601562,110.72120666503906
2024-08-13,219.43438720703125,170.22999572753906,148.91847229003906,198.56483459472656,64.29923248291016,406.83831787109375,528.1931762695312,66.71858978271484,109.66051483154297
2024-08-14,219.8806610107422,170.10000610351562,149.00308227539062,200.76112365722656,64.41192626953125,409.63897705078125,529.8594360351562,67.23762512207031,110.6746826171875
2024-08-15,222.85577392578125,177.58999633789062,149.5766143798828,202.01205444335938,64.47767639160156,414.482421875,538.9413452148438,71.66397857666016,111.35936737060547
2024-08-16,224.1747283935547,177.05999755859375,149.8586883544922,204.32296752929688,64.9754638671875,411.9622497558594,540.1497802734375,72.1333999633789,110.8341293334961
2024-08-19,224.0160675048828,178.22000122070312,150.08433532714844,205.73623657226562,64.78762817382812,414.97467041015625,545.3143310546875,72.39857482910156,111.17178344726562
2024-08-20,224.63092041015625,178.8800048828125,150.5826416015625,204.84815979003906,65.16329956054688,418.19384765625,544.4276733398438,73.20386505126953,107.46699523925781
2024-08-21,224.5218048095703,180.11000061035156,151.77670288085938,204.924560546875,65.34175109863281,417.5440673828125,546.298583984375,73.89132690429688,106.78230285644531
2024-08-22,222.66732788085938,176.1300048828125,152.64169311523438,206.86302185058594,65.11634826660156,409.0876159667969,542.0109252929688,74.2252197265625,107.6076889038086
2024-08-23,224.9581756591797,177.0399932861328,154.3152618408203,208.46725463867188,65.54839324951172,410.30841064453125,547.7699584960938,74.34307861328125,109.09896087646484
2024-08-26,225.29534912109375,175.5,154.76654052734375,209.28851318359375,66.53457641601562,407.0596923828125,546.4641723632812,74.66716003417969,111.43439483642578
2024-08-27,226.13832092285156,173.1199951171875,154.36862182617188,210.2529754638672,67.15445709228516,407.4042053222656,547.214599609375,74.76536560058594,110.37454986572266
2024-08-28,224.611083984375,170.8000030517578,155.28756713867188,211.31292724609375,67.38926696777344,404.2146301269531,544.0379028320312,74.71627807617188,109.28655242919922
2024-08-29,227.8837127685547,172.1199951171875,155.58123779296875,212.19146728515625,67.67102813720703,406.6954650878906,544.0865478515625,75.05017852783203,110.7966079711914
2024-08-30,227.1002655029297,178.5,157.1254119873047,214.6646728515625,68.06551361083984,410.6529235839844,549.2804565429688,75.84564208984375,110.618408203125
2024-09-03,220.92196655273438,176.25,158.35694885253906,210.36758422851562,68.57269287109375,403.0726318359375,537.9767456054688,75.78672790527344,108.3017578125
2024-09-04,219.0178680419922,173.3300018310547,158.54641723632812,209.44131469726562,68.15003204345703,402.5410461425781,536.8756713867188,75.85546112060547,106.97927856445312
2024-09-05,220.53518676757812,177.88999938964844,156.3012237548828,207.8179473876953,66.84451293945312,402.03900146484375,535.56982421875,75.58050537109375,106.14451599121094
2024-09-06,218.9881134033203,171.38999938964844,155.7233428955078,202.88104248046875,66.81634521484375,395.4530334472656,526.55615234375,75.26622772216797,105.64742279052734
2024-09-09,219.077392578125,175.39999389648438,157.8359375,207.03489685058594,67.48318481445312,399.4105224609375,532.4515380859375,75.95368194580078,107.87030029296875
2024-09-10,218.2840118408203,179.5500030517578,158.56536865234375,196.29214477539062,67.201416015625,407.7586364746094,534.7708129882812,77.39733123779297,103.94042205810547
2024-09-11,220.81288146972656,184.52000427246094,156.14019775390625,197.8868408203125,66.76000213623047,416.461181640625,540.2568969726562,77.42679595947266,102.90869140625
2024-09-12,220.92196655273438,187.0,155.96966552734375,197.28521728515625,66.90087890625,420.3595886230469,544.8076782226562,78.23209381103516,104.324951171875
2024-09-13,220.6541748046875,186.49000549316406,156.80331420898438,195.10806274414062,67.52974700927734,423.8937683105469,547.6530151367188,79.1552505493164,104.24993133544922
2024-09-16,214.5254669189453,184.88999938964844,158.19590759277344,198.48841857910156,68.1822509765625,424.6320495605469,548.4619140625,79.115966796875,105.71308135986328
2024-09-17,214.99154663085938,186.8800048828125,158.27171325683594,199.8157501220703,67.89854431152344,428.3828430175781,548.6859741210938,77.19109344482422,107.09181213378906
2024-09-18,218.85919189453125,186.42999267578125,157.40013122558594,198.17332458496094,67.85126495361328,424.1103515625,547.0586547851562,77.61338806152344,107.46699523925781
2024-09-19,226.9713592529297,189.8699951171875,156.14019775390625,200.9902801513672,66.78265380859375,431.8677978515625,556.3938598632812,76.64114379882812,108.79883575439453
2024-09-20,226.30690002441406,191.60000610351562,155.5149383544922,201.5727996826172,67.74724578857422,428.5009765625,555.4320678710938,77.6428451538086,108.11416625976562
2024-09-23,224.59124755859375,193.8800048828125,154.62442016601562,201.90701293945312,67.83234405517578,426.76837158203125,556.8200073242188,78.89009094238281,110.07442474365234
2024-09-24,225.48377990722656,193.9600067138672,154.20761108398438,202.0502471923828,67.4540786743164,422.495849609375,558.4132080078125,79.22399139404297,109.78366088867188
2024-09-25,224.49208068847656,192.52999877929688,152.14239501953125,200.71340942382812,67.56755828857422,425.39013671875,557.1815795898438,79.94090270996094,107.64518737792969
2024-09-26,225.63253784179688,191.16000366210938,152.89080810546875,200.3218536376953,67.52027893066406,424.6025390625,559.3908081054688,78.4874267578125,105.79750061035156
2024-09-27,225.90029907226562,187.97000122070312,152.90028381347656,201.00938415527344,67.88909149169922,421.36370849609375,558.5795288085938,78.3499526977539,108.6300277709961
2024-09-30,231.06707763671875,186.3300018310547,153.52554321289062,201.35317993164062,67.95529174804688,423.6082763671875,560.8178100585938,79.30256652832031,109.94310760498047
2024-10-01,224.3334197998047,185.1300048828125,153.459228515625,197.7053985595703,67.81343841552734,414.1476745605469,555.7937622070312,79.81324768066406,112.48487854003906
2024-10-02,224.898681640625,184.75999450683594,152.68243408203125,197.94412231445312,67.1514663696289,410.6430969238281,556.0283203125,78.98828887939453,113.97616577148438
2024-10-03,223.79788208007812,181.9600067138672,152.04766845703125,195.97698974609375,66.6880874633789,410.062255859375,555.0117797851562,78.98828887939453,114.97037506103516
2024-10-04,224.9185333251953,186.50999450683594,151.84873962402344,202.93295288085938,66.35710906982422,409.5897216796875,560.0553588867188,79.4891586303711,117.08068084716797
2024-10-07,219.8509063720703,180.8000030517578,151.12876892089844,202.65431213378906,65.26016235351562,403.171142578125,554.9922485351562,77.68212890625,117.58717346191406
2024-10-08,223.89706420898438,182.72000122070312,151.28033447265625,202.4813995361328,65.42091369628906,408.2607116699219,560.2411499023438,78.28119659423828,114.46387481689453
2024-10-09,227.63575744628906,185.1699981689453,152.1897735595703,205.04664611816406,65.78970336914062,410.9679260253906,564.1215209960938,78.9588394165039,114.51078796386719
2024-10-10,227.13990783691406,186.64999389648438,152.05714416503906,204.48939514160156,65.48711395263672,409.3731384277344,563.1343994140625,78.18299865722656,115.49559020996094
2024-10-11,225.66229248046875,188.82000732421875,152.95709228515625,213.568603515625,65.78970336914062,409.845703125,566.506591796875,78.6642074584961,115.9364242553711
2024-10-14,229.38121032714844,187.5399932861328,153.08973693847656,212.7904052734375,66.51786804199219,412.621826171875,571.1397094726562,78.8508071899414,116.37723541259766
2024-10-15,231.9100341796875,187.69000244140625,155.4580841064453,213.66470336914062,66.51786804199219,412.22802734375,566.7019653320312,80.1864242553711,112.87879943847656
2024-10-16,229.85719299316406,186.88999938964844,155.62860107421875,214.8656768798828,66.73538970947266,409.6488037109375,569.1651000976562,79.7641372680664,113.16956329345703
2024-10-17,230.22412109375,187.52999877929688,155.80859375,215.6150360107422,66.10179901123047,410.2394714355469,569.2139892578125,79.44003295898438,112.87879943847656
2024-10-18,233.05047607421875,188.99000549316406,156.42437744140625,216.52777099609375,66.6124496459961,411.65704345703125,571.403564453125,79.85252380371094,112.55990600585938
2024-10-21,234.5181884765625,189.07000732421875,154.25497436523438,214.2507781982422,65.67623901367188,412.26739501953125,570.4652099609375,79.36148834228516,112.62555694580078
2024-10-22,233.90335083007812,189.6999969482422,154.8423309326172,215.32679748535156,65.67623901367188,420.86163330078125,570.1622314453125,80.54978942871094,113.20706939697266
2024-10-23,228.8456573486328,184.7100067138672,157.1254119873047,214.6446990966797,64.31449890136719,417.9969482421875,564.9523315429688,81.77738952636719,112.80376434326172
2024-10-24,228.6572265625,186.3800048828125,155.0507354736328,216.15309143066406,63.64306640625,418.1248779296875,566.1742553710938,81.551513671875,112.16597747802734
2024-10-25,229.49026489257812,187.8300018310547,152.4076690673828,213.5878448486328,63.2837028503418,421.4916687011719,565.9786376953125,81.03101348876953,112.07218170166016
2024-10-28,231.4637451171875,188.38999938964844,153.08973693847656,216.6526641845703,63.04729080200195,419.9559631347656,567.7283935546875,81.2667007446289,111.51881408691406
2024-10-29,231.7315216064453,190.8300018310547,151.6592559814453,214.1547088623047,61.99760818481445,425.2326354980469,568.6471557617188,80.23553466796875,109.9993667602539
2024-10-30,228.19113159179688,192.72999572753906,152.15187072753906,215.6054229736328,62.338043212890625,425.8035583496094,566.9268798828125,79.93108367919922,109.44601440429688
2024-10-31,224.03587341308594,186.39999389648438,151.44137573242188,213.213134765625,61.761192321777344,400.03076171875,555.8133544921875,80.48104858398438,109.5304183959961
2024-11-01,221.060791015625,197.92999267578125,151.69717407226562,214.193115234375,61.47750473022461,403.9881896972656,558.1591796875,80.71675109863281,107.81401824951172
2024-11-04,220.16824340820312,195.77999877929688,149.90670776367188,211.1571044921875,61.57206344604492,402.10791015625,556.9568481445312,80.97208404541016,111.24681091308594
2024-11-05,221.59628295898438,199.5,150.0109100341797,212.80003356933594,61.81794738769531,405.0612487792969,563.6915893554688,82.1800308227539,111.57508850097656
2024-11-06,220.8723602294922,207.08999633789062,149.565673828125,237.3667755126953,60.238685607910156,413.6456604003906,577.7080688476562,81.94434356689453,113.48844909667969
2024-11-07,225.59288024902344,210.0500030517578,148.47621154785156,227.10581970214844,60.20085906982422,418.8139953613281,582.1749877929688,82.34699249267578,113.62914276123047
2024-11-08,225.32479858398438,208.17999267578125,147.2825469970703,227.68226623535156,60.446720123291016,415.9689636230469,584.6967163085938,83.30944061279297,113.59160614013672
2024-11-11,222.6144561767578,206.83999633789062,146.87521362304688,229.90162658691406,59.91715621948242,411.5093688964844,585.2538452148438,82.7005386352539,112.99134826660156
2024-11-12,222.6144561767578,208.91000366210938,144.6016082763672,230.16104125976562,59.76585388183594,416.4513244628906,583.435791015625,83.46654510498047,112.87879943847656
2024-11-13,223.49806213378906,214.10000610351562,145.1699981689453,231.6982879638672,59.57672119140625,418.5876159667969,583.7193603515625,83.96741485595703,113.92927551269531
2024-11-14,226.5757293701172,211.47999572753906,143.87216186523438,232.3804168701172,59.15117263793945,420.2513122558594,579.9660034179688,82.95588684082031,114.00492095947266
2024-11-15,223.37893676757812,202.61000061035156,145.8899688720703,235.68544006347656,58.38518524169922,408.54620361328125,572.5374755859375,82.73982238769531,112.82288360595703
2024-11-18,226.37721252441406,201.6999969482422,146.6194305419922,235.41644287109375,58.4986686706543,409.2944030761719,574.8832397460938,82.57286071777344,113.76851654052734
2024-11-19,226.6352996826172,204.61000061035156,144.94264221191406,233.5525665283203,59.18899917602539,411.2928466796875,576.9847412109375,85.04769897460938,112.17985534667969
2024-11-20,227.35012817382812,202.8800048828125,145.04684448242188,231.3331756591797,59.5672607421875,409.0285949707031,577.1802368164062,85.61730194091797,113.7779769897461
2024-11-21,226.8735809326172,198.3800048828125,147.31100463867188,235.15701293945312,60.2954216003418,407.2629089355469,580.2786254882812,86.80560302734375,115.30042266845703
2024-11-22,228.21383666992188,197.1199951171875,146.99838256835938,238.79833984375,60.446720123291016,411.3367919921875,582.0772705078125,88.81886291503906,115.16802978515625
2024-11-25,231.1922149658203,201.4499969482422,147.5762481689453,240.4700469970703,60.88173294067383,413.1025085449219,584.0516357421875,87.89572143554688,113.44700622558594
2024-11-26,233.36647033691406,207.86000061035156,147.55712890625,240.16262817382812,61.04249954223633,422.1775817871094,587.101318359375,89.67327117919922,111.55574035644531
2024-11-27,233.2373809814453,205.74000549316406,148.39749145507812,239.9897003173828,60.92901611328125,417.2454528808594,585.322265625,90.2330551147461,111.26260375976562
2024-11-29,235.62010192871094,207.88999938964844,148.0250701904297,239.92242431640625,61.057647705078125,417.70904541015625,588.9583740234375,90.8419418334961,111.54629516601562
2024-12-02,237.8638153076172,210.7100067138672,147.82452392578125,236.5885772705078,60.64793395996094,425.12701416015625,590.0140380859375,90.97943115234375,111.44226837158203
2024-12-03,240.90176391601562,213.44000244140625,145.49449157714844,235.21470642089844,60.52406311035156,425.3439636230469,590.2877197265625,91.8338394165039,111.27204895019531
2024-12-04,241.25917053222656,218.16000366210938,143.6896514892578,233.85040283203125,59.275840759277344,431.4795227050781,593.9530639648438,92.75699615478516,108.06637573242188
2024-12-05,241.2889404296875,220.5500030517578,142.78245544433594,235.84877014160156,59.952354431152344,436.6088562011719,592.9756469726562,93.59175109863281,108.5391845703125
2024-12-06,241.09039306640625,227.02999877929688,142.5819091796875,237.655029296875,59.58074951171875,437.5459899902344,594.099853515625,93.98458099365234,107.39498138427734
2024-12-09,244.97222900390625,226.08999633789062,142.8588409423828,234.2443084716797,59.64744567871094,439.9626770019531,591.0404052734375,92.14810943603516,106.76141357421875
2024-12-10,245.98487854003906,225.0399932861328,142.50550842285156,233.33155822753906,59.94282913208008,437.3092041015625,589.2027587890625,92.85519409179688,106.54391479492188
2024-12-11,244.714111328125,230.25999450683594,140.0322265625,233.9752960205078,59.68557357788086,442.8923645019531,593.7576293945312,93.25784301757812,105.8346939086914
2024-12-12,246.17352294921875,228.97000122070312,139.6502685546875,232.05374145507812,60.8289680480957,443.45458984375,590.6982421875,92.40342712402344,105.74011993408203
2024-12-13,246.34230041503906,227.4600067138672,140.01312255859375,230.52615356445312,60.14292526245117,441.1956787109375,590.5809936523438,92.7656478881836,104.81341552734375
2024-12-16,249.23130798339844,232.92999267578125,137.36795043945312,230.18028259277344,59.59981155395508,445.4570007324219,593.1027221679688,93.37586975097656,102.5722885131836
2024-12-17,251.65374755859375,231.14999389648438,139.8126220703125,229.0081329345703,60.409725189208984,448.2880859375,590.6590576171875,93.91722869873047,102.13729095458984
2024-12-18,246.26287841796875,220.52000427246094,138.22738647460938,221.33160400390625,59.885658264160156,431.44989013671875,573.0553588867188,92.07666778564453,100.63373565673828
2024-12-19,247.99032592773438,223.2899932861328,137.110107421875,223.8199920654297,59.50453186035156,431.0947570800781,572.87939453125,91.92903137207031,99.77322387695312
2024-12-20,252.65647888183594,224.9199981689453,137.96002197265625,228.27796936035156,59.59981155395508,430.6706237792969,579.7603149414062,90.78730010986328,100.1136474609375
2024-12-23,253.4308624267578,225.05999755859375,138.72398376464844,229.03695678710938,59.43783187866211,429.3389587402344,583.2321166992188,88.92707061767578,100.52027130126953
2024-12-24,256.33978271484375,229.0500030517578,139.27783203125,232.8031463623047,59.876136779785156,433.363525390625,589.7147216796875,91.22037506103516,100.61482238769531
2024-12-26,257.1538391113281,227.0500030517578,139.02000427246094,233.60057067871094,59.61886978149414,432.1601257324219,589.7540283203125,91.3286361694336,100.6999282836914
2024-12-27,253.74855041503906,223.75,138.5138702392578,231.70790100097656,59.50453186035156,424.6830139160156,583.5458984375,90.21643829345703,100.69046783447266
2024-12-30,250.38294982910156,221.3000030517578,136.88095092773438,229.9304656982422,59.10433578491211,419.0604553222656,576.88671875,89.14360809326172,100.0096206665039
2024-12-31,248.6157989501953,219.38999938964844,138.10324096679688,230.30517578125,59.323486328125,415.77569580078125,574.7879638671875,88.92707061767578,101.72120666503906
2025-01-02,242.09315490722656,220.22000122070312,137.5302734375,230.58380126953125,58.923301696777344,412.8953552246094,573.375732421875,88.58257293701172,101.47534942626953
2025-01-03,241.60665893554688,224.19000244140625,137.692626953125,233.73507690429688,58.83754348754883,417.6006164550781,580.5448608398438,89.35029602050781,101.99544525146484
2025-01-06,243.23484802246094,227.61000061035156,137.18650817871094,232.5955352783203,57.94187927246094,422.0394592285156,583.8890991210938,89.99005889892578,101.8819580078125
2025-01-07,240.46493530273438,222.11000061035156,139.64068603515625,234.83599853515625,57.97046661376953,416.63385009765625,577.2887573242188,89.37982940673828,102.83704376220703
2025-01-08,240.951416015625,222.1300048828125,135.8591766357422,234.79739379882812,58.79943084716797,418.794189453125,578.1322631835938,90.35423278808594,101.11602020263672
2025-01-10,235.14356994628906,218.94000244140625,135.65859985351562,231.64910888671875,58.189613342285156,413.26031494140625,569.3056640625,91.53533172607422,100.7472152709961
2025-01-13,232.71121215820312,218.4600067138672,137.96002197265625,235.8403778076172,58.74225997924805,411.52423095703125,570.188232421875,90.08848571777344,103.34769439697266
2025-01-14,231.5992889404297,217.75999450683594,138.22738647460938,238.9886474609375,59.11386489868164,410.02490234375,570.9729614257812,89.36014556884766,103.75431060791016
2025-01-15,236.15621948242188,223.35000610351562,138.43748474121094,243.701416015625,58.856597900390625,420.5204162597656,581.3589477539062,89.90147399902344,105.4469985961914
2025-01-16,226.6154327392578,220.66000366210938,141.111328125,245.55560302734375,59.313961029052734,418.8138122558594,580.2407836914062,89.86210632324219,105.26732635498047
2025-01-17,228.32305908203125,225.94000244140625,140.40464782714844,250.2780303955078,59.752262115478516,423.20343017578125,586.0664672851562,90.49203491210938,106.21294403076172
2025-01-21,221.0359344482422,230.7100067138672,141.47418212890625,254.01536560058594,59.47593688964844,422.6806335449219,591.430908203125,91.61408233642578,105.40916442871094
2025-01-22,222.2173614501953,235.00999450683594,138.72398376464844,253.83189392089844,58.86612319946289,440.1402587890625,594.7556762695312,91.76171112060547,103.57463836669922
2025-01-23,222.048583984375,235.4199981689453,140.0322265625,256.8353271484375,58.6279182434082,440.6433410644531,598.001953125,92.33258056640625,104.16092681884766
2025-01-24,221.17491149902344,234.85000610351562,140.2041473388672,255.76336669921875,58.99952697753906,438.0293273925781,596.2561645507812,93.26762390136719,102.75194549560547
2025-01-27,228.20391845703125,235.4199981689453,146.00057983398438,256.73876953125,60.857547760009766,428.6583251953125,587.8218383789062,95.86603546142578,104.17984008789062
2025-01-28,236.54339599609375,238.14999389648438,143.60369873046875,257.98455810546875,59.41877365112305,441.1266784667969,592.8726806640625,95.75777435302734,102.16565704345703
2025-01-29,237.6354522705078,237.07000732421875,144.33900451660156,257.4436950683594,59.866607666015625,436.32281494140625,590.2149047851562,95.96446228027344,102.76140594482422
2025-01-30,235.87823486328125,234.63999938964844,145.98150634765625,259.0372009277344,61.0290641784668,409.3541259765625,593.3826293945312,97.09635162353516,103.61247253417969
2025-01-31,234.2996826171875,237.67999267578125,145.29393005371094,258.1390380859375,60.48594284057617,409.4231872558594,590.2247314453125,96.61407470703125,101.02144622802734
2025-02-03,226.36721801757812,237.4199981689453,145.02655029296875,257.66583251953125,60.36207962036133,405.3393859863281,586.2527465820312,97.97232818603516,101.26730346679688
2025-02-04,231.1227264404297,242.05999755859375,146.5735626220703,258.7571105957031,59.714149475097656,406.7696533203125,590.185546875,99.18295288085938,103.98126220703125
2025-02-05,230.79510498046875,236.1699981689453,147.719482421875,261.1617736816406,60.14292526245117,407.67718505859375,592.5784301757812,100.84634399414062,103.90560913085938
2025-02-06,231.53970336914062,238.8300018310547,146.5926513671875,267.4100036621094,60.371604919433594,410.1728210449219,594.6380004882812,101.23019409179688,102.53445434570312
2025-02-07,225.989990234375,229.14999389648438,146.22023010253906,266.34771728515625,60.8289680480957,404.185302734375,589.1949462890625,99.55697631835938,102.96943664550781
2025-02-10,226.25833129882812,233.13999938964844,147.28976440429688,261.7508544921875,61.50548553466797,406.62176513671875,593.1963500976562,101.29911041259766,104.93635559082031
2025-02-11,231.19793701171875,232.75999450683594,149.09458923339844,265.5654296875,64.41162872314453,405.8523254394531,593.6474609375,100.85619354248047,105.5982894897461
2025-02-12,235.4219512939453,228.92999267578125,148.26380920410156,266.0097351074219,65.4692611694336,403.48492431640625,591.7349853515625,101.97824096679688,102.42118072509766
2025-02-13,240.05348205566406,230.3699951171875,150.16412353515625,266.84991455078125,66.22201538085938,404.96453857421875,597.9822998046875,103.39555358886719,103.16536712646484
2025-02-14,243.10472106933594,228.67999267578125,149.1136932373047,267.11065673828125,65.6217269897461,402.8831481933594,597.952880859375,102.4014663696289,103.27032470703125
2025-02-18,242.9755096435547,226.64999389648438,149.19068908691406,270.3554992675781,65.7932357788086,404.0767517089844,599.7083740234375,102.14556121826172,105.08308410644531
2025-02-19,243.37306213378906,226.6300048828125,151.982177734375,269.67950439453125,66.76512145996094,409.1370849609375,601.1207275390625,102.36209869384766,105.23573303222656
2025-02-20,244.32720947265625,222.8800048828125,153.7052001953125,257.6561584472656,66.7365493774414,411.3016662597656,598.6198120117188,95.67903137207031,106.85767364501953
2025-02-21,244.04891967773438,216.5800018310547,156.22718811035156,255.1839141845703,67.98475646972656,403.47357177734375,588.3809814453125,93.28728485107422,105.60783386230469
2025-02-24,245.5894317626953,212.7100067138672,157.61331176757812,252.38330078125,67.2605972290039,399.3124084472656,585.7035522460938,92.19477844238281,106.16119384765625
2025-02-25,245.52978515625,212.8000030517578,159.87538146972656,248.57833862304688,68.11815643310547,393.2831726074219,582.7907104492188,96.1514663696289,104.69190979003906
2025-02-26,238.89064025878906,214.35000610351562,156.97801208496094,249.9207000732422,67.460693359375,395.09197998046875,583.0850219726562,94.68492126464844,104.4343032836914
2025-02-27,235.84934997558594,208.74000549316406,157.6036834716797,250.17178344726562,67.52740478515625,387.97552490234375,573.77783203125,95.2656478881836,105.09261322021484
2025-02-28,240.361572265625,212.27999877929688,158.8454132080078,255.579833984375,67.85135650634766,392.3837585449219,582.7318725585938,97.0569839477539,106.21844482421875
2025-03-03,236.5748748779297,205.02000427246094,161.02084350585938,251.68797302246094,68.90900421142578,383.9823913574219,572.5224609375,96.05303955078125,102.81236267089844
2025-03-04,234.4877166748047,203.8000030517578,159.23043823242188,241.6733856201172,66.87947082519531,384.1009521484375,565.7455444335938,93.47431182861328,102.60246276855469
2025-03-05,234.2988739013672,208.36000061035156,158.94166564941406,242.90948486328125,66.77465057373047,396.36700439453125,571.8262329101562,94.46839904785156,100.59888458251953
2025-03-06,233.89137268066406,200.6999969482422,159.62510681152344,238.0905303955078,67.13673400878906,392.2849426269531,561.6755981445312,93.14949798583984,102.67878723144531
2025-03-07,237.60853576660156,199.25,160.4529266357422,233.97650146484375,68.06097412109375,388.7464294433594,564.8236694335938,90.2754898071289,104.01449584960938
2025-03-10,226.08938598632812,194.5399932861328,161.42514038085938,224.2613067626953,68.08003234863281,375.7490234375,549.7792358398438,86.4369125366211,106.66686248779297
2025-03-11,219.48997497558594,196.58999633789062,159.65396118164062,221.28684997558594,67.68937683105469,376.0356750488281,545.2091064453125,86.06290435791016,104.14808654785156
2025-03-12,215.65354919433594,198.88999938964844,156.75662231445312,220.08935546875,66.6412582397461,378.82293701171875,548.1021728515625,83.8581771850586,104.11945343017578
2025-03-13,208.39816284179688,193.88999938964844,156.89137268066406,217.47225952148438,66.33636474609375,374.3751525878906,540.7957153320312,83.16919708251953,103.68058013916016
2025-03-14,212.1848907470703,197.9499969482422,156.71807861328125,224.47378540039062,66.38434600830078,384.0515441894531,551.9663696289062,84.00582122802734,106.76228332519531
2025-03-17,212.69178771972656,195.74000549316406,156.74696350097656,225.91268920898438,67.30581665039062,384.1899719238281,556.2227172851562,86.08258056640625,108.53688049316406
2025-03-18,211.38978576660156,192.82000732421875,158.1042022705078,226.91705322265625,66.59550476074219,379.0700378417969,550.2108154296875,84.24203491210938,108.42237854003906
2025-03-19,213.92420959472656,195.5399932861328,156.89137268066406,230.9151611328125,66.4995346069336,383.3201599121094,556.2030639648438,84.97038269042969,110.11112976074219
2025-03-20,212.7911834716797,194.9499969482422,156.9202423095703,230.818603515625,66.91226959228516,382.3515625,554.5946655273438,84.45856475830078,110.57862091064453
2025-03-21,216.93568420410156,196.2100067138672,157.50741577148438,233.3488006591797,65.91400146484375,386.72027587890625,554.7776489257812,84.85829162597656,110.19697570800781
2025-03-24,219.38063049316406,203.25999450683594,157.1801300048828,239.5584259033203,66.1827621459961,388.51910400390625,564.712890625,86.34858703613281,110.48321533203125
2025-03-25,222.38218688964844,205.7100067138672,154.99508666992188,242.52322387695312,66.04837799072266,390.574951171875,566.0703735351562,83.65420532226562,111.2369384765625
2025-03-26,220.1757354736328,201.1300048828125,155.66888427734375,242.4266357421875,67.20983123779297,385.4452209472656,559.3124389648438,84.09832763671875,112.83979797363281
2025-03-27,222.48158264160156,201.36000061035156,157.02613830566406,239.6163787841797,67.90093231201172,386.0481262207031,557.8270263671875,84.51285552978516,112.47725677490234
2025-03-28,216.56793212890625,192.72000122070312,157.58444213867188,234.52700805664062,67.54578399658203,374.40484619140625,546.5933837890625,84.03910827636719,112.32460021972656
2025-03-31,220.77207946777344,190.25999450683594,159.6347198486328,236.89303588867188,68.74561309814453,371.034423828125,550.2625122070312,86.6446762084961,113.46949005126953
2025-04-01,221.8256072998047,192.1699981689453,147.5157928466797,235.30921936035156,68.98558807373047,377.7554626464844,551.8167114257812,87.67111206054688,113.574462890625
2025-04-02,222.52133178710938,196.00999450683594,149.54684448242188,237.39520263671875,68.46725463867188,377.7060852050781,555.308837890625,88.5889663696289,113.221435546875
2025-04-03,201.94784545898438,178.41000366210938,153.83999633789062,220.85227966308594,70.24300384521484,368.7807922363281,527.9428100585938,86.12158966064453,107.26793670654297
2025-04-04,187.22842407226562,171.0,147.5061798095703,204.32408142089844,67.1234359741211,355.664794921875,497.0354309082031,82.10468292236328,99.54936981201172
2025-04-07,180.3507080078125,175.25999450683594,144.98422241210938,208.3662567138672,65.62606048583984,353.707763671875,496.1501159667969,82.736328125,98.21366119384766
2025-04-08,171.36595153808594,170.66000366210938,144.3874053955078,210.7274169921875,65.67404174804688,350.4460754394531,488.3790283203125,80.72295379638672,96.1432876586914
2025-04-09,197.6343994140625,191.10000610351562,145.32113647460938,227.7025909423828,67.14262390136719,385.9591369628906,539.6682739257812,88.4310531616211,100.94234466552734
2025-04-10,189.25592041015625,181.22000122070312,143.12644958496094,220.67738342285156,67.92012786865234,376.9252014160156,516.0205078125,89.4278793334961,95.34185791015625
2025-04-11,196.9386749267578,184.8699951171875,146.0526580810547,229.50990295410156,68.563232421875,383.94287109375,525.227783203125,91.58930969238281,98.40447998046875
2025-04-14,201.28196716308594,182.1199951171875,148.5842742919922,228.0718231201172,69.54228973388672,383.3102722167969,530.3232421875,93.494140625,98.64299774169922
2025-04-15,200.90428161621094,179.58999633789062,147.87196350097656,226.52687072753906,68.97599029541016,381.2544250488281,528.8378295898438,92.74404907226562,98.3663101196289
2025-04-16,193.0823974609375,174.3300018310547,148.151123046875,223.1065673828125,68.80320739746094,367.2982177734375,517.0829467773438,90.00031280517578,99.4062728881836
2025-04-17,195.77581787109375,172.61000061035156,151.57791137695312,225.39002990722656,70.07022857666016,363.5126647949219,517.8206787109375,92.00382232666016,102.01092529296875
2025-04-21,191.97918701171875,167.32000732421875,151.04849243164062,222.504150390625,69.84945678710938,354.95318603515625,505.4951171875,91.20439147949219,100.51300048828125
2025-04-22,198.5189666748047,173.17999267578125,151.84742736816406,228.91720581054688,70.93411254882812,362.5638122558594,518.6470336914062,93.61255645751953,103.32756042480469
2025-04-23,203.34925842285156,180.60000610351562,149.56610107421875,234.057373046875,70.35819244384766,370.0459899902344,526.6836547851562,93.72112274169922,102.44026184082031
2025-04-24,207.09620666503906,186.5399932861328,149.13294982910156,237.71087646484375,69.6094970703125,382.80621337890625,537.769775390625,94.58963775634766,103.64239501953125
2025-04-25,208.00064086914062,188.99000549316406,148.79605102539062,236.6517333984375,69.02397918701172,387.3034362792969,541.6553344726562,93.84943389892578,103.58515930175781
2025-04-28,208.85537719726562,187.6999969482422,149.53724670410156,236.33108520507812,68.9087905883789,386.6214294433594,541.8618774414062,93.97773742675781,103.64239501953125
2025-04-29,209.91883850097656,187.38999938964844,150.07627868652344,237.69142150878906,69.44631958007812,389.4679870605469,545.2752075195312,94.78704071044922,103.38481140136719
2025-04-30,211.20095825195312,184.4199981689453,150.4613037109375,237.69142150878906,69.63829040527344,390.673828125,545.49169921875,95.98124694824219,100.7801513671875
2025-05-01,212.01597595214844,190.1999969482422,148.6805419921875,239.8971405029297,68.42887115478516,420.464111328125,549.3576049804688,96.13917541503906,100.92325592041016
2025-05-02,204.0946502685547,189.97999572753906,150.27842712402344,245.3579559326172,68.77442169189453,430.2294616699219,557.5122680664062,97.46167755126953,101.33352661132812
2025-05-05,197.6741485595703,186.35000610351562,149.20033264160156,245.4065399169922,68.82240295410156,431.1091613769531,554.3153076171875,98.03411865234375,98.52849578857422
2025-05-06,197.29644775390625,185.00999450683594,148.69017028808594,242.1903076171875,68.84161376953125,428.2823486328125,549.6821899414062,97.26429748535156,99.90238952636719
2025-05-07,195.05029296875,188.7100067138672,151.4142608642578,242.3263397216797,69.49430847167969,428.3218994140625,551.9938354492188,97.54064178466797,99.80697631835938
2025-05-08,196.28271484375,192.0800018310547,149.83563232421875,246.290771484375,68.31366729736328,433.0859680175781,555.8399658203125,96.15889739990234,101.199951171875
2025-05-09,197.3163604736328,193.05999755859375,148.4495086669922,245.9117889404297,67.68975830078125,433.63946533203125,555.1317749023438,95.68895721435547,102.38301086425781
2025-05-12,209.77613830566406,208.63999938964844,148.37249755859375,252.68435668945312,66.73949432373047,444.0472717285156,573.4774169921875,95.71864318847656,104.14808654785156
2025-05-13,211.9058380126953,211.3699951171875,142.8857879638672,255.560546875,66.19236755371094,443.9287109375,577.2646484375,94.85791015625,104.4343032836914
2025-05-14,211.30873107910156,210.25,140.8836212158203,258.1160888671875,66.38434600830078,447.6846008300781,578.0023803710938,95.79779815673828,103.49930572509766
2025-05-15,210.43295288085938,205.1699981689453,144.0120086669922,259.9136657714844,68.73601531982422,448.6946105957031,580.8255615234375,95.32291412353516,104.54883575439453
2025-05-16,210.24386596679688,205.58999633789062,145.6676483154297,259.9817199707031,69.11035919189453,449.82342529296875,584.504638671875,97.19276428222656,104.17332458496094
2025-05-19,207.7758026123047,206.16000366210938,146.78424072265625,257.3775939941406,69.04317474365234,454.37841796875,585.1439208984375,97.07404327392578,102.51716613769531
2025-05-20,205.8650360107422,204.07000732421875,147.91046142578125,258.1549072265625,68.81280517578125,453.6852722167969,583.176513671875,96.75746154785156,101.05359649658203
2025-05-21,201.1179656982422,201.1199951171875,147.4484100341797,253.64639282226562,68.96638488769531,448.14013671875,573.349609375,95.40205383300781,99.81148529052734
2025-05-22,200.3914794921875,203.10000610351562,146.89974975585938,253.2868194580078,68.28488159179688,450.40765380859375,573.5758056640625,94.90738677978516,99.14710998535156
2025-05-23,194.33078002929688,200.99000549316406,147.2174072265625,253.32566833496094,68.88959503173828,445.7734680175781,569.6607666015625,95.31300354003906,99.20487976074219
2025-05-27,199.2470245361328,206.02000427246094,148.7804412841797,257.7760009765625,68.89920043945312,456.1806335449219,581.5043334960938,96.53980255126953,99.67668914794922
2025-05-28,199.45602416992188,204.72000122070312,147.98435974121094,256.0269470214844,68.29447937011719,452.8832092285156,578.1400756835938,96.20341491699219,98.31903839111328
2025-05-29,198.98826599121094,205.6999969482422,149.100830078125,256.88201904296875,68.6208267211914,454.1902770996094,580.4223022460938,96.0649185180664,98.87750244140625
2025-05-30,199.8839569091797,205.00999450683594,150.6832733154297,256.5225524902344,69.20635986328125,455.85382080078125,579.7730102539062,97.66764831542969,98.50199127197266
2025-06-02,200.7298583984375,206.64999389648438,150.86773681640625,257.163818359375,69.11035919189453,457.44805908203125,583.0389404296875,98.7064437866211,99.22413635253906
2025-06-03,202.29229736328125,205.7100067138672,149.9163360595703,258.72821044921875,68.30408477783203,458.4382629394531,586.3637084960938,98.91422271728516,99.94630432128906
2025-06-04,201.84446716308594,207.22999572753906,148.75131225585938,256.7362976074219,68.50564575195312,459.3294677734375,586.2064208984375,98.29093170166016,98.50199127197266
2025-06-05,199.66502380371094,207.91000366210938,149.17849731445312,254.5305633544922,68.06411743164062,463.1021728515625,583.3733520507812,96.9157485961914,98.04944610595703
2025-06-06,202.9391632080078,213.57000732421875,150.50852966308594,258.20355224609375,68.4864501953125,465.7757568359375,589.364013671875,96.43096160888672,100.39884948730469
2025-06-09,200.48106384277344,216.97999572753906,150.70269775390625,259.18487548828125,68.88959503173828,468.12255859375,589.8951416015625,96.41117095947266,101.0728530883789
2025-06-10,201.69517517089844,217.61000061035156,151.88711547851562,260.9922180175781,69.44631958007812,466.3104553222656,593.2396850585938,96.28257751464844,103.23933410644531
2025-06-11,197.8238983154297,213.1999969482422,150.73182678222656,260.55499267578125,69.17755889892578,467.99383544921875,591.5477905273438,94.77877807617188,105.25172424316406
2025-06-12,198.2418670654297,213.24000549316406,152.09100341796875,260.6424255371094,69.34072875976562,474.1826477050781,593.898681640625,93.8191146850586,105.65613555908203
2025-06-13,195.50509643554688,212.10000610351562,152.51817321777344,257.4456481933594,68.65438079833984,470.3109130859375,587.2588500976562,93.43327331542969,107.95741271972656
2025-06-16,197.46563720703125,216.10000610351562,150.69300842285156,262.7023620605469,68.17103576660156,474.45001220703125,592.8461303710938,93.28487396240234,108.30404663085938
2025-06-17,194.69898986816406,214.82000732421875,147.9358367919922,261.8861389160156,67.30101776123047,473.3607482910156,587.7802124023438,93.24529266357422,109.7676010131836
2025-06-18,195.6344757080078,212.52000427246094,146.3339385986328,266.2004089355469,66.90467834472656,475.5392150878906,587.6917114257812,94.07633209228516,108.98768615722656
2025-06-20,200.03321838378906,209.69000244140625,145.42137145996094,267.2109375,66.54698944091797,472.72705078125,586.3114013671875,95.0953598022461,110.44161224365234
2025-06-23,200.5308380126953,208.47000122070312,146.90673828125,270.38836669921875,67.4170150756836,481.24285888671875,592.102783203125,96.82670593261719,107.59150695800781
2025-06-24,199.3365936279297,212.77000427246094,147.75137329101562,273.2936096191406,67.8713607788086,485.3125915527344,598.6438598632812,96.955322265625,104.31774139404297
2025-06-25,200.5905303955078,211.99000549316406,147.83872985839844,276.01434326171875,67.31067657470703,487.45147705078125,598.9793090820312,96.22321319580078,104.34663391113281
2025-06-26,200.03321838378906,217.1199951171875,147.5766143798828,280.571533203125,67.15601348876953,492.5807800292969,603.6655883789062,94.99642181396484,105.90648651123047
2025-06-27,200.11282348632812,223.3000030517578,147.9649658203125,278.9779357910156,67.98736572265625,491.0855407714844,606.6647338867188,96.23309326171875,105.31913757324219
2025-06-30,204.18316650390625,219.38999938964844,148.29502868652344,281.6986389160156,68.39337921142578,492.5411682128906,609.5654296875,96.73766326904297,103.79779815673828
2025-07-01,206.82041931152344,220.4600067138672,151.37258911132812,282.1844482421875,69.28273010253906,487.233642578125,609.3681640625,97.19276428222656,105.18431854248047
2025-07-02,211.418212890625,219.9199981689453,151.02308654785156,283.72943115234375,68.54805755615234,486.2830505371094,612.1305541992188,96.5694808959961,106.92713928222656
2025-07-03,212.52285766601562,223.41000366210938,151.45993041992188,289.0018005371094,68.973388671875,493.9571533203125,616.9549560546875,97.31148529052734,108.034423828125
2025-07-07,208.94015502929688,223.47000122070312,150.7415313720703,285.06707763671875,68.64471435546875,492.84814453125,612.357421875,98.29093170166016,106.98490142822266
2025-07-08,208.99990844726562,219.36000061035156,151.24635314941406,276.0943603515625,67.9003677368164,491.7589111328125,612.0220336914062,96.05501556396484,109.95054626464844
2025-07-09,210.1244659423828,222.5399932861328,151.72206115722656,276.46533203125,67.16567993164062,498.5814514160156,615.6920776367188,95.77799987792969,109.57504272460938
2025-07-10,211.38832092285156,222.25999450683594,153.09097290039062,281.3764343261719,67.44601440429688,496.5713806152344,617.4285278320312,93.84879302978516,110.66307830810547
2025-07-11,210.1443634033203,225.02000427246094,152.32398986816406,280.0778503417969,67.54268646240234,498.3933410644531,615.258056640625,93.3936996459961,111.14451599121094
2025-07-14,207.61656188964844,225.69000244140625,152.246337890625,281.8743591308594,67.15601348876953,498.0962219238281,616.4320678710938,94.75897979736328,109.6905746459961
2025-07-15,208.10421752929688,226.35000610351562,150.6444549560547,279.7751770019531,67.0496826171875,500.868896484375,613.7979125976562,94.37315368652344,108.71807861328125
2025-07-16,209.149169921875,223.19000244140625,159.9741668701172,279.0624694824219,66.96267700195312,500.67083740234375,615.8499755859375,94.13569641113281,108.06331634521484
2025-07-17,209.0098419189453,223.8800048828125,158.2266845703125,283.0460205078125,68.23870086669922,506.6913146972656,619.6187133789062,94.07633209228516,107.51448822021484
2025-07-18,210.16424560546875,226.1300048828125,158.92567443847656,284.3836364746094,67.52336120605469,505.05743408203125,619.1649780273438,94.0367660522461,103.7688980102539
2025-07-21,211.45799255371094,229.3000030517578,159.56642150878906,284.0906982421875,67.73602294921875,505.0673522949219,620.3389892578125,94.65016174316406,104.03850555419922
2025-07-22,213.3687744140625,227.47000122070312,163.0323028564453,284.539794921875,67.33968353271484,500.32421875,620.427734375,94.82823944091797,104.51031494140625
2025-07-23,213.11996459960938,228.2899932861328,164.16819763183594,289.74383544921875,66.85633850097656,500.9183654785156,625.7061157226562,94.6600570678711,105.84870910644531
2025-07-24,212.73184204101562,232.22999572753906,164.61476135253906,289.53875732421875,66.79833221435547,505.8793029785156,625.9132080078125,95.57024383544922,106.6767807006836
2025-07-25,212.85125732421875,231.44000244140625,163.39151000976562,291.559814453125,66.8659896850586,508.681640625,628.5571899414062,96.43096160888672,106.30126953125
2025-07-28,213.02047729492188,232.7899932861328,161.37217712402344,291.2279052734375,65.82197570800781,507.48345947265625,628.3994750976562,96.5694808959961,107.30265808105469
2025-07-29,210.25384521484375,231.00999450683594,163.20706176757812,290.0171813964844,67.06900024414062,507.55279541015625,626.741943359375,97.28180694580078,108.6891860961914
2025-07-30,208.0445098876953,230.19000244140625,162.3818359375,292.5459899902344,66.45999908447266,508.2162170410156,625.9526977539062,96.5496826171875,107.7455825805664
2025-07-31,206.57162475585938,234.11000061035156,159.93536376953125,289.2361145019531,65.6286392211914,528.2779541015625,623.6046142578125,96.935546875,107.49522399902344
2025-08-01,201.40660095214844,214.75,162.44979858398438,282.5285339355469,66.56633758544922,518.9798583984375,613.3834838867188,97.44009399414062,105.5694808959961
2025-08-04,202.37191772460938,211.64999389648438,166.0515899658203,287.3029479980469,66.6629867553711,530.39697265625,622.7067260742188,98.52836608886719,103.38375091552734
2025-08-05,201.94398498535156,213.75,165.76036071777344,284.48126220703125,66.75,522.5841674804688,619.5496215820312,98.25135040283203,103.25857543945312
2025-08-06,212.22430419921875,222.30999755859375,165.6147003173828,284.46173095703125,67.1946792602539,519.8016967773438,624.295166015625,102.25818634033203,102.5556869506836
2025-08-07,218.9716796875,223.1300048828125,166.5272979736328,280.1560363769531,68.08403778076172,515.7418212890625,623.7722778320312,102.020751953125,102.01647186279297
2025-08-08,228.2468719482422,222.69000244140625,168.2748260498047,281.9329833984375,67.99703216552734,516.9299926757812,628.6361694335938,102.6242446899414,102.83492279052734
2025-08-11,226.34390258789062,221.3000030517578,168.7505340576172,282.7140808105469,68.39337921142578,516.6627807617188,627.39306640625,102.82210540771484,101.90093231201172
2025-08-12,228.80479431152344,221.47000122070312,167.74085998535156,285.9262390136719,68.35470581054688,524.0595703125,634.072265625,102.51541900634766,102.18978881835938
2025-08-13,232.47125244140625,224.55999755859375,169.33302307128906,283.6611328125,68.113037109375,515.4844360351562,636.2428588867188,99.91343688964844,103.60521697998047
2025-08-14,231.9232635498047,230.97999572753906,169.62428283691406,287.2052917480469,67.23334503173828,517.36572265625,636.302001953125,99.77493286132812,103.39338684082031
2025-08-15,230.73764038085938,231.02999877929688,171.48828125,283.6220397949219,67.59101867675781,515.0783081054688,634.8123168945312,99.16507720947266,103.49056243896484
2025-08-18,230.04022216796875,231.49000549316406,171.10964965820312,284.6374816894531,66.82733154296875,512.0383911132812,634.6741333007812,99.85922241210938,103.71409606933594
2025-08-19,229.71144104003906,228.00999450683594,172.61444091796875,283.78802490234375,67.79402923583984,504.7801818847656,631.2308959960938,100.4443130493164,104.39437103271484
2025-08-20,225.17819213867188,223.80999755859375,173.62411499023438,285.3306884765625,68.34503936767578,500.76983642578125,629.5537719726562,101.71361541748047,105.47310638427734
2025-08-21,224.072265625,221.9499969482422,173.7114715576172,284.5788879394531,68.30638885498047,500.1251220703125,627.0280151367188,97.14210510253906,106.15339660644531
2025-08-22,226.9217529296875,228.83999633789062,174.06097412109375,289.2361145019531,67.79402923583984,503.09075927734375,636.6571655273438,96.02154541015625,108.14564514160156
2025-08-25,226.323974609375,227.94000244140625,173.20664978027344,287.92779541015625,66.63399505615234,500.14495849609375,633.855224609375,95.26789093017578,108.59268951416016
2025-08-26,228.46604919433594,228.7100067138672,172.600341796875,291.51104736328125,66.44066619873047,497.94305419921875,636.5092163085938,95.24805450439453,108.3497314453125
2025-08-27,229.6417236328125,229.1199951171875,172.8937225341797,292.2042541503906,66.53733825683594,502.604736328125,637.95947265625,95.27780151367188,109.57424926757812
2025-08-28,231.70408630371094,231.60000610351562,171.58323669433594,293.9519348144531,66.0829849243164,505.4810485839844,640.21875,95.30755615234375,110.1573486328125
2025-08-29,231.28562927246094,229.0,173.2653350830078,294.2936706542969,66.6919937133789,502.5551452636719,636.4006958007812,96.17029571533203,111.07086944580078
2025-09-02,228.8745574951172,225.33999633789062,174.13572692871094,292.6143493652344,66.7596664428711,500.9979248046875,631.6847534179688,97.03302001953125,111.45960998535156
2025-09-03,237.59234619140625,225.99000549316406,174.07704162597656,292.42877197265625,66.6919937133789,501.22607421875,635.1082763671875,98.60974884033203,108.75790405273438
2025-09-04,238.89752197265625,235.67999267578125,174.82029724121094,296.63690185546875,65.97665405273438,503.82470703125,640.4161376953125,100.0873031616211,109.23410034179688
2025-09-05,238.80784606933594,232.3300018310547,174.49755859375,287.4200744628906,65.69630432128906,490.9605407714844,638.561279296875,99.67081451416016,106.15339660644531
2025-09-08,237.00450134277344,235.83999633789062,174.20416259765625,285.9848327636719,65.1839599609375,494.1344299316406,640.1300048828125,101.42604064941406,106.75592041015625
2025-09-09,233.48751831054688,238.24000549316406,173.0599822998047,290.8080139160156,65.59963989257812,494.3426818847656,641.60986328125,101.43595886230469,107.53339385986328
2025-09-10,225.955322265625,230.3300018310547,171.91575622558594,293.4344787597656,65.56096649169922,496.2867431640625,643.4647216796875,99.5716552734375,109.33129119873047
2025-09-11,229.18341064453125,229.9499969482422,174.5660400390625,298.33575439453125,65.36764526367188,496.9214782714844,648.81201171875,101.79295349121094,108.98143005371094
2025-09-12,233.2085418701172,228.14999389648438,174.13572692871094,299.6538391113281,64.7779541015625,505.7389221191406,648.5949096679688,102.62593078613281,109.00086212158203
2025-09-15,235.82884216308594,231.42999267578125,173.49026489257812,301.5968017578125,64.4954605102539,511.1543884277344,652.0480346679688,102.82426452636719,109.18550872802734
2025-09-16,237.2735137939453,234.0500030517578,172.5709991455078,301.8799133300781,64.52468872070312,504.885986328125,651.1502685546875,102.5565185546875,111.44988250732422
2025-09-17,238.1104278564453,231.6199951171875,173.294677734375,304.37939453125,65.30396270751953,505.8579406738281,650.3412475585938,103.39942169189453,112.04270935058594
2025-09-18,237.00450134277344,231.22999572753906,170.32167053222656,305.8244323730469,64.73898315429688,504.30078125,653.3798828125,102.73501586914062,110.72100830078125
2025-09-19,244.59646606445312,231.47999572753906,172.30694580078125,307.3377685546875,64.70976257324219,513.7034301757812,656.615966796875,101.47561645507812,109.64227294921875
2025-09-22,255.1374969482422,227.6300048828125,170.37057495117188,305.0531005859375,64.4954605102539,510.2518615722656,659.7224731445312,101.96153259277344,108.86479949951172
2025-09-23,253.4936065673828,220.7100067138672,172.68832397460938,305.3459777832031,64.98250579833984,505.0744323730469,656.1312255859375,101.66402435302734,110.74044036865234
2025-09-24,251.3813934326172,220.2100067138672,172.7958984375,306.00994873046875,64.72924041748047,505.98687744140625,654.043701171875,101.87228393554688,111.33325958251953
2025-09-25,255.92459106445312,218.14999389648438,173.81300354003906,306.0392150878906,64.27142333984375,502.8923645019531,651.0263671875,102.18960571289062,112.3342514038086
2025-09-26,254.51980590820312,219.77999877929688,175.74935913085938,308.5874938964844,63.96944046020508,507.28619384765625,654.756103515625,102.29869842529297,113.91834259033203
2025-09-29,253.4936065673828,222.1699981689453,177.6172637939453,308.22625732421875,64.3298568725586,510.4004821777344,656.59619140625,102.2193603515625,111.00284576416016
2025-09-30,253.69287109375,219.57000732421875,181.33351135253906,307.9723815917969,64.60261535644531,513.7233276367188,659.0695190429688,102.19953155517578,109.57424926757812
2025-10-01,254.5098419189453,220.6300048828125,181.94961547851562,303.3640441894531,65.05069732666016,515.4688720703125,661.3153686523438,101.10870361328125,108.83563995361328
2025-10-02,256.1836853027344,222.41000366210938,181.88116455078125,300.2786865234375,64.3883056640625,511.53125,662.0769653320312,100.85087585449219,108.1553726196289
2025-10-03,257.07037353515625,219.50999450683594,184.4825439453125,302.7000732421875,64.924072265625,513.1281127929688,662.0672607421875,101.21778869628906,110.06988525390625
2025-10-06,255.7452850341797,220.89999389648438,184.0131378173828,303.3377685546875,64.3883056640625,524.256591796875,664.4415283203125,101.842529296875,110.9833984375
2025-10-07,255.53607177734375,221.77999877929688,184.72705078125,301.8759460449219,65.06044006347656,519.7039794921875,661.9781494140625,102.37802124023438,111.04171752929688
2025-10-08,257.1102600097656,225.22000122070312,185.5093994140625,298.2850646972656,64.40779113769531,520.56689453125,665.925537109375,102.0408706665039,110.8084716796875
2025-10-09,253.1050262451172,227.74000549316406,186.8687744140625,299.7568054199219,64.65132141113281,518.1369018554688,663.996337890625,100.9202880859375,109.72974395751953
2025-10-10,244.3673095703125,216.3699951171875,186.51669311523438,295.2044677734375,65.30396270751953,506.7903137207031,646.0499877929688,100.98971557617188,107.61114501953125
2025-10-13,246.74851989746094,220.07000732421875,186.69273376464844,302.150634765625,65.07018280029297,509.8550720214844,655.9629516601562,101.26737213134766,109.07860565185547
2025-10-14,246.85812377929688,216.38999938964844,186.6438446044922,296.3719482421875,65.76180267333984,509.3790283203125,655.16162109375,106.31488037109375,109.127197265625
2025-10-15,248.4223175048828,215.57000732421875,186.956787109375,299.9137268066406,65.34293365478516,509.2401428222656,658.0703125,108.11967468261719,108.46635437011719
2025-10-16,246.53927612304688,214.47000122070312,187.88583374023438,292.89886474609375,65.83972930908203,507.43499755859375,653.5886840820312,105.5810546875,107.523681640625
2025-10-17,251.36148071289062,213.0399932861328,188.96160888671875,291.9373474121094,66.66771697998047,509.3889465332031,657.298583984375,106.83053588867188,109.07860565185547
2025-10-20,261.27484130859375,216.47999572753906,189.45057678222656,296.64666748046875,66.66771697998047,512.5726928710938,664.1348876953125,106.15621185302734,109.52565002441406
2025-10-21,261.8028869628906,222.02999877929688,187.65113830566406,291.4762268066406,69.37571716308594,513.4356079101562,664.1249389648438,105.33314514160156,109.5353775024414
2025-10-22,257.4988098144531,217.9499969482422,188.6877899169922,288.5525207519531,68.97633361816406,516.2920532226562,660.6722412109375,106.2454605102539,111.47904205322266
2025-10-23,258.6246032714844,221.08999633789062,188.2281494140625,288.9744567871094,68.12887573242188,516.3119506835938,664.5899047851562,105.96780395507812,112.71327209472656
2025-10-24,261.85272216796875,224.2100067138672,186.20375061035156,294.7629699707031,67.90482330322266,519.3370361328125,670.0213623046875,105.28355407714844,112.13988494873047
2025-10-27,267.8206787109375,226.97000122070312,186.10597229003906,298.4028625488281,68.24576568603516,527.1825561523438,677.926025390625,103.5977554321289,112.67440032958984
2025-10-28,268.00994873046875,229.25,182.8102264404297,299.5899658203125,68.34317779541016,537.6464233398438,679.7266235351562,102.30860137939453,111.7900161743164
2025-10-29,268.7074279785156,230.3000030517578,182.48751831054688,299.7371826171875,66.58003997802734,537.130615234375,680.05322265625,101.60453033447266,113.1700210571289
2025-10-30,270.4011535644531,222.86000061035156,184.88352966308594,303.5928649902344,67.19373321533203,521.469482421875,672.5738525390625,101.37645721435547,111.45960998535156
2025-10-31,269.37493896484375,244.22000122070312,184.7074737548828,305.2411193847656,67.11580657958984,513.5844116210938,674.780029296875,100.33522033691406,111.13890075683594
2025-11-03,268.0597839355469,254.0,182.15499877929688,303.50457763671875,66.20987701416016,512.810791015625,676.04638671875,100.7417984008789,110.5558090209961
2025-11-04,269.0461730957031,249.32000732421875,182.7417755126953,303.4064636230469,66.88201904296875,510.1328430175781,668.0327758789062,101.4161148071289,110.92509460449219
2025-11-05,269.14581298828125,250.1999969482422,181.90074157714844,305.7905578613281,66.73590087890625,503.02130126953125,670.3478393554688,100.62281036376953,110.47805786132812
2025-11-06,268.7771301269531,243.0399932861328,182.84934997558594,307.4976806640625,67.27165985107422,493.04339599609375,663.1554565429688,100.83103942871094,111.27495574951172
2025-11-07,267.48193359375,244.41000366210938,182.4581756591797,308.2727355957031,68.72307586669922,492.76568603515625,663.8082885742188,101.73344421386719,113.91834259033203
2025-11-10,268.6985778808594,248.39999389648438,184.2576141357422,310.902099609375,68.69384765625,501.87078857421875,674.1665649414062,101.56486511230469,114.89018249511719
2025-11-11,274.5028076171875,249.10000610351562,189.55816650390625,309.6560974121094,69.75562286376953,504.5289001464844,675.7099609375,102.57636260986328,116.4062271118164
2025-11-12,272.7276611328125,244.1999969482422,190.10581970214844,314.3555908203125,69.65821838378906,506.9688415527344,676.0859375,102.57636260986328,114.79299926757812
2025-11-13,272.2090759277344,237.5800018310547,190.94686889648438,303.63214111328125,69.22960662841797,499.1828918457031,664.8670043945312,101.68386840820312,115.44412231445312
2025-11-14,271.6705322265625,234.69000244140625,191.61187744140625,297.8730163574219,69.3172836303711,506.0166320800781,664.7581176757812,101.6243667602539,116.94403839111328
2025-11-17,266.7339782714844,232.8699951171875,195.18145751953125,294.6942443847656,68.8497085571289,503.34857177734375,658.56494140625,102.09043884277344,115.36568450927734
2025-11-18,266.7139892578125,222.5500030517578,195.59217834472656,293.7524108886719,69.37571716308594,489.7604064941406,653.0346069335938,100.54347229003906,116.68914031982422
2025-11-19,267.83099365234375,222.69000244140625,198.04684448242188,297.5394592285156,69.2685775756836,483.14483642578125,655.5574951171875,99.76997375488281,115.04218292236328
2025-11-20,265.5272521972656,217.13999938964844,198.5945281982422,292.74188232421875,69.36598205566406,475.41387939453125,645.5652465820312,106.21571350097656,114.71866607666016
2025-11-21,270.75299072265625,220.69000244140625,199.40623474121094,292.3886413574219,71.06092071533203,469.1436462402344,651.9959106445312,104.4406509399414,114.7774887084961
2025-11-24,275.1710205078125,226.27999877929688,201.50885009765625,292.3690185546875,70.71024322509766,471.0118103027344,661.59228515625,103.19117736816406,113.68932342529297
2025-11-25,276.2181396484375,229.6699981689453,203.39846801757812,297.2745666503906,70.72972869873047,473.9829406738281,667.815185546875,106.10662841796875,112.25802612304688
2025-11-26,276.79656982421875,229.16000366210938,204.2743682861328,301.826904296875,70.99273681640625,482.4393310546875,672.4254760742188,108.18909454345703,112.51292419433594
2025-11-28,278.0930480957031,233.22000122070312,203.64450073242188,307.1640625,71.22652435302734,488.9082946777344,676.0958862304688,109.58733367919922,113.64029693603516
2025-12-01,282.33148193359375,233.8800048828125,202.08950805664062,303.082763671875,70.57909393310547,483.6714782714844,673.0091552734375,110.59880065917969,114.33634185791016
2025-12-02,285.4131164550781,234.4199981689453,202.16824340820312,302.0623474121094,69.323486328125,486.91094970703125,674.2556762695312,111.47146606445312,113.11092376708984
2025-12-03,283.378662109375,232.3800048828125,202.0796661376953,306.2320861816406,69.46080780029297,474.7182922363281,676.5905151367188,113.45476531982422,115.48333740234375
2025-12-04,279.93804931640625,229.11000061035156,199.27479553222656,310.12701416015625,69.10767364501953,477.8087158203125,677.085205078125,113.88116455078125,114.83631134033203
2025-12-05,278.0232238769531,229.52999877929688,198.73348999023438,309.08709716796875,68.66625213623047,480.11407470703125,678.3712768554688,114.14891052246094,114.24811553955078
2025-12-08,277.1356506347656,226.88999938964844,198.4283905029297,309.25384521484375,68.91149139404297,487.9245300292969,676.3333129882812,112.61185455322266,113.6991195678711
2025-12-09,276.42755126953125,227.9199981689453,196.794677734375,294.83160400390625,68.75453186035156,488.9181823730469,675.7495727539062,114.09933471679688,115.92448425292969
2025-12-10,278.0232238769531,231.77999877929688,203.2705078125,304.2502136230469,68.87224578857422,475.5430908203125,680.2312622070312,112.23503112792969,117.1891098022461
2025-12-11,277.2752380371094,230.27999877929688,206.68557739257812,311.3828430175781,67.793212890625,480.422119140625,681.8140869140625,114.55548858642578,117.1891098022461
2025-12-12,277.52459716796875,226.19000244140625,208.23074340820312,312.50128173828125,69.17633819580078,475.51324462890625,674.4832153320312,115.96154022216797,116.4832763671875
2025-12-15,273.3658752441406,222.5399932861328,210.77972412109375,313.9729309082031,69.6177749633789,471.82666015625,673.4641723632812,116.05097961425781,115.44412231445312
2025-12-16,273.8645324707031,222.55999755859375,205.98681640625,309.58740234375,69.02920532226562,473.38677978515625,671.6240844726562,114.68964385986328,112.42469024658203
2025-12-17,271.1020812988281,221.27000427246094,207.00050354003906,309.0281982421875,69.323486328125,473.1184387207031,664.2338256835938,114.92813110351562,115.10100555419922
2025-12-18,271.45111083984375,226.75999450683594,205.01248168945312,307.0856018066406,69.01939392089844,480.92889404296875,669.2496948242188,114.10337829589844,114.24811553955078
2025-12-19,272.9271545410156,227.35000610351562,203.10321044921875,311.2160339355469,68.72510528564453,482.8566589355469,675.3153686523438,113.63634490966797,114.3951644897461
2025-12-22,270.23443603515625,228.42999267578125,204.0381622314453,316.98492431640625,68.87224578857422,481.8630065917969,679.5224609375,111.88748931884766,115.82645416259766
2025-12-23,271.62066650390625,232.13999938964844,202.52255249023438,319.7712707519531,68.53873443603516,483.7807922363281,682.6282348632812,110.1982421875,117.07147216796875
2025-12-24,273.06671142578125,232.3800048828125,204.4908905029297,322.9500732421875,68.77415466308594,484.94342041015625,685.0294799804688,110.90375518798828,116.87540435791016
2025-12-26,272.6578369140625,232.52000427246094,204.34326171875,321.7138671875,68.53873443603516,484.6353759765625,684.9599609375,111.03292846679688,116.767578125
2025-12-29,273.0168762207031,232.07000732421875,204.2743682861328,317.6324768066406,68.82320404052734,484.02923583984375,682.51904296875,111.81792449951172,118.1596450805664
2025-12-30,272.33868408203125,232.52999877929688,203.6346435546875,317.3087158203125,68.73492431640625,484.4068298339844,681.685546875,111.2117919921875,118.610595703125
2025-12-31,271.12200927734375,230.82000732421875,203.6740264892578,316.13140869140625,68.57797241210938,480.5711669921875,676.635009765625,110.70501708984375,117.97337341308594
2026-01-02,270.27435302734375,226.5,204.06768798828125,319.3298034667969,67.80301666259766,469.95849609375,677.8753051757812,112.04647827148438,120.23796081542969
2026-01-05,266.5345458984375,233.05999755859375,201.0758056640625,327.7280578613281,66.64550018310547,469.8691101074219,682.3900756835938,111.99678802490234,122.89466094970703
2026-01-06,261.64776611328125,240.92999267578125,201.5482177734375,329.76806640625,66.54740905761719,475.493408203125,686.4484252929688,113.61646270751953,118.66941833496094
2026-01-07,259.6233215332031,241.55999755859375,204.20547485351562,322.2583312988281,66.25312042236328,480.422119140625,684.2356567382812,112.00672912597656,116.15975952148438
2026-01-08,258.33685302734375,246.2899932861328,202.49301147460938,325.0178527832031,68.04825592041016,475.09588623046875,684.1661987304688,112.35450744628906,120.49284362792969
2026-01-09,258.6659240722656,247.3800048828125,201.15455627441406,324.426513671875,69.16653442382812,476.2585144042969,688.6908569335938,113.8052749633789,122.15940856933594
2026-01-12,259.54351806640625,246.47000122070312,206.4001922607422,319.7945251464844,69.15673065185547,474.1717529296875,689.7723999023438,117.2235107421875,121.59081268310547
2026-01-13,260.34136962890625,242.60000610351562,210.26795959472656,306.40118408203125,69.88262176513672,467.70281982421875,688.3932495117188,119.59837341308594,124.05145263671875
2026-01-14,259.25433349609375,236.64999389648438,215.09039306640625,303.4150390625,70.07881927490234,456.4839782714844,685.009521484375,119.28040313720703,127.63947296142578
2026-01-15,257.5090637207031,238.17999267578125,216.09425354003906,304.7849426269531,69.1371078491211,453.7811279296875,686.8750610351562,118.44571685791016,126.59051513671875
2026-01-16,254.83636474609375,239.1199951171875,215.1986541748047,307.948486328125,69.0978775024414,456.9609375,686.2994995117188,118.94255065917969,127.33555603027344
2026-01-20,246.0303192138672,231.0,214.7557830810547,298.3592529296875,70.38290405273438,451.6546325683594,672.3286743164062,117.95882415771484,127.89437866210938
2026-01-21,246.97775268554688,231.30999755859375,214.55894470214844,297.66943359375,70.63795471191406,441.31024169921875,680.0880737304688,118.60470581054688,130.98240661621094
2026-01-22,247.67584228515625,234.33999633789062,215.03135681152344,299.23638916015625,70.50062561035156,448.2959289550781,683.6402587890625,117.08438873291016,131.01182556152344
2026-01-23,247.36668395996094,239.16000366210938,216.6552276611328,293.41192626953125,71.49137878417969,463.0125732421875,683.8883666992188,116.98502349853516,132.315673828125
2026-01-26,254.7166748046875,238.4199981689453,217.98385620117188,296.68389892578125,71.17747497558594,467.3152770996094,687.3612060546875,116.89559936523438,132.18820190429688
2026-01-27,257.56890869140625,244.67999267578125,220.8871612548828,295.96441650390625,72.14862060546875,477.5503234863281,690.099853515625,116.20002746582031,134.1390838623047
2026-01-28,255.74388122558594,243.00999450683594,224.11524963378906,296.417724609375,71.6679458618164,478.5937194824219,690.0303344726562,115.83236694335938,134.8743438720703
2026-01-29,257.578857421875,241.72999572753906,223.69203186035156,301.98602294921875,72.03089904785156,430.76715087890625,688.6610717773438,116.66705322265625,137.7467041015625
2026-01-30,258.775634765625,239.3000030517578,223.6526641845703,301.46368408203125,73.38460540771484,427.577392578125,686.6071166992188,118.38610076904297,138.61920166015625
2026-02-02,269.2770690917969,242.9600067138672,227.0972900390625,303.6811218261719,73.89469909667969,420.7010192871094,690.0204467773438,123.27497100830078,135.67820739746094
2026-02-03,268.7485046386719,238.6199951171875,229.4100799560547,310.29400634765625,75.42496490478516,408.6176452636719,684.18603515625,126.90187072753906,140.90338134765625
2026-02-04,275.73944091796875,232.99000549316406,230.7583770751953,312.6789855957031,75.8761978149414,411.578857421875,680.8719482421875,127.19003295898438,144.68746948242188
2026-02-05,275.1610107421875,222.69000244140625,234.02581787109375,305.6719055175781,77.01410675048828,391.188232421875,672.3682861328125,126.13674926757812,143.20716857910156
2026-02-06,277.36505126953125,210.32000732421875,236.19100952148438,317.73480224609375,77.52420043945312,398.61114501953125,685.2676391601562,130.34991455078125,146.11875915527344
2026-02-09,274.13079833984375,208.72000122070312,234.86236572265625,317.4391174316406,76.48440551757812,410.9925842285156,688.5718383789062,128.20359802246094,148.23629760742188
2026-02-10,273.19244384765625,206.9600067138672,234.5769805908203,313.6744079589844,75.34649658203125,410.6646728515625,686.7559814453125,125.89826965332031,148.6088104248047
2026-02-11,275.00921630859375,204.0800018310547,237.0472412109375,306.32232666015625,77.1023941040039,401.8207702636719,686.5972290039062,127.95516204833984,152.500732421875
2026-02-12,261.2637634277344,199.60000610351562,240.67881774902344,298.2607421875,77.4947738647461,399.30670166015625,675.9900512695312,132.79434204101562,147.9611358642578
2026-02-13,255.32435607910156,198.7899932861328,239.5962371826172,298.1719970703125,77.18086242675781,398.7900085449219,676.4663696289062,133.04275512695312,146.50057983398438
2026-02-17,263.4099426269531,201.14999389648438,239.47813415527344,302.68572998046875,78.04409790039062,394.3581237792969,677.5578002929688,128.03465270996094,144.270263671875
2026-02-18,263.8791198730469,204.7899932861328,241.1118621826172,304.3118591308594,77.97543334960938,397.08087158203125,680.97119140625,125.81877899169922,148.7012939453125
2026-02-19,260.11578369140625,204.86000061035156,243.00146484375,303.5923767089844,77.40648651123047,396.8517761230469,679.1751708984375,124.07984161376953,148.98748779296875
2026-02-20,264.1086730957031,210.11000061035156,238.65142822265625,306.29278564453125,78.31876373291016,395.6267395019531,684.0867919921875,122.21173858642578,145.345947265625
2026-02-23,265.705810546875,205.27000427246094,241.9484100341797,293.3626403808594,79.0250473022461,382.918212890625,677.1013793945312,125.0138931274414,148.78024291992188
2026-02-24,271.6552429199219,208.55999755859375,243.6699676513672,292.9979553222656,79.18199920654297,387.4299621582031,682.0228881835938,125.94794464111328,147.29994201660156
2026-02-25,273.74151611328125,210.63999938964844,242.5717315673828,298.9111633300781,78.93675994873047,398.9831237792969,687.7780151367188,124.95427703857422,147.10256958007812
2026-02-26,272.4637756347656,207.9199981689453,240.88975524902344,301.7002258300781,78.96619415283203,400.0986022949219,683.9578247070312,123.6326904296875,146.58938598632812
2026-02-27,263.70941162109375,210.0,245.79718017578125,295.95452880859375,80.00598907470703,391.15484619140625,680.6734619140625,127.14035034179688,150.49740600585938
2026-03-02,264.2484130859375,208.38999938964844,245.92579650878906,293.25421142578125,78.6915283203125,396.9413757324219,681.0604858398438,126.29573822021484,152.19480895996094
2026-03-03,263.2801818847656,208.72999572753906,244.13497924804688,295.9151611328125,77.82829284667969,402.2996826171875,675.0573120117188,127.1006088256836,149.83619689941406
2026-03-04,262.0523376464844,216.82000732421875,242.7003631591797,295.0577697753906,76.6119155883789,403.5645751953125,679.8201293945312,127.00122833251953,147.85260009765625
2026-03-05,259.8263244628906,218.94000244140625,237.0904541015625,289.30224609375,75.56230163574219,409.0224304199219,676.0297241210938,122.52971649169922,148.78024291992188
2026-03-06,257.0013427734375,213.2100067138672,237.85227966308594,285.2911376953125,75.5721206665039,407.30938720703125,667.1689453125,123.0166244506836,149.22434997558594
2026-03-09,259.41705322265625,213.49000549316406,240.01905822753906,285.72479248046875,76.31764221191406,407.757568359375,673.0133056640625,123.55319213867188,148.46444702148438
2026-03-10,260.3653564453125,214.3300018310547,241.12721252441406,284.552001953125,76.39610290527344,404.122314453125,671.9317016601562,124.32826232910156,146.18479919433594
2026-03-11,260.34539794921875,212.64999389648438,240.41482543945312,283.3594665527344,76.15087127685547,403.245849609375,671.08837890625,122.70857238769531,149.5894775390625
2026-03-12,255.3043975830078,209.52999877929688,239.47488403320312,278.7965087890625,76.13126373291016,400.238037109375,660.89794921875,124.53694152832031,151.5138702392578
2026-03-13,249.6744384765625,207.6699981689453,238.9604034423828,279.33856201171875,76.38804626464844,393.9534912109375,657.1571655273438,125.71940612792969,154.06985473632812
2026-03-16,252.36964416503906,211.74000549316406,240.61270141601562,282.0191650390625,76.86214447021484,398.33575439453125,663.844970703125,125.19275665283203,155.165283203125
2026-03-17,253.77711486816406,215.1999969482422,235.5865478515625,282.7386169433594,76.62510681152344,397.79791259765625,665.5912475585938,124.28852081298828,156.7245330810547
2026-03-18,249.49476623535156,209.8699951171875,234.7653350830078,283.5762939453125,75.03491973876953,390.2087097167969,656.3038330078125,121.2081298828125,155.5205535888672
2026-03-19,248.5165252685547,208.75999450683594,235.0819549560547,283.802978515625,74.62008666992188,387.4498596191406,654.6864624023438,120.32376098632812,156.08306884765625
2026-03-20,247.54823303222656,205.3699951171875,232.87557983398438,282.41339111328125,73.8299331665039,380.3287353515625,645.3009643554688,118.50957489013672,157.5732421875
2026-03-23,251.04200744628906,210.13999938964844,232.925048828125,285.71490478515625,74.18550109863281,381.4541931152344,652.07666015625,120.2022933959961,159.0140838623047
2026-03-24,251.1917266845703,207.24000549316406,232.77664184570312,288.16888427734375,73.75091552734375,371.2355651855469,649.8877563476562,121.5265884399414,163.20826721191406
2026-03-25,252.16998291015625,211.7100067138672,237.3872528076172,291.1452331542969,74.32377624511719,369.5424499511719,653.5094604492188,122.5322494506836,161.11610412597656
2026-03-26,252.43951416015625,207.5399932861328,236.70458984375,287.4396057128906,73.77067565917969,364.492919921875,641.838623046875,121.6560287475586,163.25759887695312
2026-03-27,248.35679626464844,199.33999633789062,237.90174865722656,278.7472229003906,74.77812194824219,355.33001708984375,630.89404296875,122.36298370361328,168.7445831298828
2026-03-30,246.19065856933594,200.9499969482422,239.92013549804688,279.66375732421875,75.33122253417969,357.51116943359375,628.78466796875,122.9703598022461,169.21827697753906
2026-03-31,253.33790588378906,208.27000427246094,241.84947204589844,289.9034423828125,75.11393737792969,368.67596435546875,647.0621337890625,123.74702453613281,167.4320526123047
2026-04-01,255.1746368408203,210.57000732421875,241.53285217285156,291.1057434082031,75.14356231689453,367.8791809082031,651.9373779296875,124.20504760742188,158.66867065429688
2026-04-02,255.464111328125,209.77000427246094,240.46429443359375,290.3370666503906,75.77568817138672,371.9526672363281,652.5244750976562,125.25054931640625,158.57984924316406
2026-04-06,258.39886474609375,212.7899932861328,238.41622924804688,292.6649169921875,76.26953887939453,371.375,655.6087646484375,126.24625396728516,161.2246551513672
2026-04-07,253.0484161376953,213.77000427246094,235.8833770751953,294.5965270996094,74.97566223144531,370.78741455078125,655.8972778320312,121.9646987915039,161.757568359375
2026-04-08,258.4388122558594,221.25,238.7427520751953,305.0668640136719,76.33866882324219,372.81915283203125,672.6027221679688,126.71424865722656,154.16854858398438
2026-04-09,260.0259704589844,233.64999389648438,238.7526397705078,307.40460205078125,77.21771240234375,371.56427001953125,676.4830322265625,128.5762176513672,153.00404357910156
2026-04-10,260.0159912109375,238.3800048828125,235.93284606933594,306.948974609375,76.5164566040039,369.3731384277344,676.0353393554688,126.2263412475586,150.5072479248047
2026-04-13,258.73828125,239.88999938964844,235.43814086914062,310.7230529785156,75.4695053100586,382.8186340332031,682.6417846679688,124.03577423095703,150.63555908203125
2026-04-14,258.3689270019531,249.02000427246094,237.5554656982422,308.1871643066406,74.96578216552734,391.5233459472656,690.959716796875,124.51372528076172,147.28021240234375
2026-04-15,265.95538330078125,248.5,236.14060974121094,303.0461120605469,74.38304138183594,409.5602722167969,696.412109375,124.22496795654297,147.05322265625
2026-04-16,262.9307861328125,249.6999969482422,232.05438232421875,307.0282287597656,74.25464630126953,418.56378173828125,698.1234130859375,124.28470611572266,149.98422241210938
2026-04-17,269.7486267089844,250.55999755859375,231.6981964111328,307.3650207519531,74.80774688720703,421.0835876464844,706.5607299804688,126.95321655273438,144.5169677734375
2026-04-20,272.5635681152344,248.27999877929688,228.2451934814453,314.0018615722656,74.55094909667969,416.38262939453125,705.1477661132812,127.37140655517578,145.7406768798828
2026-04-21,265.69586181640625,249.91000366210938,223.76318359375,310.0494689941406,73.78054809570312,422.44805908203125,700.53125,129.04421997070312,146.41175842285156
2026-04-22,272.68341064453125,255.36000061035156,223.70384216308594,310.06927490234375,73.7114028930664,431.1726989746094,707.6253051757812,129.4225616455078,147.5367889404297
2026-04-23,272.9429016113281,255.0800018310547,228.2056121826172,308.7518310546875,75.34109497070312,414.07196044921875,704.8792114257812,131.46377563476562,148.5532684326172
2026-04-24,270.5771179199219,263.989990234375,225.0889892578125,305.37396240234375,75.6867904663086,422.90618896484375,710.3414916992188,129.3628387451172,146.9545440673828
2026-04-27,267.1332702636719,261.1199951171875,222.95188903808594,308.6923828125,74.51144409179688,423.1053771972656,711.5653686523438,127.04281616210938,146.24400329589844
2026-04-28,270.2277526855469,259.70001220703125,225.37591552734375,308.51409912109375,77.3856201171875,427.5174865722656,708.1029052734375,127.04281616210938,148.58287048339844
2026-04-29,269.688720703125,263.0400085449219,224.94058227539062,306.3348083496094,77.89922332763672,422.7467956542969,707.993408203125,127.46102142333984,152.63890075683594
2026-04-30,270.86663818359375,265.05999755859375,227.41409301757812,310.2773132324219,77.79057312011719,406.1341552734375,715.0377197265625,131.3642120361328,152.30335998535156
2026-05-01,279.6409912109375,268.260009765625,224.7822723388672,309.52447509765625,77.61279296875,412.76727294921875,717.0177001953125,131.03562927246094,150.74411010742188
2026-05-04,276.3368225097656,272.04998779296875,221.82395935058594,304.7498779296875,77.22759246826172,411.9505615234375,714.3909912109375,129.77108764648438,151.67176818847656
2026-05-05,283.67376708984375,273.54998779296875,223.15966796875,306.4833984375,77.51402282714844,409.7196350097656,720.1220092773438,130.22909545898438,152.8461456298828
2026-05-06,286.99786376953125,274.989990234375,222.23951721191406,311.9315490722656,78.25479888916016,412.2891845703125,730.1312866210938,129.52215576171875,146.7374267578125
2026-05-07,286.927978515625,271.1700134277344,220.15187072753906,303.3829040527344,77.46463775634766,419.07171630859375,727.8926391601562,129.64163208007812,144.65513610839844
2026-05-08,292.7974853515625,272.67999267578125,218.9744873046875,299.2522277832031,77.45476531982422,413.44451904296875,733.9021606445312,130.1184844970703,142.67153930664062
2026-05-11,292.42779541015625,268.989990234375,219.08331298828125,297.1719970703125,77.69181060791016,410.99444580078125,735.5736694335938,127.28527069091797,147.7144317626953
2026-05-12,294.54595947265625,265.82000732421875,221.88331604003906,302.0060119628906,79.0449447631836,406.1241760253906,734.4593505859375,130.0386962890625,148.65196228027344
2026-05-13,298.6124572753906,270.1300048828125,227.97804260253906,297.419677734375,79.2721176147461,403.57452392578125,738.5685424804688,131.156005859375,149.57962036132812
2026-05-14,297.9530334472656,267.2200012207031,228.35403442382812,297.0828857421875,79.45977020263672,407.7774963378906,744.3989868164062,132.14364624023438,150.77371215820312
2026-05-15,299.9713134765625,264.1400146484375,224.307373046875,295.0026550292969,79.82522583007812,420.2170715332031,735.4443969726562,131.1360626220703,156.90402221679688
2026-05-18,297.5833435058594,264.8599853515625,226.4939422607422,297.8951416015625,80.2005386352539,421.83056640625,734.927001953125,133.02154541015625,159.45748901367188
2026-05-19,298.7123718261719,259.3399963378906,227.56248474121094,292.91253662109375,80.91167449951172,415.7352600097656,730.03173828125,133.87948608398438,161.50424194335938
2026-05-20,301.98956298828125,265.010009765625,226.88970947265625,299.13336181640625,80.54623413085938,419.36053466796875,737.5138549804688,130.53749084472656,155.27456665039062
2026-05-21,304.7271728515625,268.4599914550781,229.27415466308594,300.14373779296875,80.17091369628906,418.3025207519531,738.9764404296875,121.05020141601562,154.2909393310547
2026-05-22,308.55389404296875,266.32000732421875,231.85650634765625,303.49188232421875,80.47710418701172,417.7835388183594,741.8817749023438,119.98275756835938,153.92332458496094
2026-05-26,308.0643005371094,265.2900085449219,229.0503387451172,303.8484802246094,79.46965789794922,415.248291015625,746.8068237304688,118.28681945800781,148.84619140625
2026-05-27,310.5821533203125,271.8500061035156,230.15489196777344,296.45880126953125,80.6153793334961,411.8946228027344,746.6774291992188,118.25688934326172,146.948486328125
2026-05-28,312.24072265625,274.0,229.66729736328125,293.932861328125,79.4202651977539,426.18768310546875,750.7965698242188,118.61603546142578,146.01454162597656
2026-05-29,311.7911071777344,270.6400146484375,224.22413635253906,296.488525390625,78.0374984741211,449.3940124511719,752.6671142578125,115.47355651855469,144.32546997070312
2026-06-01,306.0460510253906,261.260009765625,222.41307067871094,293.78424072265625,77.67205810546875,459.6546936035156,754.7166748046875,114.32630157470703,148.41897583007812
2026-06-02,314.92840576171875,256.5199890136719,221.79611206054688,298.1229553222656,77.44488525390625,440.48077392578125,755.7415771484375,112.78997802734375,148.59780883789062
2026-06-03,309.9926452636719,250.02000427246094,222.1444091796875,298.0140075683594,77.79057312011719,426.53704833984375,750.4384155273438,116.61083221435547,151.5487060546875
2026-06-04,310.9618225097656,253.7899932861328,227.05020141601562,307.9593811035156,75.87445831298828,427.2456970214844,753.2740478515625,117.45880126953125,151.0618438720703
2026-06-05,307.0751647949219,246.02999877929688,231.6276397705078,309.4254150390625,78.50172424316406,415.8870849609375,733.83251953125,118.59607696533203,148.9554901123047
2026-06-08,301.2801818847656,245.22000122070312,231.0206298828125,308.1772766113281,78.56097412109375,410.9663391113281,735.4940795898438,119.54381561279297,150.77371215820312
2026-06-09,290.29962158203125,244.19000244140625,235.8368682861328,309.7522888183594,80.33881378173828,402.6520080566406,733.3350830078125,118.59607696533203,147.95199584960938
2026-06-10,291.3287353515625,238.0,237.31956481933594,306.2258605957031,82.56111907958984,396.61334228515625,721.7736206054688,120.30199432373047,149.65098571777344
2026-06-11,295.375244140625,241.50999450683594,237.16033935546875,310.53485107421875,81.51416778564453,389.6065673828125,734.04150390625,120.21221160888672,145.6568603515625
2026-06-12,290.879150390625,238.5500030517578,239.6878662109375,317.69671630859375,81.60306549072266,390.00579833984375,738.0113525390625,120.75092315673828,146.064208984375
2026-06-15,296.1645812988281,246.02000427246094,234.50344848632812,316.3891296386719,80.43006896972656,399.0088806152344,751.0254516601562,120.53144836425781,140.01339721679688
2026-06-16,298.9821472167969,246.0,234.02578735351562,328.0184631347656,79.80380249023438,393.0899963378906,746.5481567382812,120.7409439086914,140.9473419189453
2026-06-17,295.6949768066406,237.5,233.0506134033203,330.31658935546875,79.45587921142578,378.1980285644531,737.225341796875,117.84786987304688,139.8345489501953
2026-06-18,297.7532043457031,244.38999938964844,227.2691192626953,322.1542663574219,78.91908264160156,378.6871032714844,744.8902587890625,116.90013885498047,136.92340087890625
2026-06-22,296.75408935546875,232.7899932861328,230.15489196777344,328.3552551269531,79.0582504272461,366.6497802734375,742.546142578125,116.90013885498047,137.57916259765625
2026-06-23,294.04638671875,234.11000061035156,237.9066619873047,330.9902038574219,79.8336181640625,373.23736572265625,731.7628784179688,119.1347885131836,138.83103942871094
2026-06-24,292.8274230957031,234.27000427246094,239.81723022460938,330.30670166015625,80.12190246582031,364.7733154296875,731.4237060546875,118.71578979492188,136.01925659179688
2026-06-25,274.91290283203125,227.00999450683594,243.67820739746094,331.9609375,79.9429702758789,352.1670227050781,732.4810791015625,115.50347900390625,136.66506958007812
2026-06-26,283.53546142578125,232.69000244140625,253.4102020263672,325.9481506347656,82.13985443115234,372.2691955566406,727.1842651367188,115.41370391845703,135.66156005859375
2026-06-29,281.4972229003906,240.13999938964844,257.2413024902344,326.28497314453125,82.15974426269531,367.8774719238281,739.1644897460938,114.32630157470703,135.18466186523438
2026-06-30,289.11065673828125,238.33999633789062,252.7235870361328,324.2443542480469,80.78792572021484,372.319091796875,744.9202270507812,112.989501953125,135.8404083251953
2026-07-01,294.1263427734375,241.6999969482422,252.73353576660156,330.9208679199219,80.80780792236328,383.5579528808594,743.9127197265625,108.56010437011719,135.4032440185547
2026-07-02,308.3640441894531,242.6699981689453,261.74908447265625,331.31707763671875,83.64089965820312,389.7562561035156,742.9351806640625,111.57289123535156,136.20802307128906
2026-07-06,312.3905944824219,244.16000366210938,258.0572509765625,336.0434875488281,82.46790313720703,386.0133056640625,749.4190673828125,110.38573455810547,135.5622100830078
2026-07-07,310.3923034667969,245.97999572753906,265.9284362792969,337.5360412597656,83.55143737792969,388.109375,745.85791015625,111.27361297607422,140.7784423828125
2026-07-08,313.1199645996094,243.6199951171875,262.1072998046875,328.9787292480469,82.9052963256836,382.6197204589844,743.5536499023438,112.82987976074219,140.2220458984375
2026-07-09,315.947509765625,247.0399932861328,257.8283996582031,333.8046569824219,82.13985443115234,383.6377868652344,749.8480224609375,111.94200897216797,136.57565307617188
2026-07-10,315.0483093261719,245.33999633789062,255.7188262939453,334.7997131347656,82.99475860595703,384.37640380859375,753.0799560546875,113.62797546386719,137.9865264892578
2026-07-13,317.03656005859375,247.30999755859375,256.5049133300781,332.86932373046875,83.75025177001953,390.2553405761719,747.3142700195312,114.50586700439453,143.58029174804688
2026-07-14,314.58868408203125,247.49000549316406,252.60418701171875,341.1878356933594,82.58719635009766,384.20672607421875,749.9677124023438,113.4284439086914,144.15655517578125
2026-07-15,327.2178039550781,254.9600067138672,245.8076934814453,345.1878967285156,81.96092224121094,394.8866271972656,752.9403076171875,112.26124572753906,143.58029174804688
2026-07-16,332.97283935546875,249.88999938964844,248.7432098388672,341.446533203125,84.41627502441406,400.3463439941406,748.8604125976562,114.67546081542969,145.0110321044922
2026-07-17,333.452392578125,247.22999572753906,251.7981414794922,339.40673828125,81.07620239257812,393.08001708984375,741.4487915039062,113.96715545654297,146.41195678710938
2026-07-20,326.3085632324219,249.99000549316406,247.59886169433594,337.1877746582031,81.63288879394531,401.53411865234375,740.2518310546875,111.9320297241211,147.40553283691406
2026-07-21,327.45758056640625,247.5500030517578,249.3800811767578,343.5162353515625,81.48377990722656,397.00262451171875,746.426513671875,110.12635803222656,150.73397827148438
2026-07-22,325.60919189453125,244.85000610351562,254.3754425048828,346.4814147949219,81.71240997314453,389.6065673828125,745.55859375,109.06888580322266,153.4563446044922
2026-07-23,321.3828430175781,233.66000366210938,257.99755859375,348.16302490234375,80.68852233886719,380.8630065917969,736.3515014648438,108.14111328125,155.88064575195312
2026-07-24,332.7330322265625,232.11000061035156,262.1072998046875,351.45660400390625,81.76211547851562,380.9828186035156,737.099609375,109.20855712890625,155.93032836914062
2026-07-27,336.61968994140625,231.38999938964844,264.6448059082031,354.4317626953125,83.57131958007812,388.368896484375,737.25927734375,111.47312927246094,153.7742919921875
2026-07-28,339.78692626953125,230.86000061035156,265.42095947265625,355.5362548828125,87.74639892578125,392.61090087890625,739.0248413085938,112.82987976074219,152.055419921875
2026-07-29,337.8985900878906,226.64999389648438,264.2268371582031,342.998779296875,88.55160522460938,389.8061828613281,727.6531372070312,113.94721221923828,155.74154663085938
2026-07-30,333.1426696777344,235.5,254.56451416015625,349.10833740234375,87.96509552001953,450.2524108886719,739.852783203125,110.83465576171875,155.96014404296875
2026-07-31,308.6438293457031,271.5799865722656,255.09190368652344,350.0436706542969,87.0704345703125,463.8468017578125,745.1796264648438,110.93441772460938,154.4399871826172
2026-08-03,303.1585693359375,284.0199890136719,253.1614227294922,350.8894348144531,86.34477233886719,486.73370361328125,755.793212890625,110.44558715820312,154.0624237060547
2026-08-04,309.1134033203125,277.4200134277344,253.67886352539062,355.7452087402344,86.04654693603516,491.884033203125,769.4193725585938,111.28358459472656,152.96951293945312
2026-08-05,310.7320251464844,272.6499938964844,256.3258056640625,357.4566650390625,86.31494903564453,486.5440673828125,767.8831787109375,112.07169342041016,150.6544952392578
2026-08-06,312.14080810546875,272.260009765625,255.7188262939453,354.53125,86.33482360839844,498.9207458496094,766.65625,111.8023452758789,153.84384155273438
2026-08-07,313.05999755859375,274.4800109863281,257.96771240234375,355.7452087402344,86.53364562988281,499.0505065917969,771.3446044921875,111.58287048339844,152.055419921875
2026-08-10,308.260009765625,278.0899963378906,260.5251159667969,358.0039367675781,86.3547134399414,505.109130859375,771.1151733398438,112.39093780517578,158.76199340820312
2026-08-11,304.9100036621094,272.2699890136719,258.52496337890625,360.2427673339844,85.96702575683594,502.86334228515625,768.6513061523438,112.989501953125,158.7719268798828
2026-08-12,302.25,267.2799987792969,259.5797424316406,363.3671875,86.1956558227539,491.5047302246094,770.5764770507812,115.7329330444336,158.7222442626953
2026-08-13,305.260009765625,265.1300048828125,260.79376220703125,361.30743408203125,86.90144348144531,495.9463806152344,775.9531860351562,115.4436264038086,157.58958435058594
2026-08-14,305.92999267578125,262.6499938964844,259.072265625,361.0387878417969,87.18972778320312,494.4691467285156,774.4169921875,114.99469757080078,159.07000732421875
2026-08-17,305.5899963378906,261.30999755859375,261.0823669433594,359.1681213378906,86.46405792236328,479.44744873046875,770.7560424804688,114.05694580078125,161.4600067138672
2026-08-18,310.0299987792969,259.45001220703125,269.7794494628906,361.44677734375,88.29314422607422,480.72503662109375,765.5490112304688,114.92486572265625,165.55999755859375
2026-08-19,316.8299865722656,265.8399963378906,272.06817626953125,355.48651123046875,89.8140640258789,483.3999938964844,767.1549682617188,114.02702331542969,164.77000427246094
2026-08-20,311.29998779296875,260.1099853515625,266.0578308105469,349.8048400878906,89.96318054199219,481.1499938964844,760.7109985351562,103.59199523925781,166.14999389648438
2026-08-21,309.3500061035156,258.6300048828125,268.9137268066406,349.8346862792969,90.55961608886719,483.239990234375,763.8232421875,103.69999694824219,165.11000061035156
2026-08-24,310.3399963378906,262.07000732421875,271.70001220703125,354.6208190917969,91.4443359375,487.30999755859375,761.5787963867188,106.48999786376953,164.0500030517578
2026-08-25,309.8999938964844,261.05999755859375,273.1400146484375,354.9193420410156,91.0964126586914,491.7099914550781,764.0127563476562,105.37999725341797,160.63999938964844
2026-08-26,313.45001220703125,260.2799987792969,270.0,354.73028564453125,89.54566955566406,496.3699951171875,764.182373046875,104.33999633789062,158.19000244140625
2026-08-27,314.5799865722656,256.260009765625,265.7699890136719,352.4615783691406,88.5317153930664,505.05999755859375,769.18994140625,102.62999725341797,156.44000244140625
2026-08-28,319.70001220703125,266.42999267578125,268.0400085449219,355.8446960449219,89.12816619873047,513.530029296875,767.4442749023438,103.08999633789062,156.7100067138672
2026-08-31,316.8500061035156,259.7699890136719,265.8500061035156,354.2526550292969,88.14402770996094,507.2900085449219,765.1499633789062,104.87000274658203,160.9499969482422
2026-09-01,325.1300048828125,254.9199981689453,271.19000244140625,353.18798828125,87.4780044555664,501.0199890136719,759.89306640625,105.91999816894531,164.5500030517578
2026-09-02,324.9599914550781,254.97999572753906,275.2099914550781,354.45166015625,87.71658325195312,496.82000732421875,763.2646484375,106.08999633789062,164.14999389648438
2026-09-03,328.2099914550781,258.8999938964844,278.42999267578125,360.2626647949219,88.283203125,510.1199951171875,771.2548217773438,108.41999816894531,162.2100067138672
2026-09-04,319.9700012207031,258.510009765625,275.2300109863281,356.8596496582031,87.54759216308594,499.70001220703125,768.2822265625,107.13999938964844,159.47000122070312
2026-09-08,316.2200012207031,256.9700012207031,269.1199951171875,351.755126953125,87.83586883544922,493.95001220703125,764.0626831054688,106.05000305175781,160.66000366210938
2026-09-09,315.3399963378906,252.39999389648438,267.0799865722656,352.94915771484375,87.03067779541016,491.6499938964844,760.5115356445312,105.83000183105469,164.22999572753906
2026-09-10,326.57000732421875,251.88999938964844,266.3500061035156,351.80487060546875,87.30902099609375,492.44000244140625,755.9528198242188,105.7300033569336,165.22999572753906
2026-09-11,332.2699890136719,256.7799987792969,265.5799865722656,354.46160888671875,87.76628875732422,495.6300048828125,762.3967895507812,107.1500015258789,165.99000549316406
2026-09-14,333.0799865722656,253.5399932861328,266.32000732421875,348.39190673828125,88.81999969482422,505.4100036621094,758.9952392578125,109.08000183105469,165.0800018310547
2026-09-15,331.3399963378906,248.4199981689453,267.20001220703125,350.74017333984375,88.70999908447266,497.1199951171875,755.513916015625,108.08999633789062,169.32000732421875
2026-09-16,332.4100036621094,245.9600067138672,267.2799987792969,347.18792724609375,87.87000274658203,490.29998779296875,752.1821899414062,107.5,163.32000732421875
2026-09-17,337.0,251.19000244140625,270.2200012207031,347.5759582519531,88.05999755859375,497.75,760.7109985351562,106.79000091552734,163.27000427246094
2026-09-18,336.1300048828125,253.7100067138672,269.989990234375,347.9342041015625,88.25,493.7799987792969,761.6900024414062,106.7300033569336,163.5399932861328
2026-09-21,338.9800109863281,258.45001220703125,269.4700012207031,350.29241943359375,87.12000274658203,501.6099853515625,773.5,107.44000244140625,158.3000030517578
2026-09-22,339.75,254.97999572753906,269.19000244140625,338.31219482421875,88.61000061035156,498.0,773.3800048828125,110.12000274658203,158.7100067138672
2026-09-23,337.0199890136719,249.27000427246094,269.1700134277344,335.85443115234375,88.08999633789062,500.5899963378906,767.8099975585938,110.52999877929688,161.22999572753906
2026-09-24,335.9200134277344,249.3800048828125,270.67999267578125,336.87933349609375,88.0999984741211,497.92999267578125,767.1799926757812,107.58999633789062,162.13999938964844
2026-09-25,341.07000732421875,249.6699981689453,271.2200012207031,341.35699462890625,87.80999755859375,516.1699829101562,771.3499755859375,107.9800033569336,160.58999633789062
2026-09-28,338.3999938964844,246.14999389648438,271.95001220703125,334.9190979003906,87.18000030517578,509.2200012207031,765.6099853515625,108.7300033569336,162.52000427246094
2026-09-29,329.3999938964844,246.6699981689453,267.57000732421875,333.3171081542969,86.83999633789062,508.9599914550781,764.2000122070312,106.80000305175781,161.35000610351562
2026-09-30,333.0199890136719,249.14999389648438,264.739990234375,329.18768310546875,86.08000183105469,512.9000244140625,762.6300048828125,103.91999816894531,162.75
2026-10-01,330.32000732421875,248.22999572753906,258.6600036621094,331.5260314941406,86.0999984741211,512.7999877929688,763.989990234375,104.26000213623047,163.82000732421875
2026-10-02,333.69000244140625,251.52000427246094,256.0299987792969,330.7300109863281,85.6500015258789,517.530029296875,769.6400146484375,104.26000213623047,164.00999450683594
2026-10-05,332.8900146484375,251.39999389648438,252.92999267578125,330.7300109863281,86.51000213623047,525.1799926757812,774.8300170898438,105.06999969482422,164.0
2026-10-06,333.6300048828125,256.2900085449219,254.77999877929688,331.2799987792969,86.16999816894531,529.2999877929688,779.0900268554688,107.19999694824219,164.47999572753906
2026-10-07,336.6700134277344,259.9200134277344,258.45001220703125,329.5799865722656,85.81999969482422,529.760009765625,777.219970703125,108.16000366210938,164.0500030517578
2026-10-08,340.4200134277344,254.05999755859375,256.4800109863281,331.4200134277344,87.7699966430664,522.6099853515625,773.9299926757812,110.55999755859375,168.5
